"Date","Open","High","Low","Close","VWAP ‌VWAP‌ (y,y,y)","SDVWAP1+ ‌VWAP‌ (y,y,y)","SDVWAP1- ‌VWAP‌ (y,y,y)","SDVWAP2+ ‌VWAP‌ (y,y,y)","SDVWAP2- ‌VWAP‌ (y,y,y)","SDVWAP3+ ‌VWAP‌ (y,y,y)","SDVWAP3- ‌VWAP‌ (y,y,y)","Pivot ‌Pivot Points‌ (standard,n)","Resistance 1 ‌Pivot Points‌ (standard,n)","Support 1 ‌Pivot Points‌ (standard,n)","Resistance 2 ‌Pivot Points‌ (standard,n)","Support 2 ‌Pivot Points‌ (standard,n)","Resistance 3 ‌Pivot Points‌ (standard,n)","Support 3 ‌Pivot Points‌ (standard,n)","OI","Volume"
"Tue Jul 14 2026 15:29:00 GMT+0530 (India Standard Time)","90.45","93.00","89.90","93.00","111.94","130.92","92.96","149.90","73.98","168.88","55.00","181.82","263.78","122.03","323.57","40.07","465.32","-101.68","4265105.00","203775.00"
"Wed Jul 15 2026 09:15:00 GMT+0530 (India Standard Time)","100.00","112.30","96.05","112.30","106.88","106.88","106.88","106.88","106.88","106.88","106.88","113.58","141.17","65.42","189.33","37.83","265.08","-37.92","4282395.00","1529645.00"
"Wed Jul 15 2026 09:16:00 GMT+0530 (India Standard Time)","111.85","118.30","111.85","114.10","110.52","114.45","106.60","118.37","102.68","122.29","98.76","113.58","141.17","65.42","189.33","37.83","265.08","-37.92","4667195.00","1317810.00"
"Wed Jul 15 2026 09:17:00 GMT+0530 (India Standard Time)","113.80","125.00","113.80","124.00","113.86","119.70","108.03","125.53","102.19","131.37","96.36","113.58","141.17","65.42","189.33","37.83","265.08","-37.92","4869995.00","1344590.00"
"Wed Jul 15 2026 09:18:00 GMT+0530 (India Standard Time)","124.00","128.35","123.60","127.40","116.63","123.97","109.30","131.30","101.97","138.63","94.64","113.58","141.17","65.42","189.33","37.83","265.08","-37.92","4888065.00","1183650.00"
"Wed Jul 15 2026 09:19:00 GMT+0530 (India Standard Time)","127.40","132.00","125.60","131.95","118.77","127.06","110.48","135.35","102.19","143.64","93.90","113.58","141.17","65.42","189.33","37.83","265.08","-37.92","4988685.00","1036360.00"
"Wed Jul 15 2026 09:20:00 GMT+0530 (India Standard Time)","131.95","141.45","131.95","137.60","123.17","133.80","112.54","144.43","101.91","155.06","91.28","113.58","141.17","65.42","189.33","37.83","265.08","-37.92","4981340.00","2038920.00"
"Wed Jul 15 2026 09:21:00 GMT+0530 (India Standard Time)","137.60","142.00","136.00","141.25","125.29","136.66","113.92","148.02","102.56","159.39","91.19","113.58","141.17","65.42","189.33","37.83","265.08","-37.92","5145205.00","1239355.00"
"Wed Jul 15 2026 09:22:00 GMT+0530 (India Standard Time)","141.25","143.20","139.25","142.95","127.20","139.12","115.28","151.04","103.35","162.97","91.43","113.58","141.17","65.42","189.33","37.83","265.08","-37.92","5344235.00","1267110.00"
"Wed Jul 15 2026 09:23:00 GMT+0530 (India Standard Time)","142.95","148.00","141.10","147.90","129.46","142.16","116.75","154.86","104.05","167.56","91.35","113.58","141.17","65.42","189.33","37.83","265.08","-37.92","5558345.00","1525420.00"
"Wed Jul 15 2026 09:24:00 GMT+0530 (India Standard Time)","147.95","153.00","147.75","151.90","131.85","145.59","118.11","159.34","104.36","173.08","90.62","113.58","141.17","65.42","189.33","37.83","265.08","-37.92","5593575.00","1570205.00"
"Wed Jul 15 2026 09:25:00 GMT+0530 (India Standard Time)","151.90","158.00","150.65","158.00","134.56","149.53","119.58","164.50","104.61","179.47","89.64","113.58","141.17","65.42","189.33","37.83","265.08","-37.92","5677490.00","1811160.00"
"Wed Jul 15 2026 09:26:00 GMT+0530 (India Standard Time)","157.95","162.00","156.25","159.75","137.34","153.47","121.21","169.60","105.08","185.73","88.95","113.58","141.17","65.42","189.33","37.83","265.08","-37.92","5740930.00","2007850.00"
"Wed Jul 15 2026 09:27:00 GMT+0530 (India Standard Time)","159.75","161.20","157.65","160.65","138.46","154.93","122.00","171.40","105.53","187.87","89.06","113.58","141.17","65.42","189.33","37.83","265.08","-37.92","5935150.00","940940.00"
"Wed Jul 15 2026 09:28:00 GMT+0530 (India Standard Time)","160.05","165.00","156.05","156.05","140.03","156.78","123.29","173.52","106.55","190.27","89.80","113.58","141.17","65.42","189.33","37.83","265.08","-37.92","6045650.00","1555190.00"
"Wed Jul 15 2026 09:29:00 GMT+0530 (India Standard Time)","156.05","157.05","151.95","154.25","141.07","157.62","124.52","174.18","107.97","190.73","91.41","113.58","141.17","65.42","189.33","37.83","265.08","-37.92","6236230.00","1582100.00"
"Wed Jul 15 2026 09:30:00 GMT+0530 (India Standard Time)","154.25","163.00","154.25","161.45","142.32","158.97","125.68","175.61","109.04","192.26","92.39","113.58","141.17","65.42","189.33","37.83","265.08","-37.92","6468605.00","1595945.00"
"Wed Jul 15 2026 09:31:00 GMT+0530 (India Standard Time)","161.45","164.50","158.35","159.60","143.35","160.07","126.63","176.79","109.91","193.51","93.19","113.58","141.17","65.42","189.33","37.83","265.08","-37.92","6596070.00","1380080.00"
"Wed Jul 15 2026 09:32:00 GMT+0530 (India Standard Time)","159.60","160.85","156.10","158.00","143.87","160.52","127.21","177.18","110.56","193.83","93.91","113.58","141.17","65.42","189.33","37.83","265.08","-37.92","6732115.00","896740.00"
"Wed Jul 15 2026 09:33:00 GMT+0530 (India Standard Time)","158.00","161.50","157.00","160.15","144.30","160.93","127.68","177.55","111.06","194.17","94.44","113.58","141.17","65.42","189.33","37.83","265.08","-37.92","6914245.00","735735.00"
"Wed Jul 15 2026 09:34:00 GMT+0530 (India Standard Time)","160.15","161.75","155.55","158.15","144.64","161.20","128.07","177.77","111.51","194.34","94.94","113.58","141.17","65.42","189.33","37.83","265.08","-37.92","6983015.00","645905.00"
"Wed Jul 15 2026 09:35:00 GMT+0530 (India Standard Time)","158.15","159.00","154.50","156.40","144.94","161.40","128.47","177.87","112.01","194.33","95.54","113.58","141.17","65.42","189.33","37.83","265.08","-37.92","7056270.00","688545.00"
"Wed Jul 15 2026 09:36:00 GMT+0530 (India Standard Time)","156.40","160.30","155.45","159.25","145.18","161.59","128.76","178.00","112.35","194.42","95.94","113.58","141.17","65.42","189.33","37.83","265.08","-37.92","7153250.00","511550.00"
"Wed Jul 15 2026 09:37:00 GMT+0530 (India Standard Time)","159.25","159.80","156.35","157.50","145.36","161.72","128.99","178.09","112.62","194.45","96.26","113.58","141.17","65.42","189.33","37.83","265.08","-37.92","7193875.00","404495.00"
"Wed Jul 15 2026 09:38:00 GMT+0530 (India Standard Time)","157.50","158.90","156.20","157.45","145.47","161.80","129.14","178.13","112.81","194.46","96.47","113.58","141.17","65.42","189.33","37.83","265.08","-37.92","7264920.00","269815.00"
"Wed Jul 15 2026 09:39:00 GMT+0530 (India Standard Time)","157.45","157.60","152.50","154.80","145.67","161.88","129.45","178.10","113.24","194.32","97.02","113.58","141.17","65.42","189.33","37.83","265.08","-37.92","7332260.00","629915.00"
"Wed Jul 15 2026 09:40:00 GMT+0530 (India Standard Time)","154.80","156.10","152.75","154.05","145.80","161.93","129.68","178.05","113.55","194.18","97.43","113.58","141.17","65.42","189.33","37.83","265.08","-37.92","7350525.00","461435.00"
"Wed Jul 15 2026 09:41:00 GMT+0530 (India Standard Time)","154.05","156.75","153.05","153.80","145.91","161.97","129.86","178.02","113.81","194.07","97.76","113.58","141.17","65.42","189.33","37.83","265.08","-37.92","7447440.00","389480.00"
"Wed Jul 15 2026 09:42:00 GMT+0530 (India Standard Time)","153.80","153.80","151.15","151.75","146.03","161.96","130.10","177.89","114.16","193.82","98.23","113.58","141.17","65.42","189.33","37.83","265.08","-37.92","7552545.00","555165.00"
"Wed Jul 15 2026 09:43:00 GMT+0530 (India Standard Time)","152.00","153.30","149.15","151.65","146.16","161.91","130.41","177.66","114.65","193.42","98.90","113.58","141.17","65.42","189.33","37.83","265.08","-37.92","7610785.00","795730.00"
"Wed Jul 15 2026 09:44:00 GMT+0530 (India Standard Time)","151.60","153.05","150.30","152.30","146.22","161.90","130.55","177.57","114.88","193.25","99.20","113.58","141.17","65.42","189.33","37.83","265.08","-37.92","7615530.00","370435.00"
"Wed Jul 15 2026 09:45:00 GMT+0530 (India Standard Time)","152.85","158.75","152.85","158.65","146.58","162.11","131.06","177.63","115.54","193.15","100.02","113.58","141.17","65.42","189.33","37.83","265.08","-37.92","7746960.00","1143545.00"
"Wed Jul 15 2026 09:46:00 GMT+0530 (India Standard Time)","158.65","158.75","154.65","154.65","146.79","162.20","131.38","177.62","115.97","193.03","100.56","113.58","141.17","65.42","189.33","37.83","265.08","-37.92","7884760.00","754260.00"
"Wed Jul 15 2026 09:47:00 GMT+0530 (India Standard Time)","154.65","156.70","154.15","155.15","146.90","162.24","131.55","177.59","116.21","192.94","100.86","113.58","141.17","65.42","189.33","37.83","265.08","-37.92","8013070.00","425295.00"
"Wed Jul 15 2026 09:48:00 GMT+0530 (India Standard Time)","155.15","158.80","154.80","155.75","147.04","162.32","131.77","177.59","116.50","192.86","101.22","113.58","141.17","65.42","189.33","37.83","265.08","-37.92","8075405.00","532740.00"
"Wed Jul 15 2026 09:49:00 GMT+0530 (India Standard Time)","155.75","156.15","150.80","151.35","147.14","162.30","131.98","177.46","116.82","192.62","101.66","113.58","141.17","65.42","189.33","37.83","265.08","-37.92","8093215.00","616265.00"
"Wed Jul 15 2026 09:50:00 GMT+0530 (India Standard Time)","151.35","154.40","151.15","153.45","147.21","162.29","132.13","177.37","117.05","192.45","101.97","113.58","141.17","65.42","189.33","37.83","265.08","-37.92","8093085.00","442325.00"
"Wed Jul 15 2026 09:51:00 GMT+0530 (India Standard Time)","153.45","157.60","153.00","157.50","147.33","162.34","132.32","177.36","117.30","192.37","102.29","113.58","141.17","65.42","189.33","37.83","265.08","-37.92","8194810.00","492505.00"
"Wed Jul 15 2026 09:52:00 GMT+0530 (India Standard Time)","157.50","159.00","153.45","153.45","147.45","162.38","132.52","177.31","117.59","192.24","102.66","113.58","141.17","65.42","189.33","37.83","265.08","-37.92","8204820.00","573495.00"
"Wed Jul 15 2026 09:53:00 GMT+0530 (India Standard Time)","153.45","155.25","152.50","154.85","147.51","162.39","132.63","177.27","117.75","192.15","102.87","113.58","141.17","65.42","189.33","37.83","265.08","-37.92","8273915.00","313625.00"
"Wed Jul 15 2026 09:54:00 GMT+0530 (India Standard Time)","154.85","157.95","154.00","156.55","147.59","162.42","132.75","177.26","117.91","192.10","103.08","113.58","141.17","65.42","189.33","37.83","265.08","-37.92","8350615.00","335075.00"
"Wed Jul 15 2026 09:55:00 GMT+0530 (India Standard Time)","156.55","159.70","155.60","158.35","147.75","162.52","132.97","177.30","118.20","192.07","103.42","113.58","141.17","65.42","189.33","37.83","265.08","-37.92","8348860.00","601835.00"
"Wed Jul 15 2026 09:56:00 GMT+0530 (India Standard Time)","158.35","159.30","152.45","152.75","147.86","162.54","133.17","177.23","118.48","191.92","103.79","113.58","141.17","65.42","189.33","37.83","265.08","-37.92","8292050.00","597740.00"
"Wed Jul 15 2026 09:57:00 GMT+0530 (India Standard Time)","152.75","153.00","147.95","149.15","147.91","162.43","133.38","176.95","118.86","191.48","104.33","113.58","141.17","65.42","189.33","37.83","265.08","-37.92","8302320.00","903045.00"
"Wed Jul 15 2026 09:58:00 GMT+0530 (India Standard Time)","149.15","151.15","148.15","150.45","147.93","162.36","133.51","176.78","119.09","191.20","104.67","113.58","141.17","65.42","189.33","37.83","265.08","-37.92","8264360.00","577005.00"
"Wed Jul 15 2026 09:59:00 GMT+0530 (India Standard Time)","150.45","150.90","144.40","145.30","147.91","162.18","133.64","176.45","119.37","190.72","105.10","113.58","141.17","65.42","189.33","37.83","265.08","-37.92","8381880.00","878865.00"
"Wed Jul 15 2026 10:00:00 GMT+0530 (India Standard Time)","145.30","146.10","142.00","143.45","147.84","161.99","133.69","176.14","119.54","190.29","105.39","113.58","141.17","65.42","189.33","37.83","265.08","-37.92","8382140.00","769860.00"
"Wed Jul 15 2026 10:01:00 GMT+0530 (India Standard Time)","143.45","145.45","139.30","141.30","147.72","161.76","133.69","175.79","119.66","189.82","105.62","113.58","141.17","65.42","189.33","37.83","265.08","-37.92","8473465.00","843245.00"
"Wed Jul 15 2026 10:02:00 GMT+0530 (India Standard Time)","141.30","145.60","140.60","145.20","147.67","161.63","133.72","175.58","119.77","189.53","105.82","113.58","141.17","65.42","189.33","37.83","265.08","-37.92","8505315.00","550745.00"
"Wed Jul 15 2026 10:03:00 GMT+0530 (India Standard Time)","145.20","149.10","145.15","149.10","147.68","161.46","133.89","175.25","120.10","189.04","106.31","113.58","141.17","65.42","189.33","37.83","265.08","-37.92","8631935.00","1037530.00"
"Wed Jul 15 2026 10:04:00 GMT+0530 (India Standard Time)","149.10","150.50","144.90","145.00","147.66","161.29","134.02","174.92","120.39","188.55","106.76","113.58","141.17","65.42","189.33","37.83","265.08","-37.92","8732425.00","1035970.00"
"Wed Jul 15 2026 10:05:00 GMT+0530 (India Standard Time)","145.00","147.25","145.00","145.90","147.64","161.22","134.07","174.80","120.49","188.37","106.91","113.58","141.17","65.42","189.33","37.83","265.08","-37.92","8714420.00","379275.00"
"Wed Jul 15 2026 10:06:00 GMT+0530 (India Standard Time)","145.90","149.00","145.50","146.40","147.64","161.16","134.12","174.68","120.60","188.19","107.08","113.58","141.17","65.42","189.33","37.83","265.08","-37.92","8778120.00","396500.00"
"Wed Jul 15 2026 10:07:00 GMT+0530 (India Standard Time)","146.40","150.85","146.40","148.90","147.65","161.09","134.21","174.52","120.78","187.96","107.34","113.58","141.17","65.42","189.33","37.83","265.08","-37.92","8821670.00","576550.00"
"Wed Jul 15 2026 10:08:00 GMT+0530 (India Standard Time)","149.00","153.30","148.70","151.70","147.72","161.04","134.39","174.36","121.07","187.69","107.75","113.58","141.17","65.42","189.33","37.83","265.08","-37.92","8899345.00","863590.00"
"Wed Jul 15 2026 10:09:00 GMT+0530 (India Standard Time)","151.70","153.25","149.25","150.30","147.75","161.00","134.51","174.25","121.26","187.49","108.01","113.58","141.17","65.42","189.33","37.83","265.08","-37.92","8896940.00","591110.00"
"Wed Jul 15 2026 10:10:00 GMT+0530 (India Standard Time)","150.30","151.50","148.40","148.40","147.77","160.97","134.57","174.17","121.37","187.36","108.17","113.58","141.17","65.42","189.33","37.83","265.08","-37.92","8942700.00","354055.00"
"Wed Jul 15 2026 10:11:00 GMT+0530 (India Standard Time)","148.70","150.30","146.55","148.55","147.77","160.91","134.64","174.04","121.50","187.18","108.37","113.58","141.17","65.42","189.33","37.83","265.08","-37.92","9009390.00","476905.00"
"Wed Jul 15 2026 10:12:00 GMT+0530 (India Standard Time)","148.75","154.20","148.75","151.50","147.82","160.88","134.77","173.93","121.72","186.98","108.66","113.58","141.17","65.42","189.33","37.83","265.08","-37.92","9039615.00","677885.00"
"Wed Jul 15 2026 10:13:00 GMT+0530 (India Standard Time)","151.25","151.85","149.20","151.85","147.84","160.86","134.83","173.87","121.81","186.89","108.80","113.58","141.17","65.42","189.33","37.83","265.08","-37.92","9058725.00","311740.00"
"Wed Jul 15 2026 10:14:00 GMT+0530 (India Standard Time)","151.70","154.95","151.10","154.50","147.91","160.86","134.95","173.82","121.99","186.78","109.03","113.58","141.17","65.42","189.33","37.83","265.08","-37.92","9095450.00","558740.00"
"Wed Jul 15 2026 10:15:00 GMT+0530 (India Standard Time)","154.50","156.35","153.70","154.30","148.03","160.90","135.16","173.77","122.30","186.64","109.43","113.58","141.17","65.42","189.33","37.83","265.08","-37.92","9050535.00","969085.00"
"Wed Jul 15 2026 10:16:00 GMT+0530 (India Standard Time)","154.30","157.70","152.55","157.10","148.14","160.95","135.33","173.76","122.52","186.58","109.71","113.58","141.17","65.42","189.33","37.83","265.08","-37.92","9048455.00","728260.00"
"Wed Jul 15 2026 10:17:00 GMT+0530 (India Standard Time)","157.10","162.00","157.05","160.50","148.52","161.29","135.75","174.06","122.97","186.84","110.20","113.58","141.17","65.42","189.33","37.83","265.08","-37.92","8915790.00","1753765.00"
"Wed Jul 15 2026 10:18:00 GMT+0530 (India Standard Time)","160.50","161.05","158.00","160.85","148.72","161.46","135.97","174.21","123.22","186.96","110.47","113.58","141.17","65.42","189.33","37.83","265.08","-37.92","8827325.00","949975.00"
"Wed Jul 15 2026 10:19:00 GMT+0530 (India Standard Time)","160.85","163.00","158.25","159.20","148.93","161.65","136.20","174.37","123.48","187.10","110.75","113.58","141.17","65.42","189.33","37.83","265.08","-37.92","8707010.00","1039805.00"
"Wed Jul 15 2026 10:20:00 GMT+0530 (India Standard Time)","158.75","160.00","157.40","159.50","149.02","161.73","136.32","174.43","123.62","187.13","110.92","113.58","141.17","65.42","189.33","37.83","265.08","-37.92","8679255.00","555555.00"
"Wed Jul 15 2026 10:21:00 GMT+0530 (India Standard Time)","159.50","159.50","155.60","155.60","149.09","161.76","136.42","174.43","123.76","187.09","111.09","113.58","141.17","65.42","189.33","37.83","265.08","-37.92","8669375.00","487955.00"
"Wed Jul 15 2026 10:22:00 GMT+0530 (India Standard Time)","155.60","160.00","155.60","158.60","149.16","161.81","136.52","174.45","123.88","187.09","111.24","113.58","141.17","65.42","189.33","37.83","265.08","-37.92","8656310.00","469495.00"
"Wed Jul 15 2026 10:23:00 GMT+0530 (India Standard Time)","158.60","160.45","158.05","159.25","149.23","161.86","136.61","174.48","123.98","187.11","111.35","113.58","141.17","65.42","189.33","37.83","265.08","-37.92","8750755.00","382785.00"
"Wed Jul 15 2026 10:24:00 GMT+0530 (India Standard Time)","159.25","161.30","158.25","158.25","149.30","161.91","136.69","174.52","124.09","187.13","111.48","113.58","141.17","65.42","189.33","37.83","265.08","-37.92","8768435.00","421590.00"
"Wed Jul 15 2026 10:25:00 GMT+0530 (India Standard Time)","158.25","159.75","157.00","158.35","149.36","161.95","136.76","174.54","124.17","187.13","111.58","113.58","141.17","65.42","189.33","37.83","265.08","-37.92","8752575.00","342615.00"
"Wed Jul 15 2026 10:26:00 GMT+0530 (India Standard Time)","158.35","160.40","158.35","158.50","149.39","161.97","136.81","174.56","124.23","187.14","111.65","113.58","141.17","65.42","189.33","37.83","265.08","-37.92","8786375.00","232830.00"
"Wed Jul 15 2026 10:27:00 GMT+0530 (India Standard Time)","158.50","158.80","155.75","156.60","149.44","162.00","136.89","174.55","124.33","187.11","111.78","113.58","141.17","65.42","189.33","37.83","265.08","-37.92","8786765.00","390260.00"
"Wed Jul 15 2026 10:28:00 GMT+0530 (India Standard Time)","156.60","156.75","153.80","155.35","149.50","162.01","136.98","174.52","124.47","187.03","111.96","113.58","141.17","65.42","189.33","37.83","265.08","-37.92","8710650.00","525915.00"
"Wed Jul 15 2026 10:29:00 GMT+0530 (India Standard Time)","155.35","156.70","153.95","154.60","149.52","162.01","137.03","174.50","124.53","186.99","112.04","113.58","141.17","65.42","189.33","37.83","265.08","-37.92","8710715.00","243360.00"
"Wed Jul 15 2026 10:30:00 GMT+0530 (India Standard Time)","154.60","158.85","154.60","155.35","149.56","162.02","137.09","174.49","124.63","186.95","112.16","113.58","141.17","65.42","189.33","37.83","265.08","-37.92","8757515.00","354965.00"
"Wed Jul 15 2026 10:31:00 GMT+0530 (India Standard Time)","155.35","157.20","151.20","153.90","149.60","162.01","137.19","174.43","124.77","186.84","112.36","113.58","141.17","65.42","189.33","37.83","265.08","-37.92","8823295.00","589420.00"
"Wed Jul 15 2026 10:32:00 GMT+0530 (India Standard Time)","153.90","154.30","150.80","153.75","149.62","162.00","137.23","174.39","124.85","186.77","112.46","113.58","141.17","65.42","189.33","37.83","265.08","-37.92","8755890.00","295360.00"
"Wed Jul 15 2026 10:33:00 GMT+0530 (India Standard Time)","153.75","154.10","151.30","152.45","149.63","161.99","137.26","174.36","124.90","186.72","112.53","113.58","141.17","65.42","189.33","37.83","265.08","-37.92","8795280.00","215670.00"
"Wed Jul 15 2026 10:34:00 GMT+0530 (India Standard Time)","152.45","153.80","151.00","151.95","149.64","161.98","137.29","174.33","124.95","186.67","112.60","113.58","141.17","65.42","189.33","37.83","265.08","-37.92","8850660.00","220285.00"
"Wed Jul 15 2026 10:35:00 GMT+0530 (India Standard Time)","151.95","152.45","150.50","151.80","149.65","161.96","137.33","174.28","125.01","186.60","112.69","113.58","141.17","65.42","189.33","37.83","265.08","-37.92","8876790.00","286390.00"
"Wed Jul 15 2026 10:36:00 GMT+0530 (India Standard Time)","151.80","152.45","148.45","149.15","149.65","161.91","137.39","174.17","125.12","186.44","112.86","113.58","141.17","65.42","189.33","37.83","265.08","-37.92","8938410.00","558415.00"
"Wed Jul 15 2026 10:37:00 GMT+0530 (India Standard Time)","149.15","149.25","147.10","148.70","149.64","161.86","137.42","174.08","125.20","186.31","112.97","113.58","141.17","65.42","189.33","37.83","265.08","-37.92","8917675.00","416455.00"
"Wed Jul 15 2026 10:38:00 GMT+0530 (India Standard Time)","148.70","149.20","146.05","148.50","149.63","161.81","137.45","174.00","125.26","186.18","113.08","113.58","141.17","65.42","189.33","37.83","265.08","-37.92","8933145.00","402415.00"
"Wed Jul 15 2026 10:39:00 GMT+0530 (India Standard Time)","148.25","150.70","147.95","150.00","149.63","161.77","137.49","173.92","125.34","186.06","113.20","113.58","141.17","65.42","189.33","37.83","265.08","-37.92","8946925.00","431340.00"
"Wed Jul 15 2026 10:40:00 GMT+0530 (India Standard Time)","149.70","150.75","149.35","150.00","149.63","161.75","137.52","173.86","125.40","185.97","113.29","113.58","141.17","65.42","189.33","37.83","265.08","-37.92","9041825.00","304330.00"
"Wed Jul 15 2026 10:41:00 GMT+0530 (India Standard Time)","150.00","152.40","149.70","151.85","149.64","161.71","137.57","173.79","125.50","185.86","113.43","113.58","141.17","65.42","189.33","37.83","265.08","-37.92","9145045.00","475150.00"
"Wed Jul 15 2026 10:42:00 GMT+0530 (India Standard Time)","151.80","155.80","151.80","155.00","149.70","161.71","137.69","173.71","125.69","185.72","113.68","113.58","141.17","65.42","189.33","37.83","265.08","-37.92","9150830.00","825825.00"
"Wed Jul 15 2026 10:43:00 GMT+0530 (India Standard Time)","155.00","156.05","152.50","153.10","149.74","161.70","137.79","173.65","125.83","185.60","113.88","113.58","141.17","65.42","189.33","37.83","265.08","-37.92","9182940.00","643435.00"
"Wed Jul 15 2026 10:44:00 GMT+0530 (India Standard Time)","153.10","154.90","152.10","153.55","149.76","161.69","137.83","173.62","125.90","185.55","113.97","113.58","141.17","65.42","189.33","37.83","265.08","-37.92","9238385.00","298740.00"
"Wed Jul 15 2026 10:45:00 GMT+0530 (India Standard Time)","153.55","156.00","153.55","155.30","149.79","161.69","137.89","173.59","125.99","185.49","114.08","113.58","141.17","65.42","189.33","37.83","265.08","-37.92","9252295.00","398190.00"
"Wed Jul 15 2026 10:46:00 GMT+0530 (India Standard Time)","155.30","157.40","153.35","153.80","149.82","161.69","137.95","173.56","126.08","185.43","114.21","113.58","141.17","65.42","189.33","37.83","265.08","-37.92","9252230.00","424970.00"
"Wed Jul 15 2026 10:47:00 GMT+0530 (India Standard Time)","153.80","154.30","152.60","153.60","149.83","161.69","137.98","173.54","126.13","185.39","114.28","113.58","141.17","65.42","189.33","37.83","265.08","-37.92","9251905.00","234780.00"
"Wed Jul 15 2026 10:48:00 GMT+0530 (India Standard Time)","153.60","153.75","150.60","151.20","149.84","161.67","138.01","173.50","126.19","185.32","114.36","113.58","141.17","65.42","189.33","37.83","265.08","-37.92","9252490.00","290615.00"
"Wed Jul 15 2026 10:49:00 GMT+0530 (India Standard Time)","151.25","154.80","151.20","152.20","149.85","161.66","138.04","173.47","126.23","185.28","114.42","113.58","141.17","65.42","189.33","37.83","265.08","-37.92","9233185.00","225615.00"
"Wed Jul 15 2026 10:50:00 GMT+0530 (India Standard Time)","152.20","152.45","149.70","150.35","149.86","161.64","138.08","173.42","126.30","185.20","114.52","113.58","141.17","65.42","189.33","37.83","265.08","-37.92","9308325.00","341185.00"
"Wed Jul 15 2026 10:51:00 GMT+0530 (India Standard Time)","150.35","150.95","146.60","147.40","149.85","161.58","138.11","173.32","126.37","185.06","114.63","113.58","141.17","65.42","189.33","37.83","265.08","-37.92","9364550.00","489840.00"
"Wed Jul 15 2026 10:52:00 GMT+0530 (India Standard Time)","147.40","150.25","145.60","150.20","149.84","161.54","138.14","173.23","126.44","184.93","114.74","113.58","141.17","65.42","189.33","37.83","265.08","-37.92","9323015.00","483925.00"
"Wed Jul 15 2026 10:53:00 GMT+0530 (India Standard Time)","150.20","153.75","149.80","152.30","149.85","161.51","138.20","173.17","126.54","184.82","114.88","113.58","141.17","65.42","189.33","37.83","265.08","-37.92","9347195.00","508105.00"
"Wed Jul 15 2026 10:54:00 GMT+0530 (India Standard Time)","152.30","152.80","150.00","150.20","149.86","161.49","138.22","173.13","126.58","184.77","114.95","113.58","141.17","65.42","189.33","37.83","265.08","-37.92","9382425.00","255905.00"
"Wed Jul 15 2026 10:55:00 GMT+0530 (India Standard Time)","150.20","151.25","146.40","147.40","149.84","161.42","138.26","173.00","126.68","184.58","115.10","113.58","141.17","65.42","189.33","37.83","265.08","-37.92","9488960.00","689975.00"
"Wed Jul 15 2026 10:56:00 GMT+0530 (India Standard Time)","147.40","149.95","145.60","148.50","149.83","161.38","138.28","172.93","126.73","184.48","115.18","113.58","141.17","65.42","189.33","37.83","265.08","-37.92","9562865.00","392145.00"
"Wed Jul 15 2026 10:57:00 GMT+0530 (India Standard Time)","148.50","148.85","145.00","145.20","149.80","161.30","138.30","172.80","126.80","184.30","115.30","113.58","141.17","65.42","189.33","37.83","265.08","-37.92","9714185.00","668330.00"
"Wed Jul 15 2026 10:58:00 GMT+0530 (India Standard Time)","145.20","146.40","144.15","144.15","149.77","161.24","138.30","172.72","126.82","184.19","115.35","113.58","141.17","65.42","189.33","37.83","265.08","-37.92","9766380.00","421655.00"
"Wed Jul 15 2026 10:59:00 GMT+0530 (India Standard Time)","144.15","144.80","140.80","140.80","149.71","161.15","138.26","172.60","126.81","184.04","115.37","113.58","141.17","65.42","189.33","37.83","265.08","-37.92","9809215.00","620620.00"
"Wed Jul 15 2026 11:00:00 GMT+0530 (India Standard Time)","140.80","143.80","139.60","141.90","149.61","161.02","138.20","172.43","126.79","183.84","115.38","113.58","141.17","65.42","189.33","37.83","265.08","-37.92","9782045.00","873015.00"
"Wed Jul 15 2026 11:01:00 GMT+0530 (India Standard Time)","141.90","145.70","141.90","144.80","149.57","160.94","138.19","172.31","126.82","183.68","115.45","113.58","141.17","65.42","189.33","37.83","265.08","-37.92","9906715.00","647335.00"
"Wed Jul 15 2026 11:02:00 GMT+0530 (India Standard Time)","144.80","145.00","142.70","143.85","149.54","160.89","138.19","172.24","126.83","183.59","115.48","113.58","141.17","65.42","189.33","37.83","265.08","-37.92","9995960.00","372450.00"
"Wed Jul 15 2026 11:03:00 GMT+0530 (India Standard Time)","143.85","143.85","140.25","141.25","149.50","160.84","138.16","172.18","126.83","183.51","115.49","113.58","141.17","65.42","189.33","37.83","265.08","-37.92","9994140.00","340015.00"
"Wed Jul 15 2026 11:04:00 GMT+0530 (India Standard Time)","141.25","145.40","141.25","144.30","149.47","160.79","138.16","172.10","126.84","183.42","115.52","113.58","141.17","65.42","189.33","37.83","265.08","-37.92","10000835.00","402025.00"
"Wed Jul 15 2026 11:05:00 GMT+0530 (India Standard Time)","144.30","145.80","143.10","143.45","149.45","160.74","138.15","172.04","126.86","183.33","115.56","113.58","141.17","65.42","189.33","37.83","265.08","-37.92","10095605.00","351455.00"
"Wed Jul 15 2026 11:06:00 GMT+0530 (India Standard Time)","143.45","144.00","142.35","142.70","149.43","160.72","138.14","172.00","126.86","183.29","115.57","113.58","141.17","65.42","189.33","37.83","265.08","-37.92","10125245.00","188175.00"
"Wed Jul 15 2026 11:07:00 GMT+0530 (India Standard Time)","142.70","146.65","142.40","145.70","149.41","160.68","138.15","171.94","126.88","183.21","115.61","113.58","141.17","65.42","189.33","37.83","265.08","-37.92","10113090.00","322075.00"
"Wed Jul 15 2026 11:08:00 GMT+0530 (India Standard Time)","145.95","146.60","145.00","145.95","149.40","160.64","138.15","171.89","126.91","183.14","115.66","113.58","141.17","65.42","189.33","37.83","265.08","-37.92","10092810.00","291200.00"
"Wed Jul 15 2026 11:09:00 GMT+0530 (India Standard Time)","146.00","148.50","145.75","148.10","149.39","160.61","138.17","171.83","126.95","183.04","115.73","113.58","141.17","65.42","189.33","37.83","265.08","-37.92","10095410.00","393380.00"
"Wed Jul 15 2026 11:10:00 GMT+0530 (India Standard Time)","148.35","150.00","147.35","147.40","149.38","160.55","138.21","171.72","127.04","182.89","115.87","113.58","141.17","65.42","189.33","37.83","265.08","-37.92","10078315.00","668200.00"
"Wed Jul 15 2026 11:11:00 GMT+0530 (India Standard Time)","148.10","148.10","143.15","144.35","149.35","160.49","138.21","171.63","127.07","182.77","115.93","113.58","141.17","65.42","189.33","37.83","265.08","-37.92","10092095.00","494065.00"
"Wed Jul 15 2026 11:12:00 GMT+0530 (India Standard Time)","144.35","144.35","139.10","139.10","149.27","160.39","138.15","171.51","127.04","182.63","115.92","113.58","141.17","65.42","189.33","37.83","265.08","-37.92","10100935.00","746005.00"
"Wed Jul 15 2026 11:13:00 GMT+0530 (India Standard Time)","139.10","140.00","135.45","137.20","149.12","160.25","138.00","171.37","126.87","182.50","115.75","113.58","141.17","65.42","189.33","37.83","265.08","-37.92","10135580.00","1030510.00"
"Wed Jul 15 2026 11:14:00 GMT+0530 (India Standard Time)","137.20","137.20","133.25","136.10","148.99","160.14","137.84","171.29","126.69","182.44","115.54","113.58","141.17","65.42","189.33","37.83","265.08","-37.92","10110295.00","787410.00"
"Wed Jul 15 2026 11:15:00 GMT+0530 (India Standard Time)","136.10","137.90","135.00","137.05","148.90","160.06","137.74","171.22","126.59","182.38","115.43","113.58","141.17","65.42","189.33","37.83","265.08","-37.92","10195250.00","561600.00"
"Wed Jul 15 2026 11:16:00 GMT+0530 (India Standard Time)","137.05","137.90","133.30","137.00","148.81","159.98","137.63","171.15","126.46","182.33","115.29","113.58","141.17","65.42","189.33","37.83","265.08","-37.92","10310495.00","623675.00"
"Wed Jul 15 2026 11:17:00 GMT+0530 (India Standard Time)","137.00","139.85","137.00","138.25","148.73","159.89","137.56","171.06","126.39","182.23","115.22","113.58","141.17","65.42","189.33","37.83","265.08","-37.92","10355670.00","650260.00"
"Wed Jul 15 2026 11:18:00 GMT+0530 (India Standard Time)","138.25","142.35","137.60","142.35","148.67","159.82","137.52","170.96","126.37","182.11","115.23","113.58","141.17","65.42","189.33","37.83","265.08","-37.92","10358725.00","593840.00"
"Wed Jul 15 2026 11:19:00 GMT+0530 (India Standard Time)","142.35","144.30","140.10","141.30","148.60","159.71","137.49","170.83","126.38","181.94","115.26","113.58","141.17","65.42","189.33","37.83","265.08","-37.92","10239580.00","836225.00"
"Wed Jul 15 2026 11:20:00 GMT+0530 (India Standard Time)","141.30","141.30","137.40","137.70","148.55","159.65","137.44","170.76","126.34","181.86","115.23","113.58","141.17","65.42","189.33","37.83","265.08","-37.92","10221900.00","461695.00"
"Wed Jul 15 2026 11:21:00 GMT+0530 (India Standard Time)","137.70","140.30","136.15","138.85","148.50","159.60","137.40","170.70","126.30","181.80","115.20","113.58","141.17","65.42","189.33","37.83","265.08","-37.92","10240880.00","388505.00"
"Wed Jul 15 2026 11:22:00 GMT+0530 (India Standard Time)","138.85","139.45","134.45","137.25","148.44","159.54","137.34","170.65","126.24","181.75","115.13","113.58","141.17","65.42","189.33","37.83","265.08","-37.92","10273055.00","450125.00"
"Wed Jul 15 2026 11:23:00 GMT+0530 (India Standard Time)","137.25","137.70","135.35","136.50","148.42","159.53","137.32","170.63","126.21","181.73","115.11","113.58","141.17","65.42","189.33","37.83","265.08","-37.92","10306465.00","140530.00"
"Wed Jul 15 2026 11:24:00 GMT+0530 (India Standard Time)","136.35","138.80","136.35","138.55","148.41","159.52","137.31","170.62","126.21","181.72","115.10","113.58","141.17","65.42","189.33","37.83","265.08","-37.92","10328370.00","81055.00"
"Wed Jul 15 2026 11:25:00 GMT+0530 (India Standard Time)","139.45","142.65","139.45","141.90","148.40","159.50","137.30","170.60","126.20","181.70","115.11","113.58","141.17","65.42","189.33","37.83","265.08","-37.92","10337405.00","120770.00"
"Wed Jul 15 2026 11:26:00 GMT+0530 (India Standard Time)","141.15","144.10","141.15","141.85","148.38","159.46","137.30","170.55","126.21","181.63","115.13","113.58","141.17","65.42","189.33","37.83","265.08","-37.92","10328890.00","325260.00"
"Wed Jul 15 2026 11:27:00 GMT+0530 (India Standard Time)","142.45","143.65","140.40","141.10","148.36","159.43","137.29","170.51","126.21","181.58","115.14","113.58","141.17","65.42","189.33","37.83","265.08","-37.92","10349495.00","260065.00"
"Wed Jul 15 2026 11:28:00 GMT+0530 (India Standard Time)","140.80","149.00","140.80","148.35","148.34","159.38","137.31","170.42","126.27","181.46","115.23","113.58","141.17","65.42","189.33","37.83","265.08","-37.92","10319790.00","574925.00"
"Wed Jul 15 2026 11:29:00 GMT+0530 (India Standard Time)","148.35","152.00","148.00","150.25","148.37","159.33","137.41","170.29","126.45","181.25","115.49","113.58","141.17","65.42","189.33","37.83","265.08","-37.92","10219820.00","1283295.00"
"Wed Jul 15 2026 11:30:00 GMT+0530 (India Standard Time)","150.25","151.50","147.30","149.00","148.38","159.29","137.46","170.21","126.54","181.13","115.62","113.58","141.17","65.42","189.33","37.83","265.08","-37.92","10194340.00","690950.00"
"Wed Jul 15 2026 11:31:00 GMT+0530 (India Standard Time)","149.00","149.75","147.75","148.65","148.38","159.28","137.48","170.17","126.58","181.07","115.69","113.58","141.17","65.42","189.33","37.83","265.08","-37.92","10199215.00","333905.00"
"Wed Jul 15 2026 11:32:00 GMT+0530 (India Standard Time)","148.65","153.20","147.90","152.65","148.40","159.26","137.55","170.11","126.69","180.97","115.84","113.58","141.17","65.42","189.33","37.83","265.08","-37.92","10224500.00","759460.00"
"Wed Jul 15 2026 11:33:00 GMT+0530 (India Standard Time)","152.65","155.75","152.50","152.50","148.47","159.27","137.67","170.07","126.87","180.87","116.07","113.58","141.17","65.42","189.33","37.83","265.08","-37.92","10174905.00","1190670.00"
"Wed Jul 15 2026 11:34:00 GMT+0530 (India Standard Time)","152.50","156.00","152.50","154.90","148.51","159.28","137.73","170.06","126.96","180.83","116.18","113.58","141.17","65.42","189.33","37.83","265.08","-37.92","10128105.00","585325.00"
"Wed Jul 15 2026 11:35:00 GMT+0530 (India Standard Time)","154.90","156.00","153.20","154.00","148.55","159.30","137.79","170.05","127.04","180.80","116.29","113.58","141.17","65.42","189.33","37.83","265.08","-37.92","9979320.00","598325.00"
"Wed Jul 15 2026 11:36:00 GMT+0530 (India Standard Time)","153.70","154.30","150.10","150.65","148.56","159.29","137.84","170.01","127.12","180.73","116.40","113.58","141.17","65.42","189.33","37.83","265.08","-37.92","10008570.00","539890.00"
"Wed Jul 15 2026 11:37:00 GMT+0530 (India Standard Time)","150.05","152.40","148.70","149.55","148.57","159.27","137.87","169.97","127.17","180.68","116.46","113.58","141.17","65.42","189.33","37.83","265.08","-37.92","10049585.00","368810.00"
"Wed Jul 15 2026 11:38:00 GMT+0530 (India Standard Time)","149.40","151.25","146.70","146.70","148.57","159.25","137.89","169.92","127.21","180.60","116.54","113.58","141.17","65.42","189.33","37.83","265.08","-37.92","10074935.00","426725.00"
"Wed Jul 15 2026 11:39:00 GMT+0530 (India Standard Time)","146.65","147.25","143.50","144.50","148.54","159.19","137.90","169.83","127.26","180.48","116.61","113.58","141.17","65.42","189.33","37.83","265.08","-37.92","10055565.00","666770.00"
"Wed Jul 15 2026 11:40:00 GMT+0530 (India Standard Time)","144.90","146.00","140.40","141.40","148.50","159.12","137.88","169.74","127.27","180.36","116.65","113.58","141.17","65.42","189.33","37.83","265.08","-37.92","10050755.00","678275.00"
"Wed Jul 15 2026 11:41:00 GMT+0530 (India Standard Time)","141.40","145.85","141.40","143.10","148.48","159.08","137.88","169.68","127.28","180.28","116.68","113.58","141.17","65.42","189.33","37.83","265.08","-37.92","10120240.00","394875.00"
"Wed Jul 15 2026 11:42:00 GMT+0530 (India Standard Time)","142.95","143.50","140.00","140.40","148.44","159.03","137.86","169.62","127.27","180.20","116.69","113.58","141.17","65.42","189.33","37.83","265.08","-37.92","10246990.00","498875.00"
"Wed Jul 15 2026 11:43:00 GMT+0530 (India Standard Time)","140.40","140.95","137.25","138.80","148.38","158.96","137.80","169.54","127.22","180.11","116.64","113.58","141.17","65.42","189.33","37.83","265.08","-37.92","10272990.00","658970.00"
"Wed Jul 15 2026 11:44:00 GMT+0530 (India Standard Time)","138.80","138.90","134.05","134.45","148.29","158.88","137.70","169.48","127.11","180.07","116.51","113.58","141.17","65.42","189.33","37.83","265.08","-37.92","10331230.00","682825.00"
"Wed Jul 15 2026 11:45:00 GMT+0530 (India Standard Time)","134.45","138.50","134.00","138.50","148.20","158.79","137.60","169.39","127.00","179.99","116.40","113.58","141.17","65.42","189.33","37.83","265.08","-37.92","10436855.00","836940.00"
"Wed Jul 15 2026 11:46:00 GMT+0530 (India Standard Time)","138.50","139.35","135.90","137.30","148.13","158.73","137.53","169.33","126.94","179.93","116.34","113.58","141.17","65.42","189.33","37.83","265.08","-37.92","10546380.00","570050.00"
"Wed Jul 15 2026 11:47:00 GMT+0530 (India Standard Time)","137.30","138.25","135.00","135.20","148.09","158.70","137.49","169.30","126.89","179.91","116.28","113.58","141.17","65.42","189.33","37.83","265.08","-37.92","10630295.00","329225.00"
"Wed Jul 15 2026 11:48:00 GMT+0530 (India Standard Time)","135.20","136.70","135.00","135.40","148.05","158.66","137.44","169.27","126.83","179.88","116.22","113.58","141.17","65.42","189.33","37.83","265.08","-37.92","10747945.00","343850.00"
"Wed Jul 15 2026 11:49:00 GMT+0530 (India Standard Time)","135.40","136.60","135.00","136.15","148.02","158.64","137.41","169.25","126.79","179.86","116.18","113.58","141.17","65.42","189.33","37.83","265.08","-37.92","10801180.00","249145.00"
"Wed Jul 15 2026 11:50:00 GMT+0530 (India Standard Time)","136.15","136.40","133.25","135.10","147.93","158.57","137.30","169.20","126.67","179.83","116.04","113.58","141.17","65.42","189.33","37.83","265.08","-37.92","10826725.00","663195.00"
"Wed Jul 15 2026 11:51:00 GMT+0530 (India Standard Time)","135.10","135.75","129.70","131.60","147.77","158.47","137.08","169.16","126.39","179.86","115.69","113.58","141.17","65.42","189.33","37.83","265.08","-37.92","10889320.00","1046565.00"
"Wed Jul 15 2026 11:52:00 GMT+0530 (India Standard Time)","131.50","137.25","130.85","136.65","147.68","158.39","136.97","169.10","126.26","179.81","115.55","113.58","141.17","65.42","189.33","37.83","265.08","-37.92","10892765.00","740220.00"
"Wed Jul 15 2026 11:53:00 GMT+0530 (India Standard Time)","136.65","138.95","136.50","138.50","147.60","158.30","136.90","169.01","126.20","179.71","115.49","113.58","141.17","65.42","189.33","37.83","265.08","-37.92","10907000.00","848120.00"
"Wed Jul 15 2026 11:54:00 GMT+0530 (India Standard Time)","138.50","138.75","136.00","137.40","147.56","158.26","136.86","168.96","126.16","179.66","115.46","113.58","141.17","65.42","189.33","37.83","265.08","-37.92","10957570.00","445250.00"
"Wed Jul 15 2026 11:55:00 GMT+0530 (India Standard Time)","137.40","141.60","137.05","139.05","147.49","158.17","136.81","168.86","126.12","179.54","115.44","113.58","141.17","65.42","189.33","37.83","265.08","-37.92","10923705.00","842140.00"
"Wed Jul 15 2026 11:56:00 GMT+0530 (India Standard Time)","139.05","141.60","138.30","138.70","147.45","158.12","136.78","168.80","126.11","179.47","115.44","113.58","141.17","65.42","189.33","37.83","265.08","-37.92","11008270.00","496210.00"
"Wed Jul 15 2026 11:57:00 GMT+0530 (India Standard Time)","138.70","139.50","135.60","137.00","147.40","158.07","136.74","168.74","126.07","179.41","115.40","113.58","141.17","65.42","189.33","37.83","265.08","-37.92","11036545.00","496470.00"
"Wed Jul 15 2026 11:58:00 GMT+0530 (India Standard Time)","137.00","137.25","135.40","136.70","147.38","158.05","136.71","168.72","126.04","179.39","115.37","113.58","141.17","65.42","189.33","37.83","265.08","-37.92","11032905.00","232245.00"
"Wed Jul 15 2026 11:59:00 GMT+0530 (India Standard Time)","136.70","138.80","136.50","137.40","147.36","158.03","136.69","168.70","126.03","179.37","115.36","113.58","141.17","65.42","189.33","37.83","265.08","-37.92","11055135.00","198445.00"
"Wed Jul 15 2026 12:00:00 GMT+0530 (India Standard Time)","137.40","139.10","137.05","137.05","147.34","158.00","136.67","168.67","126.00","179.33","115.34","113.58","141.17","65.42","189.33","37.83","265.08","-37.92","11124295.00","297765.00"
"Wed Jul 15 2026 12:01:00 GMT+0530 (India Standard Time)","137.05","138.70","136.75","137.30","147.32","157.98","136.65","168.64","125.99","179.31","115.33","113.58","141.17","65.42","189.33","37.83","265.08","-37.92","11164465.00","204815.00"
"Wed Jul 15 2026 12:02:00 GMT+0530 (India Standard Time)","137.30","138.80","136.00","136.25","147.29","157.96","136.63","168.62","125.97","179.28","115.30","113.58","141.17","65.42","189.33","37.83","265.08","-37.92","11171615.00","242255.00"
"Wed Jul 15 2026 12:03:00 GMT+0530 (India Standard Time)","136.25","137.25","133.80","134.25","147.25","157.92","136.58","168.59","125.91","179.25","115.24","113.58","141.17","65.42","189.33","37.83","265.08","-37.92","11158615.00","398840.00"
"Wed Jul 15 2026 12:04:00 GMT+0530 (India Standard Time)","134.35","139.00","133.80","138.20","147.21","157.87","136.54","168.54","125.87","179.21","115.21","113.58","141.17","65.42","189.33","37.83","265.08","-37.92","11080420.00","419770.00"
"Wed Jul 15 2026 12:05:00 GMT+0530 (India Standard Time)","137.60","138.35","136.55","137.85","147.19","157.85","136.52","168.52","125.86","179.18","115.19","113.58","141.17","65.42","189.33","37.83","265.08","-37.92","11129690.00","210990.00"
"Wed Jul 15 2026 12:06:00 GMT+0530 (India Standard Time)","137.60","138.30","135.10","136.95","147.17","157.83","136.50","168.50","125.84","179.16","115.17","113.58","141.17","65.42","189.33","37.83","265.08","-37.92","11148150.00","235430.00"
"Wed Jul 15 2026 12:07:00 GMT+0530 (India Standard Time)","136.90","139.00","136.90","137.45","147.14","157.80","136.48","168.46","125.82","179.13","115.16","113.58","141.17","65.42","189.33","37.83","265.08","-37.92","11178895.00","288795.00"
"Wed Jul 15 2026 12:08:00 GMT+0530 (India Standard Time)","137.40","138.30","136.25","137.90","147.12","157.78","136.46","168.44","125.80","179.10","115.14","113.58","141.17","65.42","189.33","37.83","265.08","-37.92","11254230.00","223145.00"
"Wed Jul 15 2026 12:09:00 GMT+0530 (India Standard Time)","137.90","138.30","136.15","136.50","147.10","157.76","136.44","168.42","125.78","179.08","115.13","113.58","141.17","65.42","189.33","37.83","265.08","-37.92","11233170.00","221650.00"
"Wed Jul 15 2026 12:10:00 GMT+0530 (India Standard Time)","136.50","136.60","133.50","134.40","147.04","157.71","136.37","168.37","125.71","179.04","115.04","113.58","141.17","65.42","189.33","37.83","265.08","-37.92","11290760.00","527670.00"
"Wed Jul 15 2026 12:11:00 GMT+0530 (India Standard Time)","134.70","137.00","134.10","136.10","147.00","157.67","136.33","168.34","125.66","179.01","115.00","113.58","141.17","65.42","189.33","37.83","265.08","-37.92","11260080.00","373750.00"
"Wed Jul 15 2026 12:12:00 GMT+0530 (India Standard Time)","136.10","137.00","134.85","135.35","146.99","157.66","136.32","168.33","125.65","178.99","114.98","113.58","141.17","65.42","189.33","37.83","265.08","-37.92","11290760.00","160420.00"
"Wed Jul 15 2026 12:13:00 GMT+0530 (India Standard Time)","135.35","139.00","135.10","138.25","146.95","157.62","136.29","168.28","125.62","178.95","114.95","113.58","141.17","65.42","189.33","37.83","265.08","-37.92","11240450.00","385385.00"
"Wed Jul 15 2026 12:14:00 GMT+0530 (India Standard Time)","138.25","141.70","137.80","141.60","146.91","157.56","136.27","168.20","125.62","178.85","114.98","113.58","141.17","65.42","189.33","37.83","265.08","-37.92","11217830.00","670865.00"
"Wed Jul 15 2026 12:15:00 GMT+0530 (India Standard Time)","141.55","142.00","139.30","140.55","146.87","157.49","136.25","168.11","125.63","178.73","115.00","113.58","141.17","65.42","189.33","37.83","265.08","-37.92","11143470.00","780975.00"
"Wed Jul 15 2026 12:16:00 GMT+0530 (India Standard Time)","140.55","140.85","138.20","139.50","146.85","157.46","136.23","168.07","125.62","178.69","115.01","113.58","141.17","65.42","189.33","37.83","265.08","-37.92","11157575.00","330655.00"
"Wed Jul 15 2026 12:17:00 GMT+0530 (India Standard Time)","139.50","141.80","139.10","140.65","146.83","157.43","136.23","168.04","125.62","178.64","115.02","113.58","141.17","65.42","189.33","37.83","265.08","-37.92","11132550.00","301925.00"
"Wed Jul 15 2026 12:18:00 GMT+0530 (India Standard Time)","140.65","141.75","140.00","140.30","146.82","157.41","136.22","168.01","125.62","178.61","115.03","113.58","141.17","65.42","189.33","37.83","265.08","-37.92","11131900.00","228215.00"
"Wed Jul 15 2026 12:19:00 GMT+0530 (India Standard Time)","140.30","142.80","140.30","141.35","146.80","157.38","136.22","167.96","125.63","178.54","115.05","113.58","141.17","65.42","189.33","37.83","265.08","-37.92","11107655.00","411580.00"
"Wed Jul 15 2026 12:20:00 GMT+0530 (India Standard Time)","141.35","142.00","140.45","141.30","146.79","157.36","136.21","167.94","125.64","178.51","115.06","113.58","141.17","65.42","189.33","37.83","265.08","-37.92","11109995.00","214240.00"
"Wed Jul 15 2026 12:21:00 GMT+0530 (India Standard Time)","141.30","141.40","138.00","138.55","146.76","157.33","136.20","167.90","125.63","178.46","115.06","113.58","141.17","65.42","189.33","37.83","265.08","-37.92","11093680.00","347360.00"
"Wed Jul 15 2026 12:22:00 GMT+0530 (India Standard Time)","138.55","142.00","136.95","137.70","146.74","157.30","136.18","167.86","125.62","178.42","115.06","113.58","141.17","65.42","189.33","37.83","265.08","-37.92","11089780.00","323050.00"
"Wed Jul 15 2026 12:23:00 GMT+0530 (India Standard Time)","137.70","138.15","135.30","136.50","146.71","157.27","136.15","167.83","125.60","178.39","115.04","113.58","141.17","65.42","189.33","37.83","265.08","-37.92","11081590.00","321295.00"
"Wed Jul 15 2026 12:24:00 GMT+0530 (India Standard Time)","136.50","137.60","135.30","137.60","146.70","157.25","136.14","167.81","125.58","178.37","115.02","113.58","141.17","65.42","189.33","37.83","265.08","-37.92","11115845.00","207675.00"
"Wed Jul 15 2026 12:25:00 GMT+0530 (India Standard Time)","137.60","139.65","136.15","138.25","146.68","157.23","136.12","167.79","125.57","178.34","115.02","113.58","141.17","65.42","189.33","37.83","265.08","-37.92","11125010.00","238680.00"
"Wed Jul 15 2026 12:26:00 GMT+0530 (India Standard Time)","138.25","139.50","134.65","135.00","146.65","157.20","136.09","167.75","125.54","178.31","114.99","113.58","141.17","65.42","189.33","37.83","265.08","-37.92","11144640.00","350155.00"
"Wed Jul 15 2026 12:27:00 GMT+0530 (India Standard Time)","135.00","135.60","132.40","132.45","146.58","157.15","136.02","167.72","125.45","178.28","114.88","113.58","141.17","65.42","189.33","37.83","265.08","-37.92","11155625.00","547560.00"
"Wed Jul 15 2026 12:28:00 GMT+0530 (India Standard Time)","132.45","133.50","131.50","132.40","146.54","157.12","135.96","167.70","125.38","178.28","114.80","113.58","141.17","65.42","189.33","37.83","265.08","-37.92","11184485.00","377975.00"
"Wed Jul 15 2026 12:29:00 GMT+0530 (India Standard Time)","132.40","132.40","129.20","129.55","146.45","157.07","135.83","167.69","125.21","178.31","114.59","113.58","141.17","65.42","189.33","37.83","265.08","-37.92","11209315.00","659230.00"
"Wed Jul 15 2026 12:30:00 GMT+0530 (India Standard Time)","129.55","131.75","127.55","131.75","146.34","157.01","135.68","167.67","125.02","178.33","114.35","113.58","141.17","65.42","189.33","37.83","265.08","-37.92","11224720.00","748345.00"
"Wed Jul 15 2026 12:31:00 GMT+0530 (India Standard Time)","131.50","132.10","130.00","131.40","146.30","156.98","135.61","167.66","124.93","178.34","114.25","113.58","141.17","65.42","189.33","37.83","265.08","-37.92","11323845.00","369135.00"
"Wed Jul 15 2026 12:32:00 GMT+0530 (India Standard Time)","131.65","132.35","129.65","130.80","146.26","156.95","135.56","167.65","124.87","178.34","114.17","113.58","141.17","65.42","189.33","37.83","265.08","-37.92","11393265.00","302250.00"
"Wed Jul 15 2026 12:33:00 GMT+0530 (India Standard Time)","130.95","130.95","126.90","127.85","146.18","156.91","135.44","167.65","124.70","178.39","113.97","113.58","141.17","65.42","189.33","37.83","265.08","-37.92","11368500.00","537030.00"
"Wed Jul 15 2026 12:34:00 GMT+0530 (India Standard Time)","127.95","129.70","127.85","128.75","146.13","156.89","135.37","167.65","124.61","178.41","113.85","113.58","141.17","65.42","189.33","37.83","265.08","-37.92","11356670.00","311220.00"
"Wed Jul 15 2026 12:35:00 GMT+0530 (India Standard Time)","128.40","129.00","126.70","126.95","146.06","156.86","135.26","167.66","124.46","178.46","113.66","113.58","141.17","65.42","189.33","37.83","265.08","-37.92","11387415.00","452595.00"
"Wed Jul 15 2026 12:36:00 GMT+0530 (India Standard Time)","127.40","127.80","124.50","125.45","145.95","156.82","135.08","167.69","124.21","178.56","113.34","113.58","141.17","65.42","189.33","37.83","265.08","-37.92","11388455.00","634140.00"
"Wed Jul 15 2026 12:37:00 GMT+0530 (India Standard Time)","125.00","127.90","125.00","127.45","145.89","156.80","134.98","167.70","124.07","178.61","113.16","113.58","141.17","65.42","189.33","37.83","265.08","-37.92","11437465.00","415155.00"
"Wed Jul 15 2026 12:38:00 GMT+0530 (India Standard Time)","127.45","127.85","119.85","121.20","145.71","156.76","134.66","167.81","123.61","178.86","112.56","113.58","141.17","65.42","189.33","37.83","265.08","-37.92","11437465.00","921830.00"
"Wed Jul 15 2026 12:39:00 GMT+0530 (India Standard Time)","121.20","121.90","117.55","119.40","145.50","156.75","134.25","168.00","123.01","179.25","111.76","113.58","141.17","65.42","189.33","37.83","265.08","-37.92","11452610.00","979030.00"
"Wed Jul 15 2026 12:40:00 GMT+0530 (India Standard Time)","119.40","119.55","117.55","118.00","145.38","156.75","134.01","168.12","122.64","179.49","111.27","113.58","141.17","65.42","189.33","37.83","265.08","-37.92","11488230.00","551005.00"
"Wed Jul 15 2026 12:41:00 GMT+0530 (India Standard Time)","118.00","121.15","117.10","120.95","145.27","156.74","133.80","168.21","122.33","179.68","110.86","113.58","141.17","65.42","189.33","37.83","265.08","-37.92","11564605.00","544635.00"
"Wed Jul 15 2026 12:42:00 GMT+0530 (India Standard Time)","120.95","122.65","118.55","121.55","145.17","156.72","133.62","168.27","122.08","179.82","110.53","113.58","141.17","65.42","189.33","37.83","265.08","-37.92","11609455.00","481000.00"
"Wed Jul 15 2026 12:43:00 GMT+0530 (India Standard Time)","121.55","124.80","121.55","123.85","145.04","156.68","133.41","168.31","121.78","179.94","110.14","113.58","141.17","65.42","189.33","37.83","265.08","-37.92","11691225.00","729040.00"
"Wed Jul 15 2026 12:44:00 GMT+0530 (India Standard Time)","123.85","125.00","123.00","124.20","144.97","156.65","133.29","168.33","121.61","180.01","109.93","113.58","141.17","65.42","189.33","37.83","265.08","-37.92","11712480.00","441155.00"
"Wed Jul 15 2026 12:45:00 GMT+0530 (India Standard Time)","124.20","125.20","123.35","123.70","144.91","156.63","133.19","168.34","121.47","180.06","109.76","113.58","141.17","65.42","189.33","37.83","265.08","-37.92","11733150.00","367315.00"
"Wed Jul 15 2026 12:46:00 GMT+0530 (India Standard Time)","123.70","125.20","123.65","124.50","144.87","156.61","133.12","168.35","121.38","180.09","109.64","113.58","141.17","65.42","189.33","37.83","265.08","-37.92","11738935.00","258505.00"
"Wed Jul 15 2026 12:47:00 GMT+0530 (India Standard Time)","124.50","125.15","122.20","123.50","144.81","156.59","133.04","168.36","121.26","180.14","109.49","113.58","141.17","65.42","189.33","37.83","265.08","-37.92","11717355.00","319605.00"
"Wed Jul 15 2026 12:48:00 GMT+0530 (India Standard Time)","123.50","123.60","120.80","122.45","144.76","156.57","132.95","168.38","121.14","180.19","109.33","113.58","141.17","65.42","189.33","37.83","265.08","-37.92","11719695.00","292630.00"
"Wed Jul 15 2026 12:49:00 GMT+0530 (India Standard Time)","122.45","122.90","120.60","120.60","144.72","156.56","132.88","168.40","121.04","180.24","109.20","113.58","141.17","65.42","189.33","37.83","265.08","-37.92","11711960.00","215085.00"
"Wed Jul 15 2026 12:50:00 GMT+0530 (India Standard Time)","120.60","122.00","118.65","121.15","144.64","156.54","132.74","168.44","120.84","180.35","108.93","113.58","141.17","65.42","189.33","37.83","265.08","-37.92","11729705.00","420095.00"
"Wed Jul 15 2026 12:51:00 GMT+0530 (India Standard Time)","121.10","123.00","120.40","120.65","144.58","156.53","132.64","168.47","120.70","180.41","108.75","113.58","141.17","65.42","189.33","37.83","265.08","-37.92","11692135.00","311025.00"
"Wed Jul 15 2026 12:52:00 GMT+0530 (India Standard Time)","120.65","121.55","118.50","118.65","144.53","156.52","132.55","168.50","120.57","180.48","108.59","113.58","141.17","65.42","189.33","37.83","265.08","-37.92","11773710.00","249340.00"
"Wed Jul 15 2026 12:53:00 GMT+0530 (India Standard Time)","118.65","119.20","115.05","115.60","144.38","156.51","132.25","168.63","120.13","180.76","108.00","113.58","141.17","65.42","189.33","37.83","265.08","-37.92","11810045.00","704535.00"
"Wed Jul 15 2026 12:54:00 GMT+0530 (India Standard Time)","115.60","115.60","109.30","111.10","144.07","156.54","131.60","169.02","119.12","181.49","106.65","113.58","141.17","65.42","189.33","37.83","265.08","-37.92","11757070.00","1238055.00"
"Wed Jul 15 2026 12:55:00 GMT+0530 (India Standard Time)","111.10","111.55","99.50","99.50","143.69","156.71","130.67","169.73","117.65","182.75","104.63","113.58","141.17","65.42","189.33","37.83","265.08","-37.92","11660155.00","1228955.00"
"Wed Jul 15 2026 12:56:00 GMT+0530 (India Standard Time)","99.50","100.50","85.95","85.95","142.57","157.53","127.61","172.48","112.66","187.44","97.70","113.58","141.17","65.42","189.33","37.83","265.08","-37.92","11709425.00","2809690.00"
"Wed Jul 15 2026 12:57:00 GMT+0530 (India Standard Time)","85.05","93.15","84.60","87.85","141.69","158.03","125.34","174.37","109.00","190.72","92.65","113.58","141.17","65.42","189.33","37.83","265.08","-37.92","11561550.00","2219490.00"
"Wed Jul 15 2026 12:58:00 GMT+0530 (India Standard Time)","87.85","95.45","86.65","95.45","141.00","158.22","123.78","175.45","106.55","192.67","89.33","113.58","141.17","65.42","189.33","37.83","265.08","-37.92","11624795.00","1912950.00"
"Wed Jul 15 2026 12:59:00 GMT+0530 (India Standard Time)","95.45","96.95","90.85","92.60","140.56","158.30","122.83","176.03","105.10","193.76","87.37","113.58","141.17","65.42","189.33","37.83","265.08","-37.92","11646440.00","1270880.00"
"Wed Jul 15 2026 13:00:00 GMT+0530 (India Standard Time)","92.00","96.20","88.45","96.10","140.16","158.34","121.97","176.53","103.78","194.71","85.60","113.58","141.17","65.42","189.33","37.83","265.08","-37.92","11751155.00","1216475.00"
"Wed Jul 15 2026 13:01:00 GMT+0530 (India Standard Time)","95.95","97.95","91.90","95.20","139.79","158.35","121.23","176.91","102.67","195.47","84.12","113.58","141.17","65.42","189.33","37.83","265.08","-37.92","11658855.00","1139775.00"
"Wed Jul 15 2026 13:02:00 GMT+0530 (India Standard Time)","94.85","97.75","94.85","96.05","139.57","158.34","120.80","177.11","102.03","195.88","83.26","113.58","141.17","65.42","189.33","37.83","265.08","-37.92","11849240.00","724490.00"
"Wed Jul 15 2026 13:03:00 GMT+0530 (India Standard Time)","96.40","97.90","95.00","96.95","139.40","158.32","120.48","177.25","101.55","196.17","82.63","113.58","141.17","65.42","189.33","37.83","265.08","-37.92","11786255.00","553800.00"
"Wed Jul 15 2026 13:04:00 GMT+0530 (India Standard Time)","96.60","97.30","95.60","96.00","139.30","158.31","120.28","177.33","101.26","196.35","82.24","113.58","141.17","65.42","189.33","37.83","265.08","-37.92","11764220.00","341640.00"
"Wed Jul 15 2026 13:05:00 GMT+0530 (India Standard Time)","96.10","97.20","95.15","95.85","139.17","158.30","120.03","177.44","100.90","196.57","81.76","113.58","141.17","65.42","189.33","37.83","265.08","-37.92","11751740.00","426790.00"
"Wed Jul 15 2026 13:06:00 GMT+0530 (India Standard Time)","95.60","95.60","92.90","93.20","139.00","158.30","119.71","177.59","100.41","196.89","81.12","113.58","141.17","65.42","189.33","37.83","265.08","-37.92","11816285.00","522080.00"
"Wed Jul 15 2026 13:07:00 GMT+0530 (India Standard Time)","93.20","94.25","90.95","91.10","138.86","158.30","119.42","177.74","99.98","197.18","80.54","113.58","141.17","65.42","189.33","37.83","265.08","-37.92","11762660.00","445900.00"
"Wed Jul 15 2026 13:08:00 GMT+0530 (India Standard Time)","91.10","92.15","90.25","91.30","138.68","158.30","119.06","177.92","99.44","197.54","79.82","113.58","141.17","65.42","189.33","37.83","265.08","-37.92","11773320.00","539240.00"
"Wed Jul 15 2026 13:09:00 GMT+0530 (India Standard Time)","91.30","92.25","89.25","89.30","138.51","158.30","118.71","178.10","98.92","197.89","79.13","113.58","141.17","65.42","189.33","37.83","265.08","-37.92","11843585.00","512525.00"
"Wed Jul 15 2026 13:10:00 GMT+0530 (India Standard Time)","89.30","91.05","89.20","90.40","138.39","158.30","118.47","178.22","98.56","198.14","78.64","113.58","141.17","65.42","189.33","37.83","265.08","-37.92","11923795.00","361530.00"
"Wed Jul 15 2026 13:11:00 GMT+0530 (India Standard Time)","90.40","91.05","88.75","90.20","138.27","158.30","118.24","178.34","98.20","198.37","78.17","113.58","141.17","65.42","189.33","37.83","265.08","-37.92","11920025.00","357760.00"
"Wed Jul 15 2026 13:12:00 GMT+0530 (India Standard Time)","90.20","91.80","89.00","89.40","138.14","158.30","117.98","178.46","97.82","198.62","77.66","113.58","141.17","65.42","189.33","37.83","265.08","-37.92","12021230.00","385385.00"
"Wed Jul 15 2026 13:13:00 GMT+0530 (India Standard Time)","89.40","90.20","88.10","88.20","138.01","158.30","117.72","178.60","97.43","198.89","77.14","113.58","141.17","65.42","189.33","37.83","265.08","-37.92","12163515.00","382655.00"
"Wed Jul 15 2026 13:14:00 GMT+0530 (India Standard Time)","88.20","90.80","88.00","90.80","137.92","158.30","117.54","178.68","97.16","199.06","76.78","113.58","141.17","65.42","189.33","37.83","265.08","-37.92","12269595.00","283010.00"
"Wed Jul 15 2026 13:15:00 GMT+0530 (India Standard Time)","90.80","93.60","89.00","92.70","137.77","158.29","117.26","178.80","96.74","199.32","76.22","113.58","141.17","65.42","189.33","37.83","265.08","-37.92","12256400.00","474890.00"
"Wed Jul 15 2026 13:16:00 GMT+0530 (India Standard Time)","92.70","94.70","90.75","93.10","137.60","158.26","116.94","178.93","96.28","199.59","75.62","113.58","141.17","65.42","189.33","37.83","265.08","-37.92","12291955.00","554580.00"
"Wed Jul 15 2026 13:17:00 GMT+0530 (India Standard Time)","93.10","94.05","91.75","92.40","137.49","158.25","116.74","179.00","95.99","199.76","75.23","113.58","141.17","65.42","189.33","37.83","265.08","-37.92","12390300.00","363025.00"
"Wed Jul 15 2026 13:18:00 GMT+0530 (India Standard Time)","92.40","96.30","92.40","96.30","137.34","158.21","116.47","179.09","95.59","199.96","74.72","113.58","141.17","65.42","189.33","37.83","265.08","-37.92","12397450.00","538200.00"
"Wed Jul 15 2026 13:19:00 GMT+0530 (India Standard Time)","96.30","100.70","96.10","98.30","137.06","158.12","116.00","179.17","94.95","200.23","73.89","113.58","141.17","65.42","189.33","37.83","265.08","-37.92","12296050.00","1073670.00"
"Wed Jul 15 2026 13:20:00 GMT+0530 (India Standard Time)","98.30","98.95","97.00","98.30","136.92","158.07","115.76","179.22","94.61","200.37","73.46","113.58","141.17","65.42","189.33","37.83","265.08","-37.92","12186980.00","560820.00"
"Wed Jul 15 2026 13:21:00 GMT+0530 (India Standard Time)","98.30","99.70","95.20","96.35","136.76","158.01","115.50","179.27","94.25","200.53","72.99","113.58","141.17","65.42","189.33","37.83","265.08","-37.92","12142780.00","592020.00"
"Wed Jul 15 2026 13:22:00 GMT+0530 (India Standard Time)","96.35","97.75","95.95","95.95","136.67","157.99","115.35","179.30","94.04","200.62","72.72","113.58","141.17","65.42","189.33","37.83","265.08","-37.92","12048920.00","332410.00"
"Wed Jul 15 2026 13:23:00 GMT+0530 (India Standard Time)","95.95","97.90","94.30","95.65","136.56","157.95","115.17","179.34","93.77","200.74","72.38","113.58","141.17","65.42","189.33","37.83","265.08","-37.92","11990225.00","415155.00"
"Wed Jul 15 2026 13:24:00 GMT+0530 (India Standard Time)","95.65","96.00","94.35","95.35","136.48","157.93","115.04","179.38","93.59","200.82","72.14","113.58","141.17","65.42","189.33","37.83","265.08","-37.92","12018305.00","280540.00"
"Wed Jul 15 2026 13:25:00 GMT+0530 (India Standard Time)","95.50","96.65","94.20","95.65","136.42","157.91","114.93","179.40","93.44","200.89","71.95","113.58","141.17","65.42","189.33","37.83","265.08","-37.92","12021945.00","234260.00"
"Wed Jul 15 2026 13:26:00 GMT+0530 (India Standard Time)","95.65","96.45","94.00","94.45","136.37","157.90","114.85","179.42","93.32","200.94","71.80","113.58","141.17","65.42","189.33","37.83","265.08","-37.92","12012065.00","180635.00"
"Wed Jul 15 2026 13:27:00 GMT+0530 (India Standard Time)","94.45","95.05","93.40","94.15","136.30","157.88","114.72","179.45","93.15","201.03","71.57","113.58","141.17","65.42","189.33","37.83","265.08","-37.92","12035400.00","259740.00"
"Wed Jul 15 2026 13:28:00 GMT+0530 (India Standard Time)","93.10","96.00","93.00","95.05","136.23","157.86","114.61","179.48","92.99","201.10","71.36","113.58","141.17","65.42","189.33","37.83","265.08","-37.92","12017070.00","242775.00"
"Wed Jul 15 2026 13:29:00 GMT+0530 (India Standard Time)","94.90","97.40","94.85","96.25","136.17","157.83","114.50","179.50","92.83","201.16","71.17","113.58","141.17","65.42","189.33","37.83","265.08","-37.92","12009270.00","250900.00"
"Wed Jul 15 2026 13:30:00 GMT+0530 (India Standard Time)","96.10","96.50","93.60","94.40","136.10","157.81","114.38","179.53","92.66","201.24","70.95","113.58","141.17","65.42","189.33","37.83","265.08","-37.92","11997895.00","265005.00"
"Wed Jul 15 2026 13:31:00 GMT+0530 (India Standard Time)","94.50","96.00","94.10","96.00","136.05","157.80","114.31","179.54","92.57","201.28","70.82","113.58","141.17","65.42","189.33","37.83","265.08","-37.92","12076285.00","160875.00"
"Wed Jul 15 2026 13:32:00 GMT+0530 (India Standard Time)","95.95","96.30","93.50","94.15","136.00","157.78","114.22","179.56","92.44","201.34","70.66","113.58","141.17","65.42","189.33","37.83","265.08","-37.92","12057565.00","195390.00"
"Wed Jul 15 2026 13:33:00 GMT+0530 (India Standard Time)","94.15","95.00","93.60","94.25","135.95","157.77","114.14","179.58","92.33","201.39","70.51","113.58","141.17","65.42","189.33","37.83","265.08","-37.92","12107745.00","174915.00"
"Wed Jul 15 2026 13:34:00 GMT+0530 (India Standard Time)","94.70","94.70","91.75","93.15","135.85","157.74","113.96","179.62","92.07","201.51","70.18","113.58","141.17","65.42","189.33","37.83","265.08","-37.92","12114115.00","376675.00"
"Wed Jul 15 2026 13:35:00 GMT+0530 (India Standard Time)","93.15","94.75","93.10","94.70","135.80","157.72","113.87","179.64","91.95","201.57","70.03","113.58","141.17","65.42","189.33","37.83","265.08","-37.92","12105860.00","189800.00"
"Wed Jul 15 2026 13:36:00 GMT+0530 (India Standard Time)","94.70","95.50","93.45","93.95","135.74","157.70","113.79","179.66","91.83","201.62","69.87","113.58","141.17","65.42","189.33","37.83","265.08","-37.92","12091690.00","195000.00"
"Wed Jul 15 2026 13:37:00 GMT+0530 (India Standard Time)","93.95","94.50","92.40","93.55","135.70","157.69","113.71","179.68","91.72","201.67","69.73","113.58","141.17","65.42","189.33","37.83","265.08","-37.92","12118470.00","159510.00"
"Wed Jul 15 2026 13:38:00 GMT+0530 (India Standard Time)","93.55","93.90","91.15","92.10","135.62","157.67","113.56","179.72","91.51","201.77","69.46","113.58","141.17","65.42","189.33","37.83","265.08","-37.92","12137255.00","304720.00"
"Wed Jul 15 2026 13:39:00 GMT+0530 (India Standard Time)","92.10","93.60","92.10","93.05","135.58","157.66","113.50","179.74","91.42","201.82","69.34","113.58","141.17","65.42","189.33","37.83","265.08","-37.92","12155260.00","145080.00"
"Wed Jul 15 2026 13:40:00 GMT+0530 (India Standard Time)","93.05","93.15","91.25","92.10","135.52","157.64","113.41","179.76","91.29","201.88","69.17","113.58","141.17","65.42","189.33","37.83","265.08","-37.92","12181520.00","185965.00"
"Wed Jul 15 2026 13:41:00 GMT+0530 (India Standard Time)","92.05","92.85","90.20","90.45","135.46","157.63","113.29","179.79","91.13","201.96","68.96","113.58","141.17","65.42","189.33","37.83","265.08","-37.92","12157665.00","226980.00"
"Wed Jul 15 2026 13:42:00 GMT+0530 (India Standard Time)","90.90","92.55","90.90","92.00","135.41","157.61","113.20","179.82","91.00","202.02","68.79","113.58","141.17","65.42","189.33","37.83","265.08","-37.92","12179765.00","186875.00"
"Wed Jul 15 2026 13:43:00 GMT+0530 (India Standard Time)","92.00","92.40","89.60","90.40","135.30","157.58","113.01","179.87","90.72","202.16","68.43","113.58","141.17","65.42","189.33","37.83","265.08","-37.92","12188280.00","391300.00"
"Wed Jul 15 2026 13:44:00 GMT+0530 (India Standard Time)","90.75","91.75","90.40","91.25","135.24","157.57","112.91","179.90","90.59","202.23","68.26","113.58","141.17","65.42","189.33","37.83","265.08","-37.92","12193610.00","191490.00"
"Wed Jul 15 2026 13:45:00 GMT+0530 (India Standard Time)","91.45","92.20","89.40","91.15","135.13","157.54","112.71","179.95","90.30","202.37","67.89","113.58","141.17","65.42","189.33","37.83","265.08","-37.92","12219675.00","407810.00"
"Wed Jul 15 2026 13:46:00 GMT+0530 (India Standard Time)","91.15","92.15","90.85","91.30","135.07","157.52","112.62","179.98","90.17","202.43","67.72","113.58","141.17","65.42","189.33","37.83","265.08","-37.92","12321985.00","188565.00"
"Wed Jul 15 2026 13:47:00 GMT+0530 (India Standard Time)","91.30","92.15","90.10","91.45","135.03","157.51","112.54","180.00","90.06","202.48","67.58","113.58","141.17","65.42","189.33","37.83","265.08","-37.92","12354160.00","167180.00"
"Wed Jul 15 2026 13:48:00 GMT+0530 (India Standard Time)","91.20","93.90","91.20","93.35","134.93","157.48","112.38","180.03","89.83","202.58","67.29","113.58","141.17","65.42","189.33","37.83","265.08","-37.92","12324130.00","358540.00"
"Wed Jul 15 2026 13:49:00 GMT+0530 (India Standard Time)","93.35","94.50","91.95","93.10","134.86","157.46","112.27","180.05","89.67","202.64","67.08","113.58","141.17","65.42","189.33","37.83","265.08","-37.92","12289225.00","263900.00"
"Wed Jul 15 2026 13:50:00 GMT+0530 (India Standard Time)","93.10","93.95","91.65","91.85","134.81","157.44","112.18","180.07","89.55","202.70","66.92","113.58","141.17","65.42","189.33","37.83","265.08","-37.92","12310740.00","202280.00"
"Wed Jul 15 2026 13:51:00 GMT+0530 (India Standard Time)","91.85","92.00","89.05","89.10","134.70","157.41","111.99","180.12","89.28","202.83","66.57","113.58","141.17","65.42","189.33","37.83","265.08","-37.92","12355330.00","387205.00"
"Wed Jul 15 2026 13:52:00 GMT+0530 (India Standard Time)","89.10","90.45","89.10","89.65","134.64","157.39","111.88","180.15","89.12","202.90","66.37","113.58","141.17","65.42","189.33","37.83","265.08","-37.92","12387765.00","218725.00"
"Wed Jul 15 2026 13:53:00 GMT+0530 (India Standard Time)","89.65","90.25","87.65","88.85","134.52","157.36","111.68","180.20","88.84","203.04","66.00","113.58","141.17","65.42","189.33","37.83","265.08","-37.92","12447695.00","391300.00"
"Wed Jul 15 2026 13:54:00 GMT+0530 (India Standard Time)","88.85","90.70","88.55","89.70","134.45","157.34","111.56","180.24","88.67","203.13","65.77","113.58","141.17","65.42","189.33","37.83","265.08","-37.92","12419160.00","255125.00"
"Wed Jul 15 2026 13:55:00 GMT+0530 (India Standard Time)","89.70","90.50","88.95","90.00","134.40","157.33","111.47","180.26","88.54","203.19","65.60","113.58","141.17","65.42","189.33","37.83","265.08","-37.92","12490790.00","191425.00"
"Wed Jul 15 2026 13:56:00 GMT+0530 (India Standard Time)","90.00","91.55","89.65","91.40","134.33","157.31","111.35","180.29","88.37","203.26","65.40","113.58","141.17","65.42","189.33","37.83","265.08","-37.92","12487280.00","249730.00"
"Wed Jul 15 2026 13:57:00 GMT+0530 (India Standard Time)","91.25","92.90","90.00","92.75","134.25","157.28","111.23","180.31","88.20","203.34","65.17","113.58","141.17","65.42","189.33","37.83","265.08","-37.92","12487670.00","287625.00"
"Wed Jul 15 2026 13:58:00 GMT+0530 (India Standard Time)","93.00","95.15","93.00","94.00","134.11","157.22","111.00","180.33","87.89","203.44","64.77","113.58","141.17","65.42","189.33","37.83","265.08","-37.92","12385230.00","578760.00"
"Wed Jul 15 2026 13:59:00 GMT+0530 (India Standard Time)","94.40","97.25","94.40","96.70","133.96","157.15","110.76","180.34","87.57","203.53","64.38","113.58","141.17","65.42","189.33","37.83","265.08","-37.92","12291890.00","651625.00"
"Wed Jul 15 2026 14:00:00 GMT+0530 (India Standard Time)","96.75","97.70","96.05","96.55","133.84","157.09","110.60","180.33","87.35","203.58","64.11","113.58","141.17","65.42","189.33","37.83","265.08","-37.92","12259845.00","489125.00"
"Wed Jul 15 2026 14:01:00 GMT+0530 (India Standard Time)","96.90","97.25","95.85","96.25","133.76","157.05","110.48","180.33","87.20","203.62","63.91","113.58","141.17","65.42","189.33","37.83","265.08","-37.92","12272065.00","339625.00"
"Wed Jul 15 2026 14:02:00 GMT+0530 (India Standard Time)","96.10","96.85","95.40","95.85","133.70","157.01","110.38","180.33","87.06","203.65","63.74","113.58","141.17","65.42","189.33","37.83","265.08","-37.92","12177750.00","290290.00"
"Wed Jul 15 2026 14:03:00 GMT+0530 (India Standard Time)","96.00","96.15","94.55","95.10","133.62","156.98","110.26","180.33","86.90","203.69","63.54","113.58","141.17","65.42","189.33","37.83","265.08","-37.92","11990030.00","339885.00"
"Wed Jul 15 2026 14:04:00 GMT+0530 (India Standard Time)","95.10","97.00","95.10","96.80","133.56","156.95","110.18","180.33","86.79","203.72","63.41","113.58","141.17","65.42","189.33","37.83","265.08","-37.92","11932440.00","239460.00"
"Wed Jul 15 2026 14:05:00 GMT+0530 (India Standard Time)","96.80","96.80","94.80","95.40","133.52","156.92","110.11","180.33","86.70","203.74","63.29","113.58","141.17","65.42","189.33","37.83","265.08","-37.92","11922950.00","195910.00"
"Wed Jul 15 2026 14:06:00 GMT+0530 (India Standard Time)","95.40","96.45","93.35","95.90","133.45","156.89","110.00","180.33","86.56","203.78","63.11","113.58","141.17","65.42","189.33","37.83","265.08","-37.92","11940825.00","303225.00"
"Wed Jul 15 2026 14:07:00 GMT+0530 (India Standard Time)","95.90","98.65","95.80","98.30","133.34","156.83","109.86","180.32","86.37","203.81","62.88","113.58","141.17","65.42","189.33","37.83","265.08","-37.92","11942450.00","460915.00"
"Wed Jul 15 2026 14:08:00 GMT+0530 (India Standard Time)","98.05","102.15","97.30","101.20","133.16","156.71","109.61","180.26","86.05","203.82","62.50","113.58","141.17","65.42","189.33","37.83","265.08","-37.92","11882390.00","922935.00"
"Wed Jul 15 2026 14:09:00 GMT+0530 (India Standard Time)","101.20","101.50","98.55","98.55","133.05","156.64","109.46","180.23","85.87","203.83","62.28","113.58","141.17","65.42","189.33","37.83","265.08","-37.92","11947520.00","531505.00"
"Wed Jul 15 2026 14:10:00 GMT+0530 (India Standard Time)","98.55","99.70","96.50","96.60","132.95","156.59","109.32","180.22","85.69","203.85","62.06","113.58","141.17","65.42","189.33","37.83","265.08","-37.92","11974885.00","456105.00"
"Wed Jul 15 2026 14:11:00 GMT+0530 (India Standard Time)","96.60","99.35","96.60","98.50","132.90","156.55","109.25","180.21","85.59","203.86","61.94","113.58","141.17","65.42","189.33","37.83","265.08","-37.92","11931400.00","258310.00"
"Wed Jul 15 2026 14:12:00 GMT+0530 (India Standard Time)","98.50","99.40","96.00","96.10","132.82","156.51","109.13","180.19","85.44","203.88","61.75","113.58","141.17","65.42","189.33","37.83","265.08","-37.92","11968710.00","381030.00"
"Wed Jul 15 2026 14:13:00 GMT+0530 (India Standard Time)","96.15","99.80","96.15","98.45","132.76","156.47","109.05","180.18","85.34","203.89","61.63","113.58","141.17","65.42","189.33","37.83","265.08","-37.92","11949015.00","279695.00"
"Wed Jul 15 2026 14:14:00 GMT+0530 (India Standard Time)","98.70","99.50","98.25","99.15","132.72","156.45","109.00","180.17","85.28","203.89","61.55","113.58","141.17","65.42","189.33","37.83","265.08","-37.92","11909170.00","173095.00"
"Wed Jul 15 2026 14:15:00 GMT+0530 (India Standard Time)","99.15","101.00","98.80","100.85","132.66","156.41","108.92","180.15","85.18","203.89","61.43","113.58","141.17","65.42","189.33","37.83","265.08","-37.92","11896170.00","320320.00"
"Wed Jul 15 2026 14:16:00 GMT+0530 (India Standard Time)","100.85","102.35","99.05","99.45","132.55","156.33","108.77","180.11","84.99","203.89","61.21","113.58","141.17","65.42","189.33","37.83","265.08","-37.92","11867050.00","590720.00"
"Wed Jul 15 2026 14:17:00 GMT+0530 (India Standard Time)","99.45","99.75","96.40","96.40","132.47","156.28","108.66","180.09","84.85","203.90","61.04","113.58","141.17","65.42","189.33","37.83","265.08","-37.92","11876670.00","386165.00"
"Wed Jul 15 2026 14:18:00 GMT+0530 (India Standard Time)","96.40","97.80","94.30","97.60","132.33","156.20","108.46","180.07","84.60","203.93","60.73","113.58","141.17","65.42","189.33","37.83","265.08","-37.92","11858990.00","638560.00"
"Wed Jul 15 2026 14:19:00 GMT+0530 (India Standard Time)","97.60","98.35","94.10","95.95","132.27","156.17","108.38","180.06","84.49","203.95","60.60","113.58","141.17","65.42","189.33","37.83","265.08","-37.92","11956620.00","272805.00"
"Wed Jul 15 2026 14:20:00 GMT+0530 (India Standard Time)","95.95","97.15","94.55","95.00","132.22","156.14","108.31","180.05","84.39","203.97","60.48","113.58","141.17","65.42","189.33","37.83","265.08","-37.92","11972610.00","234325.00"
"Wed Jul 15 2026 14:21:00 GMT+0530 (India Standard Time)","95.00","96.30","94.50","95.60","132.18","156.11","108.24","180.05","84.31","203.98","60.37","113.58","141.17","65.42","189.33","37.83","265.08","-37.92","11942255.00","212875.00"
"Wed Jul 15 2026 14:22:00 GMT+0530 (India Standard Time)","95.60","97.35","95.35","96.00","132.13","156.09","108.18","180.04","84.23","203.99","60.28","113.58","141.17","65.42","189.33","37.83","265.08","-37.92","11961690.00","197730.00"
"Wed Jul 15 2026 14:23:00 GMT+0530 (India Standard Time)","96.00","96.30","94.60","94.60","132.10","156.07","108.14","180.04","84.17","204.00","60.20","113.58","141.17","65.42","189.33","37.83","265.08","-37.92","11972675.00","145730.00"
"Wed Jul 15 2026 14:24:00 GMT+0530 (India Standard Time)","94.80","95.10","93.05","93.20","132.02","156.03","108.01","180.03","84.00","204.04","59.99","113.58","141.17","65.42","189.33","37.83","265.08","-37.92","11963380.00","384735.00"
"Wed Jul 15 2026 14:25:00 GMT+0530 (India Standard Time)","93.05","93.45","91.65","92.65","131.95","155.99","107.90","180.04","83.86","204.08","59.81","113.58","141.17","65.42","189.33","37.83","265.08","-37.92","11995555.00","296400.00"
"Wed Jul 15 2026 14:26:00 GMT+0530 (India Standard Time)","92.60","93.20","91.50","91.65","131.90","155.97","107.83","180.04","83.76","204.11","59.69","113.58","141.17","65.42","189.33","37.83","265.08","-37.92","12028380.00","213200.00"
"Wed Jul 15 2026 14:27:00 GMT+0530 (India Standard Time)","91.60","95.50","91.60","93.45","131.82","155.93","107.72","180.04","83.61","204.14","59.50","113.58","141.17","65.42","189.33","37.83","265.08","-37.92","12046580.00","333320.00"
"Wed Jul 15 2026 14:28:00 GMT+0530 (India Standard Time)","93.35","93.95","92.65","93.15","131.79","155.91","107.67","180.04","83.55","204.16","59.43","113.58","141.17","65.42","189.33","37.83","265.08","-37.92","12000365.00","135070.00"
"Wed Jul 15 2026 14:29:00 GMT+0530 (India Standard Time)","93.65","94.90","92.45","94.00","131.76","155.90","107.62","180.03","83.48","204.17","59.34","113.58","141.17","65.42","189.33","37.83","265.08","-37.92","12016420.00","162890.00"
"Wed Jul 15 2026 14:30:00 GMT+0530 (India Standard Time)","93.85","95.50","92.40","92.45","131.70","155.87","107.54","180.03","83.38","204.19","59.21","113.58","141.17","65.42","189.33","37.83","265.08","-37.92","12026885.00","241735.00"
"Wed Jul 15 2026 14:31:00 GMT+0530 (India Standard Time)","92.65","93.40","92.05","92.15","131.65","155.84","107.45","180.03","83.26","204.22","59.07","113.58","141.17","65.42","189.33","37.83","265.08","-37.92","12034425.00","247780.00"
"Wed Jul 15 2026 14:32:00 GMT+0530 (India Standard Time)","91.90","94.00","91.90","94.00","131.60","155.82","107.39","180.03","83.18","204.24","58.97","113.58","141.17","65.42","189.33","37.83","265.08","-37.92","12084865.00","187720.00"
"Wed Jul 15 2026 14:33:00 GMT+0530 (India Standard Time)","94.00","95.25","93.50","93.80","131.56","155.79","107.33","180.02","83.10","204.25","58.87","113.58","141.17","65.42","189.33","37.83","265.08","-37.92","11984310.00","185640.00"
"Wed Jul 15 2026 14:34:00 GMT+0530 (India Standard Time)","93.80","95.45","92.65","92.90","131.51","155.76","107.25","180.02","83.00","204.28","58.74","113.58","141.17","65.42","189.33","37.83","265.08","-37.92","11992370.00","256880.00"
"Wed Jul 15 2026 14:35:00 GMT+0530 (India Standard Time)","92.90","94.95","92.50","94.00","131.46","155.74","107.18","180.02","82.90","204.29","58.63","113.58","141.17","65.42","189.33","37.83","265.08","-37.92","12021490.00","218790.00"
"Wed Jul 15 2026 14:36:00 GMT+0530 (India Standard Time)","94.00","96.50","93.45","93.95","131.38","155.69","107.07","180.00","82.76","204.32","58.44","113.58","141.17","65.42","189.33","37.83","265.08","-37.92","11973325.00","374725.00"
"Wed Jul 15 2026 14:37:00 GMT+0530 (India Standard Time)","93.95","96.70","93.90","94.25","131.33","155.66","106.99","179.99","82.66","204.33","58.32","113.58","141.17","65.42","189.33","37.83","265.08","-37.92","11979435.00","259285.00"
"Wed Jul 15 2026 14:38:00 GMT+0530 (India Standard Time)","94.50","101.50","94.50","100.00","131.18","155.56","106.80","179.94","82.43","204.31","58.05","113.58","141.17","65.42","189.33","37.83","265.08","-37.92","11894415.00","777660.00"
"Wed Jul 15 2026 14:39:00 GMT+0530 (India Standard Time)","100.00","104.80","100.00","104.10","130.99","155.40","106.59","179.80","82.18","204.21","57.78","113.58","141.17","65.42","189.33","37.83","265.08","-37.92","11681475.00","1166620.00"
"Wed Jul 15 2026 14:40:00 GMT+0530 (India Standard Time)","104.10","104.50","100.50","101.90","130.89","155.31","106.46","179.73","82.04","204.15","57.62","113.58","141.17","65.42","189.33","37.83","265.08","-37.92","11597625.00","658450.00"
"Wed Jul 15 2026 14:41:00 GMT+0530 (India Standard Time)","101.90","102.35","99.25","101.15","130.81","155.25","106.37","179.68","81.94","204.12","57.50","113.58","141.17","65.42","189.33","37.83","265.08","-37.92","11576500.00","437515.00"
"Wed Jul 15 2026 14:42:00 GMT+0530 (India Standard Time)","101.15","103.85","100.55","101.75","130.75","155.19","106.30","179.64","81.85","204.09","57.40","113.58","141.17","65.42","189.33","37.83","265.08","-37.92","11547770.00","399620.00"
"Wed Jul 15 2026 14:43:00 GMT+0530 (India Standard Time)","101.75","102.25","100.90","101.60","130.71","155.17","106.26","179.62","81.81","204.07","57.35","113.58","141.17","65.42","189.33","37.83","265.08","-37.92","11459110.00","205790.00"
"Wed Jul 15 2026 14:44:00 GMT+0530 (India Standard Time)","101.60","104.90","100.45","103.10","130.63","155.09","106.17","179.56","81.70","204.02","57.24","113.58","141.17","65.42","189.33","37.83","265.08","-37.92","11418810.00","514410.00"
"Wed Jul 15 2026 14:45:00 GMT+0530 (India Standard Time)","103.10","103.85","98.25","99.20","130.54","155.02","106.06","179.51","81.57","203.99","57.09","113.58","141.17","65.42","189.33","37.83","265.08","-37.92","11286145.00","534755.00"
"Wed Jul 15 2026 14:46:00 GMT+0530 (India Standard Time)","99.20","101.80","99.00","100.70","130.50","154.99","106.01","179.48","81.51","203.97","57.02","113.58","141.17","65.42","189.33","37.83","265.08","-37.92","11312925.00","258180.00"
"Wed Jul 15 2026 14:47:00 GMT+0530 (India Standard Time)","100.70","100.70","95.90","96.75","130.40","154.92","105.88","179.44","81.36","203.96","56.84","113.58","141.17","65.42","189.33","37.83","265.08","-37.92","11264240.00","525460.00"
"Wed Jul 15 2026 14:48:00 GMT+0530 (India Standard Time)","96.45","98.35","95.50","97.30","130.33","154.88","105.79","179.42","81.25","203.96","56.71","113.58","141.17","65.42","189.33","37.83","265.08","-37.92","11207430.00","354965.00"
"Wed Jul 15 2026 14:49:00 GMT+0530 (India Standard Time)","97.35","97.40","94.50","95.00","130.28","154.84","105.72","179.40","81.16","203.96","56.60","113.58","141.17","65.42","189.33","37.83","265.08","-37.92","11196120.00","285740.00"
"Wed Jul 15 2026 14:50:00 GMT+0530 (India Standard Time)","95.00","97.75","93.80","95.30","130.20","154.79","105.62","179.38","81.03","203.96","56.44","113.58","141.17","65.42","189.33","37.83","265.08","-37.92","11136190.00","401440.00"
"Wed Jul 15 2026 14:51:00 GMT+0530 (India Standard Time)","95.30","95.60","93.60","94.15","130.16","154.76","105.56","179.37","80.95","203.97","56.35","113.58","141.17","65.42","189.33","37.83","265.08","-37.92","11174280.00","219115.00"
"Wed Jul 15 2026 14:52:00 GMT+0530 (India Standard Time)","94.70","95.75","92.90","93.95","130.11","154.73","105.49","179.35","80.87","203.98","56.25","113.58","141.17","65.42","189.33","37.83","265.08","-37.92","11197680.00","240045.00"
"Wed Jul 15 2026 14:53:00 GMT+0530 (India Standard Time)","93.95","94.20","92.90","93.70","130.07","154.71","105.44","179.35","80.80","203.98","56.16","113.58","141.17","65.42","189.33","37.83","265.08","-37.92","11209965.00","184405.00"
"Wed Jul 15 2026 14:54:00 GMT+0530 (India Standard Time)","93.65","95.70","93.60","95.40","130.04","154.69","105.40","179.34","80.75","203.99","56.10","113.58","141.17","65.42","189.33","37.83","265.08","-37.92","11209770.00","156260.00"
"Wed Jul 15 2026 14:55:00 GMT+0530 (India Standard Time)","94.90","95.35","93.30","94.70","130.01","154.67","105.36","179.33","80.70","203.99","56.04","113.58","141.17","65.42","189.33","37.83","265.08","-37.92","11230115.00","144885.00"
"Wed Jul 15 2026 14:56:00 GMT+0530 (India Standard Time)","94.75","95.20","93.45","94.30","129.98","154.65","105.30","179.32","80.63","204.00","55.96","113.58","141.17","65.42","189.33","37.83","265.08","-37.92","11238695.00","188565.00"
"Wed Jul 15 2026 14:57:00 GMT+0530 (India Standard Time)","94.55","94.55","92.00","92.25","129.91","154.61","105.21","179.31","80.51","204.01","55.81","113.58","141.17","65.42","189.33","37.83","265.08","-37.92","11250070.00","315510.00"
"Wed Jul 15 2026 14:58:00 GMT+0530 (India Standard Time)","92.50","94.05","91.50","93.05","129.85","154.58","105.13","179.30","80.41","204.03","55.68","113.58","141.17","65.42","189.33","37.83","265.08","-37.92","11231350.00","287235.00"
"Wed Jul 15 2026 14:59:00 GMT+0530 (India Standard Time)","92.85","93.45","90.40","91.95","129.76","154.53","105.00","179.29","80.23","204.06","55.47","113.58","141.17","65.42","189.33","37.83","265.08","-37.92","11228685.00","440830.00"
"Wed Jul 15 2026 15:00:00 GMT+0530 (India Standard Time)","91.95","98.95","89.10","90.05","129.46","154.35","104.57","179.24","79.69","204.12","54.80","113.58","141.17","65.42","189.33","37.83","265.08","-37.92","11117275.00","1491750.00"
"Wed Jul 15 2026 15:01:00 GMT+0530 (India Standard Time)","90.05","93.00","88.80","89.75","129.36","154.30","104.43","179.23","79.50","204.16","54.57","113.58","141.17","65.42","189.33","37.83","265.08","-37.92","11217505.00","461955.00"
"Wed Jul 15 2026 15:02:00 GMT+0530 (India Standard Time)","89.75","90.05","86.50","89.10","129.24","154.24","104.25","179.23","79.26","204.22","54.27","113.58","141.17","65.42","189.33","37.83","265.08","-37.92","11263590.00","538785.00"
"Wed Jul 15 2026 15:03:00 GMT+0530 (India Standard Time)","89.10","91.25","88.90","89.00","129.20","154.21","104.18","179.23","79.17","204.24","54.15","113.58","141.17","65.42","189.33","37.83","265.08","-37.92","11300835.00","221195.00"
"Wed Jul 15 2026 15:04:00 GMT+0530 (India Standard Time)","89.00","92.20","89.00","90.85","129.13","154.17","104.08","179.22","79.03","204.27","53.98","113.58","141.17","65.42","189.33","37.83","265.08","-37.92","11219780.00","348010.00"
"Wed Jul 15 2026 15:05:00 GMT+0530 (India Standard Time)","90.85","92.80","90.75","91.10","129.06","154.14","103.99","179.21","78.92","204.28","53.84","113.58","141.17","65.42","189.33","37.83","265.08","-37.92","11185265.00","310050.00"
"Wed Jul 15 2026 15:06:00 GMT+0530 (India Standard Time)","91.10","94.10","90.55","90.70","128.96","154.08","103.85","179.19","78.74","204.30","53.63","113.58","141.17","65.42","189.33","37.83","265.08","-37.92","11053250.00","490685.00"
"Wed Jul 15 2026 15:07:00 GMT+0530 (India Standard Time)","90.95","93.60","90.85","91.95","128.91","154.04","103.77","179.18","78.63","204.31","53.50","113.58","141.17","65.42","189.33","37.83","265.08","-37.92","11049675.00","295620.00"
"Wed Jul 15 2026 15:08:00 GMT+0530 (India Standard Time)","91.95","92.45","90.60","90.75","128.86","154.01","103.70","179.17","78.55","204.32","53.39","113.58","141.17","65.42","189.33","37.83","265.08","-37.92","11106355.00","235950.00"
"Wed Jul 15 2026 15:09:00 GMT+0530 (India Standard Time)","90.75","91.50","88.80","89.20","128.79","153.97","103.60","179.16","78.41","204.35","53.23","113.58","141.17","65.42","189.33","37.83","265.08","-37.92","11141910.00","338065.00"
"Wed Jul 15 2026 15:10:00 GMT+0530 (India Standard Time)","89.20","90.90","88.85","89.75","128.73","153.94","103.51","179.16","78.30","204.37","53.09","113.58","141.17","65.42","189.33","37.83","265.08","-37.92","11125855.00","286650.00"
"Wed Jul 15 2026 15:11:00 GMT+0530 (India Standard Time)","89.75","90.65","89.35","90.50","128.68","153.92","103.45","179.15","78.21","204.38","52.98","113.58","141.17","65.42","189.33","37.83","265.08","-37.92","11121305.00","224640.00"
"Wed Jul 15 2026 15:12:00 GMT+0530 (India Standard Time)","90.50","90.75","89.30","90.15","128.62","153.88","103.37","179.14","78.11","204.40","52.85","113.58","141.17","65.42","189.33","37.83","265.08","-37.92","11096540.00","274170.00"
"Wed Jul 15 2026 15:13:00 GMT+0530 (India Standard Time)","90.15","90.95","89.55","90.00","128.57","153.85","103.29","179.14","78.00","204.42","52.72","113.58","141.17","65.42","189.33","37.83","265.08","-37.92","11007035.00","275795.00"
"Wed Jul 15 2026 15:14:00 GMT+0530 (India Standard Time)","90.00","93.80","90.00","92.90","128.46","153.78","103.14","179.11","77.81","204.43","52.49","113.58","141.17","65.42","189.33","37.83","265.08","-37.92","10875020.00","558935.00"
"Wed Jul 15 2026 15:15:00 GMT+0530 (India Standard Time)","92.90","93.20","89.05","89.20","128.37","153.73","103.01","179.09","77.65","204.45","52.29","113.58","141.17","65.42","189.33","37.83","265.08","-37.92","10805470.00","444925.00"
"Wed Jul 15 2026 15:16:00 GMT+0530 (India Standard Time)","89.20","90.30","88.65","89.50","128.31","153.70","102.92","179.08","77.53","204.47","52.14","113.58","141.17","65.42","189.33","37.83","265.08","-37.92","10835695.00","309985.00"
"Wed Jul 15 2026 15:17:00 GMT+0530 (India Standard Time)","89.50","91.50","89.40","90.60","128.24","153.65","102.82","179.07","77.40","204.49","51.98","113.58","141.17","65.42","189.33","37.83","265.08","-37.92","10676835.00","362700.00"
"Wed Jul 15 2026 15:18:00 GMT+0530 (India Standard Time)","90.60","92.30","90.25","92.25","128.17","153.61","102.73","179.05","77.29","204.50","51.85","113.58","141.17","65.42","189.33","37.83","265.08","-37.92","10571405.00","328835.00"
"Wed Jul 15 2026 15:19:00 GMT+0530 (India Standard Time)","92.25","93.20","91.75","92.85","128.09","153.56","102.62","179.03","77.15","204.50","51.68","113.58","141.17","65.42","189.33","37.83","265.08","-37.92","10457850.00","440635.00"
"Wed Jul 15 2026 15:20:00 GMT+0530 (India Standard Time)","92.90","93.35","92.05","92.40","128.00","153.50","102.50","179.00","77.00","204.50","51.50","113.58","141.17","65.42","189.33","37.83","265.08","-37.92","10310885.00","481910.00"
"Wed Jul 15 2026 15:21:00 GMT+0530 (India Standard Time)","92.75","93.15","90.55","90.60","127.94","153.46","102.41","178.98","76.89","204.50","51.37","113.58","141.17","65.42","189.33","37.83","265.08","-37.92","10241660.00","332280.00"
"Wed Jul 15 2026 15:22:00 GMT+0530 (India Standard Time)","90.65","91.10","88.85","90.55","127.85","153.40","102.29","178.96","76.73","204.52","51.17","113.58","141.17","65.42","189.33","37.83","265.08","-37.92","10224435.00","462605.00"
"Wed Jul 15 2026 15:23:00 GMT+0530 (India Standard Time)","90.70","91.50","90.50","90.70","127.79","153.37","102.21","178.95","76.63","204.53","51.05","113.58","141.17","65.42","189.33","37.83","265.08","-37.92","10234770.00","278395.00"
"Wed Jul 15 2026 15:24:00 GMT+0530 (India Standard Time)","90.95","91.85","90.95","91.75","127.72","153.33","102.12","178.93","76.52","204.53","50.91","113.58","141.17","65.42","189.33","37.83","265.08","-37.92","10146890.00","359645.00"
"Wed Jul 15 2026 15:25:00 GMT+0530 (India Standard Time)","91.75","92.20","91.00","92.20","127.64","153.27","102.01","178.90","76.37","204.54","50.74","113.58","141.17","65.42","189.33","37.83","265.08","-37.92","10003045.00","453180.00"
"Wed Jul 15 2026 15:26:00 GMT+0530 (India Standard Time)","92.25","93.25","90.85","91.20","127.56","153.22","101.89","178.88","76.23","204.54","50.57","113.58","141.17","65.42","189.33","37.83","265.08","-37.92","9771320.00","452985.00"
"Wed Jul 15 2026 15:27:00 GMT+0530 (India Standard Time)","91.40","91.70","90.55","90.90","127.51","153.18","101.83","178.86","76.15","204.54","50.47","113.58","141.17","65.42","189.33","37.83","265.08","-37.92","9726860.00","256880.00"
"Wed Jul 15 2026 15:28:00 GMT+0530 (India Standard Time)","91.20","91.25","90.40","90.50","127.43","153.13","101.72","178.84","76.01","204.55","50.30","113.58","141.17","65.42","189.33","37.83","265.08","-37.92","9585225.00","422825.00"
"Wed Jul 15 2026 15:29:00 GMT+0530 (India Standard Time)","90.60","93.00","90.10","92.05","127.27","153.03","101.51","178.79","75.75","204.55","50.00","113.58","141.17","65.42","189.33","37.83","265.08","-37.92","9297015.00","840125.00"
"Thu Jul 16 2026 09:15:00 GMT+0530 (India Standard Time)","104.00","118.80","101.75","106.65","109.07","109.07","109.07","109.07","109.07","109.07","109.07","113.88","143.17","62.77","194.28","33.48","274.68","-46.92","8978710.00","2175615.00"
"Thu Jul 16 2026 09:16:00 GMT+0530 (India Standard Time)","106.65","110.50","105.90","109.60","108.90","109.09","108.70","109.29","108.50","109.49","108.30","113.88","143.17","62.77","194.28","33.48","274.68","-46.92","9202505.00","1606410.00"
"Thu Jul 16 2026 09:17:00 GMT+0530 (India Standard Time)","110.40","116.00","110.20","114.20","110.41","112.57","108.25","114.72","106.10","116.88","103.94","113.88","143.17","62.77","194.28","33.48","274.68","-46.92","9300785.00","1870960.00"
"Thu Jul 16 2026 09:18:00 GMT+0530 (India Standard Time)","114.20","119.00","114.05","118.30","111.88","115.24","108.51","118.61","105.15","121.97","101.78","113.88","143.17","62.77","194.28","33.48","274.68","-46.92","9181900.00","1584700.00"
"Thu Jul 16 2026 09:19:00 GMT+0530 (India Standard Time)","118.30","119.95","114.45","115.40","112.54","116.07","109.02","119.59","105.49","123.12","101.97","113.88","143.17","62.77","194.28","33.48","274.68","-46.92","9305855.00","1181310.00"
"Thu Jul 16 2026 09:20:00 GMT+0530 (India Standard Time)","115.40","120.00","114.15","114.70","113.03","116.55","109.51","120.08","105.99","123.60","102.47","113.88","143.17","62.77","194.28","33.48","274.68","-46.92","9453730.00","1281475.00"
"Thu Jul 16 2026 09:21:00 GMT+0530 (India Standard Time)","114.70","114.70","105.50","106.85","112.54","116.09","108.99","119.64","105.44","123.19","101.88","113.88","143.17","62.77","194.28","33.48","274.68","-46.92","9683570.00","1370655.00"
"Thu Jul 16 2026 09:22:00 GMT+0530 (India Standard Time)","106.85","111.25","106.55","109.15","112.30","115.85","108.76","119.39","105.22","122.93","101.67","113.88","143.17","62.77","194.28","33.48","274.68","-46.92","9649250.00","779935.00"
"Thu Jul 16 2026 09:23:00 GMT+0530 (India Standard Time)","109.15","111.30","107.05","109.50","112.17","115.69","108.65","119.21","105.13","122.73","101.61","113.88","143.17","62.77","194.28","33.48","274.68","-46.92","9810060.00","545545.00"
"Thu Jul 16 2026 09:24:00 GMT+0530 (India Standard Time)","109.55","109.80","107.25","109.25","112.08","115.59","108.56","119.11","105.05","122.62","101.53","113.88","143.17","62.77","194.28","33.48","274.68","-46.92","9836450.00","357240.00"
"Thu Jul 16 2026 09:25:00 GMT+0530 (India Standard Time)","109.25","111.35","108.20","109.50","111.97","115.44","108.50","118.91","105.03","122.38","101.56","113.88","143.17","62.77","194.28","33.48","274.68","-46.92","9840805.00","607555.00"
"Thu Jul 16 2026 09:26:00 GMT+0530 (India Standard Time)","109.50","110.60","106.75","108.15","111.86","115.33","108.39","118.80","104.92","122.27","101.46","113.88","143.17","62.77","194.28","33.48","274.68","-46.92","9819225.00","419965.00"
"Thu Jul 16 2026 09:27:00 GMT+0530 (India Standard Time)","108.15","109.30","103.85","103.85","111.66","115.24","108.08","118.83","104.49","122.41","100.91","113.88","143.17","62.77","194.28","33.48","274.68","-46.92","9865245.00","462800.00"
"Thu Jul 16 2026 09:28:00 GMT+0530 (India Standard Time)","104.05","105.55","101.35","102.25","111.17","115.18","107.15","119.19","103.14","123.21","99.12","113.88","143.17","62.77","194.28","33.48","274.68","-46.92","9837880.00","865865.00"
"Thu Jul 16 2026 09:29:00 GMT+0530 (India Standard Time)","102.25","106.65","101.00","105.60","110.92","115.06","106.78","119.20","102.64","123.34","98.50","113.88","143.17","62.77","194.28","33.48","274.68","-46.92","9845420.00","579930.00"
"Thu Jul 16 2026 09:30:00 GMT+0530 (India Standard Time)","105.60","110.50","105.60","106.75","110.77","114.88","106.67","118.98","102.56","123.09","98.46","113.88","143.17","62.77","194.28","33.48","274.68","-46.92","9857900.00","707785.00"
"Thu Jul 16 2026 09:31:00 GMT+0530 (India Standard Time)","106.75","107.75","105.10","106.05","110.66","114.77","106.55","118.89","102.44","123.00","98.32","113.88","143.17","62.77","194.28","33.48","274.68","-46.92","9889490.00","426010.00"
"Thu Jul 16 2026 09:32:00 GMT+0530 (India Standard Time)","106.05","106.40","104.15","105.05","110.57","114.71","106.43","118.85","102.30","122.98","98.16","113.88","143.17","62.77","194.28","33.48","274.68","-46.92","9936680.00","277550.00"
"Thu Jul 16 2026 09:33:00 GMT+0530 (India Standard Time)","105.05","105.55","101.35","102.35","110.36","114.62","106.09","118.89","101.82","123.15","97.56","113.88","143.17","62.77","194.28","33.48","274.68","-46.92","9989460.00","511160.00"
"Thu Jul 16 2026 09:34:00 GMT+0530 (India Standard Time)","102.20","102.85","97.55","98.00","109.83","114.60","105.05","119.38","100.27","124.15","95.50","113.88","143.17","62.77","194.28","33.48","274.68","-46.92","10089430.00","900900.00"
"Thu Jul 16 2026 09:35:00 GMT+0530 (India Standard Time)","97.70","98.50","95.20","97.90","109.39","114.62","104.17","119.84","98.94","125.07","93.72","113.88","143.17","62.77","194.28","33.48","274.68","-46.92","10180235.00","658060.00"
"Thu Jul 16 2026 09:36:00 GMT+0530 (India Standard Time)","97.70","98.60","92.60","93.65","108.72","114.66","102.78","120.60","96.83","126.54","90.89","113.88","143.17","62.77","194.28","33.48","274.68","-46.92","10213840.00","938405.00"
"Thu Jul 16 2026 09:37:00 GMT+0530 (India Standard Time)","93.60","99.65","93.60","97.50","108.28","114.52","102.04","120.76","95.80","127.01","89.56","113.88","143.17","62.77","194.28","33.48","274.68","-46.92","10165935.00","767065.00"
"Thu Jul 16 2026 09:38:00 GMT+0530 (India Standard Time)","97.40","98.45","94.35","95.20","108.04","114.45","101.63","120.86","95.22","127.27","88.81","113.88","143.17","62.77","194.28","33.48","274.68","-46.92","10328175.00","418600.00"
"Thu Jul 16 2026 09:39:00 GMT+0530 (India Standard Time)","95.20","97.65","95.05","97.15","107.91","114.40","101.42","120.89","94.93","127.38","88.43","113.88","143.17","62.77","194.28","33.48","274.68","-46.92","10383295.00","256555.00"
"Thu Jul 16 2026 09:40:00 GMT+0530 (India Standard Time)","97.15","98.30","96.00","98.30","107.75","114.31","101.18","120.88","94.61","127.45","88.05","113.88","143.17","62.77","194.28","33.48","274.68","-46.92","10427300.00","337870.00"
"Thu Jul 16 2026 09:41:00 GMT+0530 (India Standard Time)","98.30","100.95","96.80","98.40","107.50","114.14","100.87","120.78","94.23","127.42","87.59","113.88","143.17","62.77","194.28","33.48","274.68","-46.92","10495680.00","602160.00"
"Thu Jul 16 2026 09:42:00 GMT+0530 (India Standard Time)","98.40","105.45","98.40","103.45","107.27","113.85","100.70","120.42","94.13","126.99","87.56","113.88","143.17","62.77","194.28","33.48","274.68","-46.92","10634780.00","1075555.00"
"Thu Jul 16 2026 09:43:00 GMT+0530 (India Standard Time)","103.45","106.90","101.20","105.25","107.19","113.67","100.70","120.16","94.21","126.65","87.72","113.88","143.17","62.77","194.28","33.48","274.68","-46.92","10763675.00","756730.00"
"Thu Jul 16 2026 09:44:00 GMT+0530 (India Standard Time)","104.80","106.70","103.30","105.85","107.15","113.58","100.72","120.02","94.28","126.45","87.85","113.88","143.17","62.77","194.28","33.48","274.68","-46.92","10742225.00","455975.00"
"Thu Jul 16 2026 09:45:00 GMT+0530 (India Standard Time)","105.85","107.00","103.25","104.75","107.10","113.47","100.73","119.84","94.37","126.20","88.00","113.88","143.17","62.77","194.28","33.48","274.68","-46.92","10690095.00","578240.00"
"Thu Jul 16 2026 09:46:00 GMT+0530 (India Standard Time)","104.45","106.70","103.90","106.60","107.08","113.41","100.76","119.74","94.43","126.06","88.10","113.88","143.17","62.77","194.28","33.48","274.68","-46.92","10751325.00","344565.00"
"Thu Jul 16 2026 09:47:00 GMT+0530 (India Standard Time)","106.60","109.50","102.85","102.85","107.03","113.29","100.78","119.55","94.52","125.80","88.26","113.88","143.17","62.77","194.28","33.48","274.68","-46.92","10654215.00","643305.00"
"Thu Jul 16 2026 09:48:00 GMT+0530 (India Standard Time)","102.70","103.75","99.55","100.80","106.91","113.15","100.67","119.39","94.42","125.64","88.18","113.88","143.17","62.77","194.28","33.48","274.68","-46.92","10597795.00","593125.00"
"Thu Jul 16 2026 09:49:00 GMT+0530 (India Standard Time)","100.80","101.25","96.90","97.95","106.77","113.05","100.48","119.33","94.20","125.61","87.92","113.88","143.17","62.77","194.28","33.48","274.68","-46.92","10603775.00","480610.00"
"Thu Jul 16 2026 09:50:00 GMT+0530 (India Standard Time)","97.95","99.60","96.80","99.30","106.67","112.98","100.36","119.28","94.06","125.59","87.75","113.88","143.17","62.77","194.28","33.48","274.68","-46.92","10707450.00","324285.00"
"Thu Jul 16 2026 09:51:00 GMT+0530 (India Standard Time)","99.30","99.60","94.50","95.50","106.46","112.86","100.06","119.27","93.65","125.67","87.25","113.88","143.17","62.77","194.28","33.48","274.68","-46.92","10771215.00","585065.00"
"Thu Jul 16 2026 09:52:00 GMT+0530 (India Standard Time)","95.50","96.95","95.15","95.75","106.32","112.80","99.85","119.27","93.37","125.74","86.90","113.88","143.17","62.77","194.28","33.48","274.68","-46.92","10667605.00","377715.00"
"Thu Jul 16 2026 09:53:00 GMT+0530 (India Standard Time)","95.75","97.60","95.40","96.90","106.25","112.75","99.75","119.26","93.24","125.76","86.74","113.88","143.17","62.77","194.28","33.48","274.68","-46.92","10576150.00","212225.00"
"Thu Jul 16 2026 09:54:00 GMT+0530 (India Standard Time)","96.90","101.20","96.00","100.20","106.18","112.68","99.67","119.19","93.16","125.70","86.65","113.88","143.17","62.77","194.28","33.48","274.68","-46.92","10623405.00","310375.00"
"Thu Jul 16 2026 09:55:00 GMT+0530 (India Standard Time)","100.20","104.75","99.90","103.60","106.10","112.56","99.64","119.02","93.19","125.48","86.73","113.88","143.17","62.77","194.28","33.48","274.68","-46.92","10676900.00","646750.00"
"Thu Jul 16 2026 09:56:00 GMT+0530 (India Standard Time)","103.60","105.85","101.85","104.75","106.07","112.48","99.66","118.89","93.25","125.30","86.84","113.88","143.17","62.77","194.28","33.48","274.68","-46.92","10678265.00","502450.00"
"Thu Jul 16 2026 09:57:00 GMT+0530 (India Standard Time)","104.75","105.20","102.80","104.10","106.05","112.44","99.67","118.82","93.28","125.21","86.90","113.88","143.17","62.77","194.28","33.48","274.68","-46.92","10663185.00","256685.00"
"Thu Jul 16 2026 09:58:00 GMT+0530 (India Standard Time)","104.10","106.45","104.10","104.55","106.04","112.39","99.69","118.74","93.34","125.09","86.99","113.88","143.17","62.77","194.28","33.48","274.68","-46.92","10642385.00","350805.00"
"Thu Jul 16 2026 09:59:00 GMT+0530 (India Standard Time)","104.55","106.20","100.95","100.95","105.99","112.31","99.68","118.63","93.36","124.95","87.04","113.88","143.17","62.77","194.28","33.48","274.68","-46.92","10568675.00","434265.00"
"Thu Jul 16 2026 10:00:00 GMT+0530 (India Standard Time)","100.95","101.20","98.30","99.85","105.90","112.22","99.59","118.54","93.27","124.85","86.96","113.88","143.17","62.77","194.28","33.48","274.68","-46.92","10389990.00","457860.00"
"Thu Jul 16 2026 10:01:00 GMT+0530 (India Standard Time)","99.85","102.65","99.30","102.25","105.86","112.17","99.56","118.47","93.26","124.77","86.96","113.88","143.17","62.77","194.28","33.48","274.68","-46.92","10423335.00","289575.00"
"Thu Jul 16 2026 10:02:00 GMT+0530 (India Standard Time)","102.50","104.25","101.65","101.85","105.83","112.11","99.55","118.39","93.27","124.67","86.99","113.88","143.17","62.77","194.28","33.48","274.68","-46.92","10480275.00","306215.00"
"Thu Jul 16 2026 10:03:00 GMT+0530 (India Standard Time)","101.85","101.95","98.10","99.20","105.78","112.05","99.50","118.33","93.22","124.61","86.94","113.88","143.17","62.77","194.28","33.48","274.68","-46.92","10518690.00","311870.00"
"Thu Jul 16 2026 10:04:00 GMT+0530 (India Standard Time)","99.20","101.55","99.10","99.80","105.75","112.02","99.47","118.29","93.20","124.57","86.92","113.88","143.17","62.77","194.28","33.48","274.68","-46.92","10537865.00","176410.00"
"Thu Jul 16 2026 10:05:00 GMT+0530 (India Standard Time)","99.80","99.90","96.45","97.45","105.68","111.97","99.39","118.26","93.10","124.54","86.81","113.88","143.17","62.77","194.28","33.48","274.68","-46.92","10573615.00","284765.00"
"Thu Jul 16 2026 10:06:00 GMT+0530 (India Standard Time)","97.25","98.40","95.65","96.80","105.63","111.93","99.32","118.24","93.01","124.54","86.71","113.88","143.17","62.77","194.28","33.48","274.68","-46.92","10581220.00","204685.00"
"Thu Jul 16 2026 10:07:00 GMT+0530 (India Standard Time)","97.00","98.00","94.80","96.00","105.53","111.88","99.19","118.22","92.85","124.56","86.51","113.88","143.17","62.77","194.28","33.48","274.68","-46.92","10597015.00","331955.00"
"Thu Jul 16 2026 10:08:00 GMT+0530 (India Standard Time)","96.20","98.30","95.80","97.55","105.48","111.84","99.12","118.19","92.77","124.55","86.41","113.88","143.17","62.77","194.28","33.48","274.68","-46.92","10670010.00","213980.00"
"Thu Jul 16 2026 10:09:00 GMT+0530 (India Standard Time)","97.30","98.70","96.25","96.90","105.40","111.78","99.03","118.16","92.65","124.53","86.28","113.88","143.17","62.77","194.28","33.48","274.68","-46.92","10702510.00","323505.00"
"Thu Jul 16 2026 10:10:00 GMT+0530 (India Standard Time)","96.90","98.65","94.45","96.45","105.33","111.73","98.92","118.13","92.52","124.53","86.12","113.88","143.17","62.77","194.28","33.48","274.68","-46.92","10715380.00","305955.00"
"Thu Jul 16 2026 10:11:00 GMT+0530 (India Standard Time)","96.45","97.50","95.80","97.00","105.29","111.71","98.88","118.12","92.47","124.53","86.06","113.88","143.17","62.77","194.28","33.48","274.68","-46.92","10755550.00","125060.00"
"Thu Jul 16 2026 10:12:00 GMT+0530 (India Standard Time)","97.00","97.00","94.25","95.00","105.24","111.67","98.80","118.11","92.36","124.55","85.93","113.88","143.17","62.77","194.28","33.48","274.68","-46.92","10749700.00","203190.00"
"Thu Jul 16 2026 10:13:00 GMT+0530 (India Standard Time)","95.00","98.35","95.00","97.40","105.19","111.64","98.75","118.09","92.30","124.54","85.85","113.88","143.17","62.77","194.28","33.48","274.68","-46.92","10780640.00","180895.00"
"Thu Jul 16 2026 10:14:00 GMT+0530 (India Standard Time)","97.40","99.30","97.40","98.60","105.14","111.59","98.69","118.04","92.24","124.49","85.79","113.88","143.17","62.77","194.28","33.48","274.68","-46.92","10746580.00","280345.00"
"Thu Jul 16 2026 10:15:00 GMT+0530 (India Standard Time)","98.60","100.75","97.00","100.75","105.09","111.53","98.65","117.98","92.21","124.42","85.76","113.88","143.17","62.77","194.28","33.48","274.68","-46.92","10749570.00","308750.00"
"Thu Jul 16 2026 10:16:00 GMT+0530 (India Standard Time)","100.75","101.20","99.00","100.10","105.06","111.49","98.62","117.92","92.19","124.36","85.76","113.88","143.17","62.77","194.28","33.48","274.68","-46.92","10732800.00","255385.00"
"Thu Jul 16 2026 10:17:00 GMT+0530 (India Standard Time)","100.10","101.70","99.00","99.10","105.02","111.44","98.59","117.86","92.17","124.29","85.74","113.88","143.17","62.77","194.28","33.48","274.68","-46.92","10780575.00","283790.00"
"Thu Jul 16 2026 10:18:00 GMT+0530 (India Standard Time)","99.10","99.85","98.20","99.45","104.98","111.40","98.56","117.82","92.14","124.24","85.72","113.88","143.17","62.77","194.28","33.48","274.68","-46.92","10855000.00","217945.00"
"Thu Jul 16 2026 10:19:00 GMT+0530 (India Standard Time)","98.85","99.80","98.05","98.25","104.96","111.38","98.54","117.80","92.12","124.22","85.70","113.88","143.17","62.77","194.28","33.48","274.68","-46.92","10834655.00","115050.00"
"Thu Jul 16 2026 10:20:00 GMT+0530 (India Standard Time)","98.25","99.40","96.40","97.55","104.93","111.35","98.50","117.78","92.08","124.20","85.66","113.88","143.17","62.77","194.28","33.48","274.68","-46.92","10848175.00","167570.00"
"Thu Jul 16 2026 10:21:00 GMT+0530 (India Standard Time)","97.55","99.00","97.00","98.55","104.91","111.34","98.49","117.76","92.06","124.19","85.64","113.88","143.17","62.77","194.28","33.48","274.68","-46.92","10826010.00","97305.00"
"Thu Jul 16 2026 10:22:00 GMT+0530 (India Standard Time)","98.55","99.70","97.50","98.55","104.89","111.31","98.46","117.74","92.04","124.16","85.61","113.88","143.17","62.77","194.28","33.48","274.68","-46.92","10823930.00","144430.00"
"Thu Jul 16 2026 10:23:00 GMT+0530 (India Standard Time)","98.55","99.25","96.80","97.70","104.86","111.29","98.44","117.72","92.01","124.14","85.59","113.88","143.17","62.77","194.28","33.48","274.68","-46.92","10835890.00","115765.00"
"Thu Jul 16 2026 10:24:00 GMT+0530 (India Standard Time)","97.75","99.45","97.30","99.35","104.85","111.27","98.42","117.70","92.00","124.12","85.57","113.88","143.17","62.77","194.28","33.48","274.68","-46.92","10846095.00","100100.00"
"Thu Jul 16 2026 10:25:00 GMT+0530 (India Standard Time)","99.35","99.35","97.00","97.50","104.82","111.25","98.39","117.67","91.96","124.10","85.54","113.88","143.17","62.77","194.28","33.48","274.68","-46.92","10853440.00","153920.00"
"Thu Jul 16 2026 10:26:00 GMT+0530 (India Standard Time)","97.50","97.95","94.80","95.60","104.75","111.20","98.31","117.65","91.86","124.10","85.41","113.88","143.17","62.77","194.28","33.48","274.68","-46.92","10842130.00","283075.00"
"Thu Jul 16 2026 10:27:00 GMT+0530 (India Standard Time)","95.60","95.60","91.50","94.00","104.48","111.08","97.89","117.67","91.30","124.26","84.71","113.88","143.17","62.77","194.28","33.48","274.68","-46.92","10861955.00","943735.00"
"Thu Jul 16 2026 10:28:00 GMT+0530 (India Standard Time)","94.00","96.70","93.35","96.30","104.40","111.02","97.78","117.64","91.16","124.26","84.54","113.88","143.17","62.77","194.28","33.48","274.68","-46.92","11011520.00","359255.00"
"Thu Jul 16 2026 10:29:00 GMT+0530 (India Standard Time)","96.30","98.50","95.95","96.60","104.34","110.97","97.72","117.59","91.09","124.22","84.47","113.88","143.17","62.77","194.28","33.48","274.68","-46.92","10999170.00","301210.00"
"Thu Jul 16 2026 10:30:00 GMT+0530 (India Standard Time)","96.60","97.75","95.70","96.70","104.31","110.94","97.68","117.57","91.05","124.20","84.42","113.88","143.17","62.77","194.28","33.48","274.68","-46.92","10977915.00","194480.00"
"Thu Jul 16 2026 10:31:00 GMT+0530 (India Standard Time)","96.70","97.75","95.70","97.20","104.29","110.92","97.65","117.55","91.02","124.18","84.39","113.88","143.17","62.77","194.28","33.48","274.68","-46.92","10963095.00","107315.00"
"Thu Jul 16 2026 10:32:00 GMT+0530 (India Standard Time)","97.20","97.75","96.45","97.10","104.27","110.91","97.64","117.54","91.01","124.17","84.37","113.88","143.17","62.77","194.28","33.48","274.68","-46.92","10962250.00","70850.00"
"Thu Jul 16 2026 10:33:00 GMT+0530 (India Standard Time)","97.10","97.90","95.85","96.40","104.25","110.89","97.62","117.53","90.98","124.16","84.35","113.88","143.17","62.77","194.28","33.48","274.68","-46.92","10941710.00","102115.00"
"Thu Jul 16 2026 10:34:00 GMT+0530 (India Standard Time)","96.40","97.20","95.70","96.15","104.24","110.88","97.60","117.51","90.96","124.15","84.32","113.88","143.17","62.77","194.28","33.48","274.68","-46.92","10951005.00","84890.00"
"Thu Jul 16 2026 10:35:00 GMT+0530 (India Standard Time)","96.15","96.15","94.00","94.05","104.15","110.82","97.48","117.49","90.81","124.16","84.14","113.88","143.17","62.77","194.28","33.48","274.68","-46.92","10962965.00","371150.00"
"Thu Jul 16 2026 10:36:00 GMT+0530 (India Standard Time)","93.85","97.60","93.85","97.05","104.12","110.80","97.44","117.47","90.77","124.15","84.09","113.88","143.17","62.77","194.28","33.48","274.68","-46.92","10907195.00","149890.00"
"Thu Jul 16 2026 10:37:00 GMT+0530 (India Standard Time)","97.15","97.35","95.10","95.25","104.09","110.77","97.41","117.45","90.73","124.14","84.05","113.88","143.17","62.77","194.28","33.48","274.68","-46.92","10906545.00","138320.00"
"Thu Jul 16 2026 10:38:00 GMT+0530 (India Standard Time)","95.30","96.20","94.45","95.00","104.07","110.75","97.38","117.44","90.69","124.13","84.00","113.88","143.17","62.77","194.28","33.48","274.68","-46.92","10918050.00","117195.00"
"Thu Jul 16 2026 10:39:00 GMT+0530 (India Standard Time)","95.00","95.70","94.50","95.15","104.05","110.74","97.35","117.44","90.66","124.13","83.96","113.88","143.17","62.77","194.28","33.48","274.68","-46.92","10926370.00","86970.00"
"Thu Jul 16 2026 10:40:00 GMT+0530 (India Standard Time)","95.30","97.30","94.75","96.55","104.02","110.72","97.32","117.42","90.62","124.11","83.92","113.88","143.17","62.77","194.28","33.48","274.68","-46.92","10949575.00","153335.00"
"Thu Jul 16 2026 10:41:00 GMT+0530 (India Standard Time)","96.55","99.10","96.55","98.95","103.97","110.66","97.28","117.36","90.59","124.05","83.89","113.88","143.17","62.77","194.28","33.48","274.68","-46.92","10893155.00","323960.00"
"Thu Jul 16 2026 10:42:00 GMT+0530 (India Standard Time)","98.95","99.90","97.85","98.65","103.92","110.60","97.24","117.28","90.56","123.96","83.88","113.88","143.17","62.77","194.28","33.48","274.68","-46.92","10934300.00","398710.00"
"Thu Jul 16 2026 10:43:00 GMT+0530 (India Standard Time)","98.65","99.90","97.70","99.85","103.89","110.56","97.22","117.23","90.55","123.90","83.89","113.88","143.17","62.77","194.28","33.48","274.68","-46.92","10958480.00","254345.00"
"Thu Jul 16 2026 10:44:00 GMT+0530 (India Standard Time)","99.85","101.15","99.15","101.15","103.87","110.52","97.22","117.17","90.56","123.83","83.91","113.88","143.17","62.77","194.28","33.48","274.68","-46.92","10961665.00","285480.00"
"Thu Jul 16 2026 10:45:00 GMT+0530 (India Standard Time)","101.15","103.80","101.10","101.85","103.85","110.46","97.24","117.07","90.63","123.68","84.01","113.88","143.17","62.77","194.28","33.48","274.68","-46.92","10923770.00","557310.00"
"Thu Jul 16 2026 10:46:00 GMT+0530 (India Standard Time)","101.85","105.90","101.70","105.65","103.85","110.43","97.28","117.01","90.70","123.58","84.13","113.88","143.17","62.77","194.28","33.48","274.68","-46.92","10935990.00","466375.00"
"Thu Jul 16 2026 10:47:00 GMT+0530 (India Standard Time)","105.55","108.45","105.00","107.90","103.91","110.44","97.38","116.98","90.85","123.51","84.32","113.88","143.17","62.77","194.28","33.48","274.68","-46.92","10795135.00","771225.00"
"Thu Jul 16 2026 10:48:00 GMT+0530 (India Standard Time)","107.90","111.20","107.60","110.55","104.02","110.54","97.50","117.06","90.98","123.58","84.46","113.88","143.17","62.77","194.28","33.48","274.68","-46.92","10555285.00","840125.00"
"Thu Jul 16 2026 10:49:00 GMT+0530 (India Standard Time)","110.60","111.35","108.40","110.00","104.09","110.60","97.57","117.11","91.06","123.62","84.55","113.88","143.17","62.77","194.28","33.48","274.68","-46.92","10381345.00","497900.00"
"Thu Jul 16 2026 10:50:00 GMT+0530 (India Standard Time)","109.90","117.55","109.90","114.35","104.42","111.06","97.77","117.70","91.13","124.35","84.49","113.88","143.17","62.77","194.28","33.48","274.68","-46.92","10101715.00","1568255.00"
"Thu Jul 16 2026 10:51:00 GMT+0530 (India Standard Time)","114.35","116.05","112.00","115.20","104.55","111.25","97.85","117.95","91.16","124.65","84.46","113.88","143.17","62.77","194.28","33.48","274.68","-46.92","9983675.00","645450.00"
"Thu Jul 16 2026 10:52:00 GMT+0530 (India Standard Time)","115.45","115.75","113.30","115.15","104.64","111.37","97.90","118.11","91.17","124.84","84.43","113.88","143.17","62.77","194.28","33.48","274.68","-46.92","9897225.00","396955.00"
"Thu Jul 16 2026 10:53:00 GMT+0530 (India Standard Time)","115.15","116.00","114.75","114.95","104.71","111.48","97.94","118.24","91.17","125.01","84.41","113.88","143.17","62.77","194.28","33.48","274.68","-46.92","9835020.00","324675.00"
"Thu Jul 16 2026 10:54:00 GMT+0530 (India Standard Time)","114.95","115.30","113.00","113.80","104.78","111.57","97.99","118.35","91.20","125.14","84.41","113.88","143.17","62.77","194.28","33.48","274.68","-46.92","9831380.00","351650.00"
"Thu Jul 16 2026 10:55:00 GMT+0530 (India Standard Time)","113.80","119.45","113.80","118.35","105.04","111.99","98.09","118.93","91.14","125.88","84.19","113.88","143.17","62.77","194.28","33.48","274.68","-46.92","9760465.00","1036295.00"
"Thu Jul 16 2026 10:56:00 GMT+0530 (India Standard Time)","118.30","122.00","117.65","119.45","105.34","112.52","98.15","119.70","90.97","126.88","83.79","113.88","143.17","62.77","194.28","33.48","274.68","-46.92","9755330.00","1031290.00"
"Thu Jul 16 2026 10:57:00 GMT+0530 (India Standard Time)","119.45","124.70","119.25","123.15","105.63","113.08","98.17","120.54","90.72","127.99","83.26","113.88","143.17","62.77","194.28","33.48","274.68","-46.92","9584380.00","878605.00"
"Thu Jul 16 2026 10:58:00 GMT+0530 (India Standard Time)","123.15","123.45","121.35","122.15","105.80","113.41","98.19","121.01","90.59","128.62","82.98","113.88","143.17","62.77","194.28","33.48","274.68","-46.92","9508395.00","539955.00"
"Thu Jul 16 2026 10:59:00 GMT+0530 (India Standard Time)","122.15","127.00","121.55","127.00","106.10","114.02","98.18","121.94","90.26","129.86","82.34","113.88","143.17","62.77","194.28","33.48","274.68","-46.92","9505080.00","824200.00"
"Thu Jul 16 2026 11:00:00 GMT+0530 (India Standard Time)","127.00","136.85","127.00","132.35","107.23","116.62","97.85","126.01","88.46","135.39","79.07","113.88","143.17","62.77","194.28","33.48","274.68","-46.92","9293895.00","2408640.00"
"Thu Jul 16 2026 11:01:00 GMT+0530 (India Standard Time)","132.35","134.55","130.30","133.70","107.64","117.49","97.79","127.34","87.94","137.19","78.09","113.88","143.17","62.77","194.28","33.48","274.68","-46.92","9041565.00","895375.00"
"Thu Jul 16 2026 11:02:00 GMT+0530 (India Standard Time)","133.70","134.00","128.55","129.45","107.96","118.10","97.82","128.23","87.68","138.37","77.54","113.88","143.17","62.77","194.28","33.48","274.68","-46.92","9059050.00","774995.00"
"Thu Jul 16 2026 11:03:00 GMT+0530 (India Standard Time)","129.45","131.00","126.35","126.90","108.19","118.50","97.88","128.81","87.57","139.12","77.26","113.88","143.17","62.77","194.28","33.48","274.68","-46.92","9007505.00","671645.00"
"Thu Jul 16 2026 11:04:00 GMT+0530 (India Standard Time)","126.90","127.70","122.10","125.80","108.38","118.79","97.97","129.19","87.57","139.60","77.16","113.88","143.17","62.77","194.28","33.48","274.68","-46.92","8983585.00","648180.00"
"Thu Jul 16 2026 11:05:00 GMT+0530 (India Standard Time)","125.80","126.10","118.50","118.80","108.55","118.99","98.11","129.43","87.67","139.87","77.23","113.88","143.17","62.77","194.28","33.48","274.68","-46.92","8952190.00","794820.00"
"Thu Jul 16 2026 11:06:00 GMT+0530 (India Standard Time)","118.80","119.75","117.25","119.75","108.66","119.10","98.22","129.54","87.78","139.97","77.35","113.88","143.17","62.77","194.28","33.48","274.68","-46.92","8928335.00","622700.00"
"Thu Jul 16 2026 11:07:00 GMT+0530 (India Standard Time)","119.85","122.70","117.25","121.80","108.75","119.20","98.30","129.65","87.85","140.10","77.40","113.88","143.17","62.77","194.28","33.48","274.68","-46.92","8976500.00","459810.00"
"Thu Jul 16 2026 11:08:00 GMT+0530 (India Standard Time)","121.50","122.35","120.00","120.90","108.82","119.29","98.36","129.75","87.90","140.21","77.44","113.88","143.17","62.77","194.28","33.48","274.68","-46.92","8993920.00","356135.00"
"Thu Jul 16 2026 11:09:00 GMT+0530 (India Standard Time)","121.00","122.20","118.15","122.20","108.89","119.36","98.42","129.83","87.95","140.30","77.48","113.88","143.17","62.77","194.28","33.48","274.68","-46.92","9002370.00","322140.00"
"Thu Jul 16 2026 11:10:00 GMT+0530 (India Standard Time)","122.30","122.40","118.85","120.20","108.94","119.42","98.47","129.89","87.99","140.37","77.51","113.88","143.17","62.77","194.28","33.48","274.68","-46.92","9009195.00","285740.00"
"Thu Jul 16 2026 11:11:00 GMT+0530 (India Standard Time)","120.20","121.95","119.70","120.25","108.98","119.46","98.50","129.94","88.02","140.42","77.54","113.88","143.17","62.77","194.28","33.48","274.68","-46.92","9020115.00","219960.00"
"Thu Jul 16 2026 11:12:00 GMT+0530 (India Standard Time)","120.25","120.80","118.00","118.10","109.02","119.50","98.54","129.98","88.06","140.46","77.59","113.88","143.17","62.77","194.28","33.48","274.68","-46.92","9031035.00","225810.00"
"Thu Jul 16 2026 11:13:00 GMT+0530 (India Standard Time)","118.10","120.45","117.30","117.40","109.06","119.53","98.58","130.00","88.11","140.48","77.63","113.88","143.17","62.77","194.28","33.48","274.68","-46.92","9028630.00","235105.00"
"Thu Jul 16 2026 11:14:00 GMT+0530 (India Standard Time)","117.40","117.75","113.35","113.65","109.11","119.55","98.66","129.99","88.22","140.44","77.78","113.88","143.17","62.77","194.28","33.48","274.68","-46.92","9014590.00","546455.00"
"Thu Jul 16 2026 11:15:00 GMT+0530 (India Standard Time)","113.65","116.50","113.65","114.30","109.14","119.56","98.72","129.98","88.29","140.41","77.87","113.88","143.17","62.77","194.28","33.48","274.68","-46.92","9020505.00","338325.00"
"Thu Jul 16 2026 11:16:00 GMT+0530 (India Standard Time)","114.30","116.10","113.35","113.70","109.16","119.57","98.76","129.97","88.35","140.38","77.95","113.88","143.17","62.77","194.28","33.48","274.68","-46.92","9057620.00","288600.00"
"Thu Jul 16 2026 11:17:00 GMT+0530 (India Standard Time)","113.65","114.10","109.75","109.80","109.18","119.54","98.83","129.89","88.48","140.24","78.12","113.88","143.17","62.77","194.28","33.48","274.68","-46.92","9045400.00","652080.00"
"Thu Jul 16 2026 11:18:00 GMT+0530 (India Standard Time)","109.80","113.00","108.35","112.35","109.20","119.52","98.87","129.84","88.55","140.17","78.22","113.88","143.17","62.77","194.28","33.48","274.68","-46.92","9037860.00","382590.00"
"Thu Jul 16 2026 11:19:00 GMT+0530 (India Standard Time)","112.35","112.35","108.65","110.10","109.20","119.50","98.91","129.79","88.61","140.09","78.32","113.88","143.17","62.77","194.28","33.48","274.68","-46.92","9087520.00","369850.00"
"Thu Jul 16 2026 11:20:00 GMT+0530 (India Standard Time)","110.10","111.00","109.25","110.00","109.21","119.47","98.94","129.74","88.68","140.00","78.41","113.88","143.17","62.77","194.28","33.48","274.68","-46.92","9138415.00","379860.00"
"Thu Jul 16 2026 11:21:00 GMT+0530 (India Standard Time)","110.00","112.80","110.00","110.95","109.22","119.45","98.99","129.69","88.75","139.92","78.52","113.88","143.17","62.77","194.28","33.48","274.68","-46.92","9281805.00","396760.00"
"Thu Jul 16 2026 11:22:00 GMT+0530 (India Standard Time)","110.95","112.35","110.25","111.00","109.23","119.44","99.02","129.65","88.81","139.86","78.59","113.88","143.17","62.77","194.28","33.48","274.68","-46.92","9371635.00","298350.00"
"Thu Jul 16 2026 11:23:00 GMT+0530 (India Standard Time)","111.00","111.75","109.35","110.55","109.23","119.43","99.04","129.62","88.85","139.81","78.66","113.88","143.17","62.77","194.28","33.48","274.68","-46.92","9482655.00","259155.00"
"Thu Jul 16 2026 11:24:00 GMT+0530 (India Standard Time)","110.55","110.75","108.15","109.45","109.24","119.40","99.07","129.57","88.90","139.73","78.74","113.88","143.17","62.77","194.28","33.48","274.68","-46.92","9496370.00","338715.00"
"Thu Jul 16 2026 11:25:00 GMT+0530 (India Standard Time)","109.45","110.95","109.05","110.15","109.24","119.39","99.08","129.55","88.93","139.70","78.78","113.88","143.17","62.77","194.28","33.48","274.68","-46.92","9480315.00","152100.00"
"Thu Jul 16 2026 11:26:00 GMT+0530 (India Standard Time)","110.15","111.45","108.55","111.15","109.24","119.38","99.10","129.52","88.97","139.65","78.83","113.88","143.17","62.77","194.28","33.48","274.68","-46.92","9512685.00","222560.00"
"Thu Jul 16 2026 11:27:00 GMT+0530 (India Standard Time)","111.15","111.55","110.20","111.10","109.25","119.37","99.13","129.49","89.00","139.61","78.88","113.88","143.17","62.77","194.28","33.48","274.68","-46.92","9521720.00","215605.00"
"Thu Jul 16 2026 11:28:00 GMT+0530 (India Standard Time)","111.10","111.10","106.55","107.25","109.24","119.33","99.15","129.42","89.06","139.51","78.97","113.88","143.17","62.77","194.28","33.48","274.68","-46.92","9583730.00","416975.00"
"Thu Jul 16 2026 11:29:00 GMT+0530 (India Standard Time)","107.25","108.45","106.25","107.45","109.23","119.31","99.16","129.38","89.09","139.45","79.02","113.88","143.17","62.77","194.28","33.48","274.68","-46.92","9510605.00","241605.00"
"Thu Jul 16 2026 11:30:00 GMT+0530 (India Standard Time)","107.45","110.30","106.00","109.30","109.23","119.28","99.18","129.32","89.14","139.37","79.09","113.88","143.17","62.77","194.28","33.48","274.68","-46.92","9548890.00","357890.00"
"Thu Jul 16 2026 11:31:00 GMT+0530 (India Standard Time)","109.30","112.25","109.00","110.50","109.24","119.26","99.21","129.29","89.18","139.31","79.16","113.88","143.17","62.77","194.28","33.48","274.68","-46.92","9531275.00","270595.00"
"Thu Jul 16 2026 11:32:00 GMT+0530 (India Standard Time)","110.50","112.45","109.75","111.40","109.25","119.25","99.24","129.25","89.24","139.25","79.24","113.88","143.17","62.77","194.28","33.48","274.68","-46.92","9566440.00","351650.00"
"Thu Jul 16 2026 11:33:00 GMT+0530 (India Standard Time)","111.40","111.50","109.00","110.30","109.25","119.23","99.27","129.21","89.28","139.20","79.30","113.88","143.17","62.77","194.28","33.48","274.68","-46.92","9626370.00","261040.00"
"Thu Jul 16 2026 11:34:00 GMT+0530 (India Standard Time)","110.30","110.70","108.05","108.40","109.25","119.22","99.28","129.19","89.31","139.16","79.34","113.88","143.17","62.77","194.28","33.48","274.68","-46.92","9650875.00","185965.00"
"Thu Jul 16 2026 11:35:00 GMT+0530 (India Standard Time)","108.40","111.65","108.35","109.85","109.25","119.20","99.30","129.16","89.34","139.11","79.39","113.88","143.17","62.77","194.28","33.48","274.68","-46.92","9669855.00","216450.00"
"Thu Jul 16 2026 11:36:00 GMT+0530 (India Standard Time)","109.85","111.30","109.75","110.55","109.25","119.20","99.31","129.14","89.37","139.08","79.43","113.88","143.17","62.77","194.28","33.48","274.68","-46.92","9730500.00","166530.00"
"Thu Jul 16 2026 11:37:00 GMT+0530 (India Standard Time)","110.65","111.00","105.00","105.25","109.24","119.15","99.33","129.06","89.42","138.97","79.51","113.88","143.17","62.77","194.28","33.48","274.68","-46.92","9754745.00","476645.00"
"Thu Jul 16 2026 11:38:00 GMT+0530 (India Standard Time)","105.65","117.45","103.90","111.95","109.27","119.11","99.42","128.95","89.58","138.79","79.74","113.88","143.17","62.77","194.28","33.48","274.68","-46.92","9650095.00","993135.00"
"Thu Jul 16 2026 11:39:00 GMT+0530 (India Standard Time)","112.15","113.60","109.60","112.85","109.30","119.09","99.51","128.88","89.71","138.67","79.92","113.88","143.17","62.77","194.28","33.48","274.68","-46.92","9554740.00","795015.00"
"Thu Jul 16 2026 11:40:00 GMT+0530 (India Standard Time)","113.00","115.25","111.95","112.85","109.33","119.09","99.57","128.84","89.82","138.60","80.06","113.88","143.17","62.77","194.28","33.48","274.68","-46.92","9678890.00","612625.00"
"Thu Jul 16 2026 11:41:00 GMT+0530 (India Standard Time)","113.25","115.25","113.00","114.30","109.36","119.09","99.62","128.83","89.88","138.57","80.14","113.88","143.17","62.77","194.28","33.48","274.68","-46.92","9724130.00","372060.00"
"Thu Jul 16 2026 11:42:00 GMT+0530 (India Standard Time)","114.55","114.90","109.00","109.60","109.37","119.07","99.66","128.78","89.96","138.49","80.25","113.88","143.17","62.77","194.28","33.48","274.68","-46.92","9781720.00","480870.00"
"Thu Jul 16 2026 11:43:00 GMT+0530 (India Standard Time)","109.60","109.60","106.00","106.90","109.36","119.04","99.68","128.71","90.00","138.39","80.32","113.88","143.17","62.77","194.28","33.48","274.68","-46.92","9765470.00","425555.00"
"Thu Jul 16 2026 11:44:00 GMT+0530 (India Standard Time)","106.90","108.15","106.10","107.95","109.35","119.01","99.69","128.67","90.03","138.34","80.36","113.88","143.17","62.77","194.28","33.48","274.68","-46.92","9806875.00","260325.00"
"Thu Jul 16 2026 11:45:00 GMT+0530 (India Standard Time)","107.95","109.30","107.10","107.85","109.35","118.99","99.70","128.64","90.05","138.29","80.40","113.88","143.17","62.77","194.28","33.48","274.68","-46.92","9840155.00","234130.00"
"Thu Jul 16 2026 11:46:00 GMT+0530 (India Standard Time)","107.85","108.95","106.10","108.55","109.34","118.98","99.71","128.61","90.07","138.24","80.44","113.88","143.17","62.77","194.28","33.48","274.68","-46.92","9815195.00","209300.00"
"Thu Jul 16 2026 11:47:00 GMT+0530 (India Standard Time)","108.55","109.55","107.35","108.60","109.34","118.96","99.72","128.59","90.09","138.21","80.47","113.88","143.17","62.77","194.28","33.48","274.68","-46.92","9814025.00","150995.00"
"Thu Jul 16 2026 11:48:00 GMT+0530 (India Standard Time)","108.60","109.55","106.70","107.30","109.34","118.95","99.72","128.56","90.11","138.18","80.50","113.88","143.17","62.77","194.28","33.48","274.68","-46.92","9807720.00","163020.00"
"Thu Jul 16 2026 11:49:00 GMT+0530 (India Standard Time)","107.30","109.20","106.50","108.50","109.33","118.94","99.73","128.55","90.12","138.15","80.52","113.88","143.17","62.77","194.28","33.48","274.68","-46.92","9801415.00","121225.00"
"Thu Jul 16 2026 11:50:00 GMT+0530 (India Standard Time)","108.50","108.50","104.60","105.25","109.32","118.91","99.73","128.50","90.15","138.08","80.56","113.88","143.17","62.77","194.28","33.48","274.68","-46.92","9839895.00","321490.00"
"Thu Jul 16 2026 11:51:00 GMT+0530 (India Standard Time)","105.25","106.30","101.25","105.70","109.28","118.83","99.72","128.39","90.17","137.95","80.61","113.88","143.17","62.77","194.28","33.48","274.68","-46.92","9718995.00","669045.00"
"Thu Jul 16 2026 11:52:00 GMT+0530 (India Standard Time)","105.70","106.15","103.50","105.00","109.26","118.81","99.72","128.36","90.17","137.90","80.63","113.88","143.17","62.77","194.28","33.48","274.68","-46.92","9697220.00","217295.00"
"Thu Jul 16 2026 11:53:00 GMT+0530 (India Standard Time)","105.00","107.35","105.00","105.80","109.26","118.79","99.72","128.33","90.19","137.86","80.65","113.88","143.17","62.77","194.28","33.48","274.68","-46.92","9704175.00","182260.00"
"Thu Jul 16 2026 11:54:00 GMT+0530 (India Standard Time)","105.80","108.50","105.10","108.35","109.25","118.77","99.73","128.29","90.21","137.81","80.69","113.88","143.17","62.77","194.28","33.48","274.68","-46.92","9707945.00","235170.00"
"Thu Jul 16 2026 11:55:00 GMT+0530 (India Standard Time)","108.35","108.35","106.00","106.55","109.25","118.76","99.73","128.27","90.22","137.78","80.71","113.88","143.17","62.77","194.28","33.48","274.68","-46.92","9743370.00","157560.00"
"Thu Jul 16 2026 11:56:00 GMT+0530 (India Standard Time)","106.55","108.05","106.55","107.35","109.24","118.75","99.74","128.25","90.23","137.76","80.73","113.88","143.17","62.77","194.28","33.48","274.68","-46.92","9757280.00","116090.00"
"Thu Jul 16 2026 11:57:00 GMT+0530 (India Standard Time)","107.40","107.50","106.15","107.05","109.24","118.74","99.74","128.24","90.24","137.74","80.74","113.88","143.17","62.77","194.28","33.48","274.68","-46.92","9763130.00","90480.00"
"Thu Jul 16 2026 11:58:00 GMT+0530 (India Standard Time)","107.05","107.30","104.70","105.60","109.23","118.72","99.74","128.21","90.25","137.70","80.76","113.88","143.17","62.77","194.28","33.48","274.68","-46.92","9817275.00","191750.00"
"Thu Jul 16 2026 11:59:00 GMT+0530 (India Standard Time)","105.60","108.70","105.00","106.20","109.23","118.70","99.75","128.18","90.27","137.66","80.79","113.88","143.17","62.77","194.28","33.48","274.68","-46.92","9821045.00","206375.00"
"Thu Jul 16 2026 12:00:00 GMT+0530 (India Standard Time)","106.20","107.85","104.65","104.65","109.22","118.68","99.75","128.15","90.28","137.61","80.82","113.88","143.17","62.77","194.28","33.48","274.68","-46.92","9850880.00","211835.00"
"Thu Jul 16 2026 12:01:00 GMT+0530 (India Standard Time)","104.65","104.85","102.35","102.90","109.20","118.65","99.74","128.11","90.28","137.56","80.83","113.88","143.17","62.77","194.28","33.48","274.68","-46.92","9855950.00","263965.00"
"Thu Jul 16 2026 12:02:00 GMT+0530 (India Standard Time)","102.90","104.05","101.20","101.30","109.17","118.62","99.72","128.06","90.27","137.51","80.83","113.88","143.17","62.77","194.28","33.48","274.68","-46.92","9870120.00","292630.00"
"Thu Jul 16 2026 12:03:00 GMT+0530 (India Standard Time)","101.30","101.35","98.55","98.60","109.08","118.53","99.63","127.98","90.18","137.43","80.73","113.88","143.17","62.77","194.28","33.48","274.68","-46.92","9780550.00","739830.00"
"Thu Jul 16 2026 12:04:00 GMT+0530 (India Standard Time)","98.60","100.50","97.75","100.10","109.03","118.48","99.58","127.93","90.13","137.38","80.68","113.88","143.17","62.77","194.28","33.48","274.68","-46.92","9751040.00","375830.00"
"Thu Jul 16 2026 12:05:00 GMT+0530 (India Standard Time)","100.10","101.00","99.50","100.70","109.01","118.46","99.56","127.90","90.11","137.35","80.66","113.88","143.17","62.77","194.28","33.48","274.68","-46.92","9785815.00","224055.00"
"Thu Jul 16 2026 12:06:00 GMT+0530 (India Standard Time)","100.70","100.85","99.25","100.35","108.99","118.43","99.54","127.88","90.09","137.33","80.65","113.88","143.17","62.77","194.28","33.48","274.68","-46.92","9816105.00","171340.00"
"Thu Jul 16 2026 12:07:00 GMT+0530 (India Standard Time)","100.25","100.60","99.15","99.20","108.97","118.42","99.52","127.86","90.08","137.31","80.63","113.88","143.17","62.77","194.28","33.48","274.68","-46.92","9815780.00","140660.00"
"Thu Jul 16 2026 12:08:00 GMT+0530 (India Standard Time)","99.30","101.30","99.00","100.25","108.95","118.40","99.51","127.84","90.06","137.29","80.62","113.88","143.17","62.77","194.28","33.48","274.68","-46.92","9836190.00","184795.00"
"Thu Jul 16 2026 12:09:00 GMT+0530 (India Standard Time)","100.30","101.15","99.45","100.80","108.94","118.38","99.49","127.82","90.05","137.27","80.61","113.88","143.17","62.77","194.28","33.48","274.68","-46.92","9843275.00","143325.00"
"Thu Jul 16 2026 12:10:00 GMT+0530 (India Standard Time)","100.55","102.35","100.40","101.70","108.92","118.36","99.48","127.80","90.04","137.24","80.60","113.88","143.17","62.77","194.28","33.48","274.68","-46.92","9846590.00","140595.00"
"Thu Jul 16 2026 12:11:00 GMT+0530 (India Standard Time)","102.45","103.45","101.95","102.45","108.91","118.34","99.47","127.77","90.04","137.21","80.61","113.88","143.17","62.77","194.28","33.48","274.68","-46.92","9855950.00","212550.00"
"Thu Jul 16 2026 12:12:00 GMT+0530 (India Standard Time)","102.50","104.30","101.10","101.10","108.89","118.31","99.46","127.74","90.03","137.16","80.61","113.88","143.17","62.77","194.28","33.48","274.68","-46.92","9867260.00","239785.00"
"Thu Jul 16 2026 12:13:00 GMT+0530 (India Standard Time)","101.15","101.75","99.00","100.65","108.86","118.28","99.43","127.70","90.01","137.13","80.59","113.88","143.17","62.77","194.28","33.48","274.68","-46.92","9871615.00","266240.00"
"Thu Jul 16 2026 12:14:00 GMT+0530 (India Standard Time)","100.65","100.65","98.70","99.70","108.83","118.26","99.41","127.68","89.99","137.10","80.57","113.88","143.17","62.77","194.28","33.48","274.68","-46.92","9898395.00","205075.00"
"Thu Jul 16 2026 12:15:00 GMT+0530 (India Standard Time)","99.70","100.70","98.65","99.60","108.82","118.24","99.40","127.66","89.97","137.08","80.55","113.88","143.17","62.77","194.28","33.48","274.68","-46.92","9895795.00","137540.00"
"Thu Jul 16 2026 12:16:00 GMT+0530 (India Standard Time)","99.25","99.75","98.25","99.50","108.80","118.22","99.38","127.64","89.95","137.07","80.53","113.88","143.17","62.77","194.28","33.48","274.68","-46.92","9901515.00","157820.00"
"Thu Jul 16 2026 12:17:00 GMT+0530 (India Standard Time)","99.50","100.90","99.40","100.00","108.78","118.21","99.36","127.63","89.94","137.05","80.52","113.88","143.17","62.77","194.28","33.48","274.68","-46.92","9908275.00","148135.00"
"Thu Jul 16 2026 12:18:00 GMT+0530 (India Standard Time)","100.00","100.45","98.20","99.00","108.77","118.19","99.34","127.61","89.92","137.03","80.50","113.88","143.17","62.77","194.28","33.48","274.68","-46.92","9917245.00","155025.00"
"Thu Jul 16 2026 12:19:00 GMT+0530 (India Standard Time)","99.00","101.40","98.25","100.50","108.75","118.17","99.33","127.59","89.91","137.01","80.49","113.88","143.17","62.77","194.28","33.48","274.68","-46.92","9914515.00","114920.00"
"Thu Jul 16 2026 12:20:00 GMT+0530 (India Standard Time)","100.60","101.30","100.10","101.05","108.74","118.16","99.32","127.58","89.90","137.00","80.49","113.88","143.17","62.77","194.28","33.48","274.68","-46.92","9925175.00","119275.00"
"Thu Jul 16 2026 12:21:00 GMT+0530 (India Standard Time)","101.05","101.45","100.10","100.30","108.73","118.15","99.32","127.57","89.90","136.98","80.48","113.88","143.17","62.77","194.28","33.48","274.68","-46.92","9952020.00","93665.00"
"Thu Jul 16 2026 12:22:00 GMT+0530 (India Standard Time)","100.30","100.55","98.10","99.80","108.72","118.13","99.30","127.55","89.88","136.97","80.47","113.88","143.17","62.77","194.28","33.48","274.68","-46.92","9967425.00","139750.00"
"Thu Jul 16 2026 12:23:00 GMT+0530 (India Standard Time)","99.80","100.40","98.75","98.80","108.71","118.12","99.29","127.54","89.87","136.96","80.46","113.88","143.17","62.77","194.28","33.48","274.68","-46.92","9967165.00","89700.00"
"Thu Jul 16 2026 12:24:00 GMT+0530 (India Standard Time)","98.70","100.85","98.00","100.55","108.69","118.11","99.28","127.53","89.86","136.94","80.45","113.88","143.17","62.77","194.28","33.48","274.68","-46.92","9970935.00","105560.00"
"Thu Jul 16 2026 12:25:00 GMT+0530 (India Standard Time)","100.55","107.40","100.40","106.15","108.66","118.04","99.28","127.43","89.89","136.81","80.51","113.88","143.17","62.77","194.28","33.48","274.68","-46.92","9904700.00","706030.00"
"Thu Jul 16 2026 12:26:00 GMT+0530 (India Standard Time)","106.15","107.55","106.05","107.25","108.65","118.01","99.29","127.36","89.94","136.72","80.58","113.88","143.17","62.77","194.28","33.48","274.68","-46.92","9900020.00","503165.00"
"Thu Jul 16 2026 12:27:00 GMT+0530 (India Standard Time)","107.25","107.25","104.25","106.90","108.64","117.98","99.30","127.32","89.96","136.65","80.62","113.88","143.17","62.77","194.28","33.48","274.68","-46.92","9897355.00","332930.00"
"Thu Jul 16 2026 12:28:00 GMT+0530 (India Standard Time)","106.90","111.95","106.80","110.45","108.65","117.94","99.36","127.23","90.07","136.52","80.78","113.88","143.17","62.77","194.28","33.48","274.68","-46.92","9832290.00","879905.00"
"Thu Jul 16 2026 12:29:00 GMT+0530 (India Standard Time)","110.45","113.40","109.25","111.30","108.67","117.93","99.41","127.19","90.14","136.45","80.88","113.88","143.17","62.77","194.28","33.48","274.68","-46.92","9807655.00","557765.00"
"Thu Jul 16 2026 12:30:00 GMT+0530 (India Standard Time)","111.30","111.30","106.60","107.80","108.67","117.90","99.43","127.14","90.19","136.38","80.96","113.88","143.17","62.77","194.28","33.48","274.68","-46.92","9826505.00","469040.00"
"Thu Jul 16 2026 12:31:00 GMT+0530 (India Standard Time)","107.80","108.25","105.30","108.20","108.66","117.89","99.44","127.11","90.22","136.33","80.99","113.88","143.17","62.77","194.28","33.48","274.68","-46.92","9856275.00","247000.00"
"Thu Jul 16 2026 12:32:00 GMT+0530 (India Standard Time)","108.20","108.80","105.60","106.15","108.66","117.87","99.45","127.09","90.23","136.30","81.02","113.88","143.17","62.77","194.28","33.48","274.68","-46.92","9857510.00","193895.00"
"Thu Jul 16 2026 12:33:00 GMT+0530 (India Standard Time)","106.15","106.15","102.90","103.15","108.64","117.84","99.44","127.04","90.24","136.24","81.04","113.88","143.17","62.77","194.28","33.48","274.68","-46.92","9820395.00","346450.00"
"Thu Jul 16 2026 12:34:00 GMT+0530 (India Standard Time)","103.15","104.55","101.20","104.00","108.62","117.81","99.43","127.00","90.24","136.19","81.06","113.88","143.17","62.77","194.28","33.48","274.68","-46.92","9794590.00","282750.00"
"Thu Jul 16 2026 12:35:00 GMT+0530 (India Standard Time)","104.00","104.90","101.45","102.75","108.61","117.79","99.43","126.98","90.25","136.16","81.06","113.88","143.17","62.77","194.28","33.48","274.68","-46.92","9809020.00","201565.00"
"Thu Jul 16 2026 12:36:00 GMT+0530 (India Standard Time)","102.75","104.50","102.75","103.75","108.60","117.78","99.43","126.96","90.25","136.14","81.07","113.88","143.17","62.77","194.28","33.48","274.68","-46.92","9819225.00","126750.00"
"Thu Jul 16 2026 12:37:00 GMT+0530 (India Standard Time)","103.75","103.75","100.80","101.05","108.59","117.77","99.42","126.94","90.24","136.12","81.07","113.88","143.17","62.77","194.28","33.48","274.68","-46.92","9838660.00","145795.00"
"Thu Jul 16 2026 12:38:00 GMT+0530 (India Standard Time)","100.95","101.75","100.15","101.35","108.58","117.75","99.40","126.92","90.23","136.09","81.06","113.88","143.17","62.77","194.28","33.48","274.68","-46.92","9827285.00","184990.00"
"Thu Jul 16 2026 12:39:00 GMT+0530 (India Standard Time)","101.10","102.00","100.50","100.60","108.57","117.74","99.40","126.91","90.23","136.08","81.06","113.88","143.17","62.77","194.28","33.48","274.68","-46.92","9839830.00","101660.00"
"Thu Jul 16 2026 12:40:00 GMT+0530 (India Standard Time)","100.60","100.95","99.45","100.95","108.55","117.72","99.39","126.89","90.22","136.06","81.05","113.88","143.17","62.77","194.28","33.48","274.68","-46.92","9848085.00","133705.00"
"Thu Jul 16 2026 12:41:00 GMT+0530 (India Standard Time)","100.40","100.60","98.70","99.40","108.53","117.70","99.37","126.87","90.20","136.04","81.03","113.88","143.17","62.77","194.28","33.48","274.68","-46.92","9846395.00","197600.00"
"Thu Jul 16 2026 12:42:00 GMT+0530 (India Standard Time)","99.35","99.90","94.70","94.70","108.46","117.65","99.28","126.84","90.09","136.03","80.90","113.88","143.17","62.77","194.28","33.48","274.68","-46.92","9836710.00","511420.00"
"Thu Jul 16 2026 12:43:00 GMT+0530 (India Standard Time)","95.60","97.00","91.25","93.85","108.31","117.57","99.05","126.82","89.79","136.08","80.53","113.88","143.17","62.77","194.28","33.48","274.68","-46.92","9898720.00","974350.00"
"Thu Jul 16 2026 12:44:00 GMT+0530 (India Standard Time)","93.85","96.50","93.85","95.20","108.25","117.53","98.97","126.81","89.70","136.09","80.42","113.88","143.17","62.77","194.28","33.48","274.68","-46.92","9927060.00","362180.00"
"Thu Jul 16 2026 12:45:00 GMT+0530 (India Standard Time)","95.20","96.05","93.70","96.00","108.21","117.51","98.92","126.80","89.63","136.09","80.34","113.88","143.17","62.77","194.28","33.48","274.68","-46.92","9954490.00","269230.00"
"Thu Jul 16 2026 12:46:00 GMT+0530 (India Standard Time)","96.00","96.45","95.05","96.30","108.19","117.49","98.89","126.79","89.59","136.08","80.29","113.88","143.17","62.77","194.28","33.48","274.68","-46.92","9985105.00","182845.00"
"Thu Jul 16 2026 12:47:00 GMT+0530 (India Standard Time)","96.20","96.25","94.80","95.65","108.17","117.47","98.87","126.78","89.56","136.08","80.26","113.88","143.17","62.77","194.28","33.48","274.68","-46.92","10018645.00","132730.00"
"Thu Jul 16 2026 12:48:00 GMT+0530 (India Standard Time)","95.85","95.95","94.90","95.30","108.16","117.46","98.85","126.77","89.54","136.08","80.23","113.88","143.17","62.77","194.28","33.48","274.68","-46.92","10027485.00","104260.00"
"Thu Jul 16 2026 12:49:00 GMT+0530 (India Standard Time)","95.30","95.40","94.50","95.40","108.14","117.45","98.82","126.77","89.51","136.08","80.20","113.88","143.17","62.77","194.28","33.48","274.68","-46.92","10045165.00","109330.00"
"Thu Jul 16 2026 12:50:00 GMT+0530 (India Standard Time)","95.40","96.50","95.05","96.10","108.12","117.44","98.80","126.76","89.48","136.08","80.16","113.88","143.17","62.77","194.28","33.48","274.68","-46.92","10045165.00","125840.00"
"Thu Jul 16 2026 12:51:00 GMT+0530 (India Standard Time)","96.10","96.15","94.50","94.60","108.10","117.43","98.77","126.75","89.45","136.08","80.12","113.88","143.17","62.77","194.28","33.48","274.68","-46.92","10045165.00","158795.00"
"Thu Jul 16 2026 12:52:00 GMT+0530 (India Standard Time)","94.60","96.80","94.60","95.50","108.07","117.40","98.73","126.74","89.40","136.08","80.06","113.88","143.17","62.77","194.28","33.48","274.68","-46.92","10079160.00","223925.00"
"Thu Jul 16 2026 12:53:00 GMT+0530 (India Standard Time)","95.50","95.50","92.30","92.30","108.01","117.37","98.64","126.74","89.28","136.10","79.92","113.88","143.17","62.77","194.28","33.48","274.68","-46.92","10137205.00","372450.00"
"Thu Jul 16 2026 12:54:00 GMT+0530 (India Standard Time)","92.30","94.00","90.20","93.60","107.94","117.34","98.54","126.74","89.14","136.14","79.74","113.88","143.17","62.77","194.28","33.48","274.68","-46.92","10194470.00","416065.00"
"Thu Jul 16 2026 12:55:00 GMT+0530 (India Standard Time)","93.60","93.70","92.00","93.25","107.91","117.32","98.49","126.74","89.08","136.15","79.66","113.88","143.17","62.77","194.28","33.48","274.68","-46.92","10215790.00","189085.00"
"Thu Jul 16 2026 12:56:00 GMT+0530 (India Standard Time)","93.25","93.80","92.20","93.20","107.88","117.31","98.45","126.74","89.02","136.16","79.59","113.88","143.17","62.77","194.28","33.48","274.68","-46.92","10250825.00","179140.00"
"Thu Jul 16 2026 12:57:00 GMT+0530 (India Standard Time)","93.20","93.80","91.90","92.25","107.85","117.29","98.41","126.74","88.97","136.18","79.53","113.88","143.17","62.77","194.28","33.48","274.68","-46.92","10294310.00","153790.00"
"Thu Jul 16 2026 12:58:00 GMT+0530 (India Standard Time)","92.25","92.35","90.60","90.90","107.82","117.28","98.35","126.74","88.89","136.20","79.43","113.88","143.17","62.77","194.28","33.48","274.68","-46.92","10344685.00","200785.00"
"Thu Jul 16 2026 12:59:00 GMT+0530 (India Standard Time)","90.90","91.65","90.50","90.65","107.79","117.27","98.31","126.75","88.83","136.23","79.36","113.88","143.17","62.77","194.28","33.48","274.68","-46.92","10384465.00","143390.00"
"Thu Jul 16 2026 13:00:00 GMT+0530 (India Standard Time)","90.65","90.65","85.55","87.00","107.61","117.23","97.99","126.86","88.36","136.48","78.74","113.88","143.17","62.77","194.28","33.48","274.68","-46.92","10470590.00","836615.00"
"Thu Jul 16 2026 13:01:00 GMT+0530 (India Standard Time)","87.00","90.80","86.40","90.80","107.53","117.21","97.85","126.89","88.17","136.56","78.50","113.88","143.17","62.77","194.28","33.48","274.68","-46.92","10432955.00","409305.00"
"Thu Jul 16 2026 13:02:00 GMT+0530 (India Standard Time)","90.80","91.35","89.90","90.15","107.48","117.19","97.77","126.90","88.06","136.61","78.35","113.88","143.17","62.77","194.28","33.48","274.68","-46.92","10446670.00","296790.00"
"Thu Jul 16 2026 13:03:00 GMT+0530 (India Standard Time)","90.15","90.45","89.35","90.00","107.45","117.18","97.72","126.90","87.99","136.63","78.27","113.88","143.17","62.77","194.28","33.48","274.68","-46.92","10498735.00","144820.00"
"Thu Jul 16 2026 13:04:00 GMT+0530 (India Standard Time)","90.00","92.75","89.30","92.75","107.41","117.16","97.67","126.90","87.92","136.65","78.18","113.88","143.17","62.77","194.28","33.48","274.68","-46.92","10480860.00","215670.00"
"Thu Jul 16 2026 13:05:00 GMT+0530 (India Standard Time)","92.70","92.85","91.20","91.65","107.36","117.13","97.59","126.90","87.82","136.67","78.05","113.88","143.17","62.77","194.28","33.48","274.68","-46.92","10465390.00","309985.00"
"Thu Jul 16 2026 13:06:00 GMT+0530 (India Standard Time)","91.65","92.70","90.65","92.25","107.33","117.11","97.54","126.90","87.75","136.69","77.97","113.88","143.17","62.77","194.28","33.48","274.68","-46.92","10565815.00","213135.00"
"Thu Jul 16 2026 13:07:00 GMT+0530 (India Standard Time)","92.25","92.80","90.65","91.70","107.30","117.10","97.49","126.90","87.69","136.70","77.89","113.88","143.17","62.77","194.28","33.48","274.68","-46.92","10631660.00","193830.00"
"Thu Jul 16 2026 13:08:00 GMT+0530 (India Standard Time)","91.70","92.70","91.40","92.25","107.27","117.08","97.46","126.90","87.65","136.71","77.83","113.88","143.17","62.77","194.28","33.48","274.68","-46.92","10690485.00","151645.00"
"Thu Jul 16 2026 13:09:00 GMT+0530 (India Standard Time)","92.45","92.60","91.20","91.75","107.25","117.07","97.42","126.89","87.60","136.72","77.78","113.88","143.17","62.77","194.28","33.48","274.68","-46.92","10686455.00","144105.00"
"Thu Jul 16 2026 13:10:00 GMT+0530 (India Standard Time)","91.90","92.20","90.15","90.25","107.22","117.06","97.38","126.90","87.54","136.74","77.70","113.88","143.17","62.77","194.28","33.48","274.68","-46.92","10748400.00","163150.00"
"Thu Jul 16 2026 13:11:00 GMT+0530 (India Standard Time)","90.60","91.50","89.80","89.80","107.19","117.04","97.33","126.90","87.47","136.76","77.61","113.88","143.17","62.77","194.28","33.48","274.68","-46.92","10753405.00","192985.00"
"Thu Jul 16 2026 13:12:00 GMT+0530 (India Standard Time)","90.10","91.40","89.45","91.30","107.15","117.03","97.28","126.90","87.40","136.78","77.53","113.88","143.17","62.77","194.28","33.48","274.68","-46.92","10798840.00","187460.00"
"Thu Jul 16 2026 13:13:00 GMT+0530 (India Standard Time)","90.80","92.00","90.55","91.60","107.13","117.02","97.25","126.90","87.36","136.79","77.48","113.88","143.17","62.77","194.28","33.48","274.68","-46.92","10810150.00","125385.00"
"Thu Jul 16 2026 13:14:00 GMT+0530 (India Standard Time)","91.35","92.65","90.40","90.40","107.11","117.00","97.21","126.90","87.31","136.80","77.41","113.88","143.17","62.77","194.28","33.48","274.68","-46.92","10807680.00","156260.00"
"Thu Jul 16 2026 13:15:00 GMT+0530 (India Standard Time)","90.55","90.55","85.00","86.55","106.98","116.97","96.99","126.96","87.00","136.95","77.01","113.88","143.17","62.77","194.28","33.48","274.68","-46.92","10843040.00","608335.00"
"Thu Jul 16 2026 13:16:00 GMT+0530 (India Standard Time)","86.55","88.35","85.45","87.90","106.92","116.96","96.89","126.99","86.85","137.02","76.82","113.88","143.17","62.77","194.28","33.48","274.68","-46.92","10771865.00","297050.00"
"Thu Jul 16 2026 13:17:00 GMT+0530 (India Standard Time)","87.90","88.55","87.05","87.85","106.88","116.94","96.81","127.01","86.75","137.07","76.68","113.88","143.17","62.77","194.28","33.48","274.68","-46.92","10790975.00","228410.00"
"Thu Jul 16 2026 13:18:00 GMT+0530 (India Standard Time)","87.85","88.20","86.30","87.85","106.84","116.93","96.75","127.02","86.67","137.11","76.58","113.88","143.17","62.77","194.28","33.48","274.68","-46.92","10875215.00","169000.00"
"Thu Jul 16 2026 13:19:00 GMT+0530 (India Standard Time)","87.85","88.25","87.30","88.15","106.82","116.92","96.72","127.03","86.61","137.13","76.51","113.88","143.17","62.77","194.28","33.48","274.68","-46.92","10901930.00","119210.00"
"Thu Jul 16 2026 13:20:00 GMT+0530 (India Standard Time)","88.20","89.65","87.45","89.20","106.78","116.91","96.65","127.04","86.52","137.16","76.40","113.88","143.17","62.77","194.28","33.48","274.68","-46.92","10939435.00","213265.00"
"Thu Jul 16 2026 13:21:00 GMT+0530 (India Standard Time)","89.20","89.80","88.40","89.20","106.76","116.90","96.62","127.04","86.48","137.18","76.33","113.88","143.17","62.77","194.28","33.48","274.68","-46.92","10957050.00","124150.00"
"Thu Jul 16 2026 13:22:00 GMT+0530 (India Standard Time)","89.20","89.70","87.55","87.55","106.74","116.89","96.58","127.05","86.43","137.20","76.27","113.88","143.17","62.77","194.28","33.48","274.68","-46.92","10971025.00","116935.00"
"Thu Jul 16 2026 13:23:00 GMT+0530 (India Standard Time)","87.35","88.20","87.10","87.65","106.71","116.88","96.54","127.06","86.36","137.23","76.19","113.88","143.17","62.77","194.28","33.48","274.68","-46.92","10999690.00","135460.00"
"Thu Jul 16 2026 13:24:00 GMT+0530 (India Standard Time)","87.65","87.85","86.20","86.30","106.68","116.87","96.48","127.07","86.28","137.27","76.08","113.88","143.17","62.77","194.28","33.48","274.68","-46.92","10990850.00","167700.00"
"Thu Jul 16 2026 13:25:00 GMT+0530 (India Standard Time)","86.30","86.55","83.05","83.95","106.53","116.85","96.21","127.17","85.88","137.49","75.56","113.88","143.17","62.77","194.28","33.48","274.68","-46.92","11053510.00","658970.00"
"Thu Jul 16 2026 13:26:00 GMT+0530 (India Standard Time)","84.20","84.20","82.05","83.90","106.43","116.84","96.02","127.25","85.62","137.65","75.21","113.88","143.17","62.77","194.28","33.48","274.68","-46.92","10934235.00","412035.00"
"Thu Jul 16 2026 13:27:00 GMT+0530 (India Standard Time)","83.90","84.35","82.50","82.95","106.36","116.83","95.88","127.30","85.41","137.78","74.94","113.88","143.17","62.77","194.28","33.48","274.68","-46.92","10909990.00","322010.00"
"Thu Jul 16 2026 13:28:00 GMT+0530 (India Standard Time)","82.95","84.60","82.95","84.25","106.31","116.82","95.79","127.34","85.28","137.85","74.76","113.88","143.17","62.77","194.28","33.48","274.68","-46.92","10947105.00","218205.00"
"Thu Jul 16 2026 13:29:00 GMT+0530 (India Standard Time)","84.30","84.45","83.60","84.25","106.28","116.82","95.74","127.36","85.20","137.89","74.66","113.88","143.17","62.77","194.28","33.48","274.68","-46.92","10968230.00","134160.00"
"Thu Jul 16 2026 13:30:00 GMT+0530 (India Standard Time)","84.25","84.25","75.65","77.85","105.95","116.83","95.06","127.72","84.17","138.61","73.28","113.88","143.17","62.77","194.28","33.48","274.68","-46.92","11027965.00","1238705.00"
"Thu Jul 16 2026 13:31:00 GMT+0530 (India Standard Time)","77.85","78.20","74.95","75.50","105.69","116.87","94.51","128.05","83.33","139.23","72.15","113.88","143.17","62.77","194.28","33.48","274.68","-46.92","11011650.00","868075.00"
"Thu Jul 16 2026 13:32:00 GMT+0530 (India Standard Time)","75.50","77.75","75.20","76.85","105.55","116.89","94.21","128.22","82.88","139.56","71.54","113.88","143.17","62.77","194.28","33.48","274.68","-46.92","11046360.00","504660.00"
"Thu Jul 16 2026 13:33:00 GMT+0530 (India Standard Time)","76.85","78.65","75.85","76.50","105.44","116.89","94.00","128.34","82.55","139.79","71.10","113.88","143.17","62.77","194.28","33.48","274.68","-46.92","11109410.00","383240.00"
"Thu Jul 16 2026 13:34:00 GMT+0530 (India Standard Time)","76.50","77.95","75.90","77.30","105.37","116.90","93.85","128.42","82.33","139.94","70.81","113.88","143.17","62.77","194.28","33.48","274.68","-46.92","11131380.00","257335.00"
"Thu Jul 16 2026 13:35:00 GMT+0530 (India Standard Time)","77.30","77.30","76.00","76.15","105.29","116.90","93.68","128.51","82.07","140.12","70.45","113.88","143.17","62.77","194.28","33.48","274.68","-46.92","11151010.00","306150.00"
"Thu Jul 16 2026 13:36:00 GMT+0530 (India Standard Time)","76.15","76.70","75.50","76.05","105.23","116.90","93.56","128.57","81.89","140.25","70.22","113.88","143.17","62.77","194.28","33.48","274.68","-46.92","11202360.00","203450.00"
"Thu Jul 16 2026 13:37:00 GMT+0530 (India Standard Time)","76.05","76.05","70.55","72.15","105.02","116.94","93.10","128.86","81.18","140.78","69.27","113.88","143.17","62.77","194.28","33.48","274.68","-46.92","11232065.00","674700.00"
"Thu Jul 16 2026 13:38:00 GMT+0530 (India Standard Time)","71.95","72.40","70.00","70.85","104.84","116.98","92.71","129.12","80.57","141.26","68.43","113.88","143.17","62.77","194.28","33.48","274.68","-46.92","11184225.00","549315.00"
"Thu Jul 16 2026 13:39:00 GMT+0530 (India Standard Time)","70.60","72.00","70.50","71.60","104.73","117.00","92.47","129.27","80.20","141.54","67.93","113.88","143.17","62.77","194.28","33.48","274.68","-46.92","11198915.00","347360.00"
"Thu Jul 16 2026 13:40:00 GMT+0530 (India Standard Time)","71.55","71.55","68.00","69.75","104.49","117.06","91.92","129.62","79.36","142.19","66.79","113.88","143.17","62.77","194.28","33.48","274.68","-46.92","11285820.00","736060.00"
"Thu Jul 16 2026 13:41:00 GMT+0530 (India Standard Time)","69.80","70.70","68.85","69.45","104.26","117.10","91.42","129.94","78.58","142.78","65.74","113.88","143.17","62.77","194.28","33.48","274.68","-46.92","11407500.00","710060.00"
"Thu Jul 16 2026 13:42:00 GMT+0530 (India Standard Time)","69.70","69.95","68.50","68.95","103.98","117.14","90.81","130.31","77.64","143.48","64.48","113.88","143.17","62.77","194.28","33.48","274.68","-46.92","11486995.00","861770.00"
"Thu Jul 16 2026 13:43:00 GMT+0530 (India Standard Time)","68.95","69.95","67.85","68.50","103.83","117.16","90.49","130.50","77.15","143.84","63.82","113.88","143.17","62.77","194.28","33.48","274.68","-46.92","11594570.00","459420.00"
"Thu Jul 16 2026 13:44:00 GMT+0530 (India Standard Time)","68.30","68.85","66.30","66.60","103.64","117.20","90.07","130.76","76.51","144.32","62.95","113.88","143.17","62.77","194.28","33.48","274.68","-46.92","11620375.00","571415.00"
"Thu Jul 16 2026 13:45:00 GMT+0530 (India Standard Time)","66.95","69.55","66.75","68.00","103.49","117.21","89.77","130.94","76.04","144.66","62.32","113.88","143.17","62.77","194.28","33.48","274.68","-46.92","11681345.00","446615.00"
"Thu Jul 16 2026 13:46:00 GMT+0530 (India Standard Time)","68.00","69.60","68.00","69.60","103.39","117.22","89.57","131.04","75.74","144.87","61.92","113.88","143.17","62.77","194.28","33.48","274.68","-46.92","11750895.00","306865.00"
"Thu Jul 16 2026 13:47:00 GMT+0530 (India Standard Time)","69.60","69.65","68.45","69.40","103.33","117.22","89.45","131.11","75.56","144.99","61.67","113.88","143.17","62.77","194.28","33.48","274.68","-46.92","11808550.00","194220.00"
"Thu Jul 16 2026 13:48:00 GMT+0530 (India Standard Time)","69.40","69.40","68.05","68.85","103.27","117.22","89.32","131.17","75.36","145.13","61.41","113.88","143.17","62.77","194.28","33.48","274.68","-46.92","11850475.00","200460.00"
"Thu Jul 16 2026 13:49:00 GMT+0530 (India Standard Time)","68.85","68.85","67.75","68.50","103.16","117.23","89.09","131.29","75.03","145.36","60.96","113.88","143.17","62.77","194.28","33.48","274.68","-46.92","11906765.00","345150.00"
"Thu Jul 16 2026 13:50:00 GMT+0530 (India Standard Time)","68.50","69.40","68.20","69.05","103.08","117.23","88.94","131.37","74.80","145.51","60.66","113.88","143.17","62.77","194.28","33.48","274.68","-46.92","11908130.00","240500.00"
"Thu Jul 16 2026 13:51:00 GMT+0530 (India Standard Time)","68.95","71.70","68.70","71.70","102.99","117.22","88.76","131.45","74.53","145.68","60.30","113.88","143.17","62.77","194.28","33.48","274.68","-46.92","11983205.00","327990.00"
"Thu Jul 16 2026 13:52:00 GMT+0530 (India Standard Time)","71.70","72.40","71.00","71.50","102.84","117.20","88.49","131.56","74.13","145.91","59.78","113.88","143.17","62.77","194.28","33.48","274.68","-46.92","11962145.00","514735.00"
"Thu Jul 16 2026 13:53:00 GMT+0530 (India Standard Time)","71.75","73.25","70.30","70.60","102.71","117.18","88.24","131.65","73.77","146.12","59.31","113.88","143.17","62.77","194.28","33.48","274.68","-46.92","12055680.00","465205.00"
"Thu Jul 16 2026 13:54:00 GMT+0530 (India Standard Time)","70.60","72.65","70.60","72.65","102.66","117.17","88.15","131.68","73.64","146.19","59.13","113.88","143.17","62.77","194.28","33.48","274.68","-46.92","12117950.00","182065.00"
"Thu Jul 16 2026 13:55:00 GMT+0530 (India Standard Time)","72.65","74.10","72.65","74.10","102.57","117.15","87.99","131.73","73.40","146.31","58.82","113.88","143.17","62.77","194.28","33.48","274.68","-46.92","12055355.00","368810.00"
"Thu Jul 16 2026 13:56:00 GMT+0530 (India Standard Time)","73.85","76.45","73.85","74.85","102.42","117.10","87.73","131.78","73.05","146.46","58.37","113.88","143.17","62.77","194.28","33.48","274.68","-46.92","12051130.00","619125.00"
"Thu Jul 16 2026 13:57:00 GMT+0530 (India Standard Time)","74.85","75.25","73.80","74.20","102.35","117.08","87.63","131.80","72.90","146.53","58.18","113.88","143.17","62.77","194.28","33.48","274.68","-46.92","12010570.00","251875.00"
"Thu Jul 16 2026 13:58:00 GMT+0530 (India Standard Time)","74.20","75.55","74.20","75.25","102.28","117.05","87.50","131.83","72.73","146.60","57.96","113.88","143.17","62.77","194.28","33.48","274.68","-46.92","12037350.00","308035.00"
"Thu Jul 16 2026 13:59:00 GMT+0530 (India Standard Time)","75.25","77.60","74.80","77.20","102.21","117.02","87.39","131.84","72.58","146.66","57.76","113.88","143.17","62.77","194.28","33.48","274.68","-46.92","12066665.00","316290.00"
"Thu Jul 16 2026 14:00:00 GMT+0530 (India Standard Time)","77.20","77.95","75.50","76.25","102.12","116.98","87.25","131.85","72.38","146.72","57.51","113.88","143.17","62.77","194.28","33.48","274.68","-46.92","11999130.00","410930.00"
"Thu Jul 16 2026 14:01:00 GMT+0530 (India Standard Time)","76.25","76.70","75.55","76.20","102.08","116.97","87.19","131.86","72.30","146.75","57.41","113.88","143.17","62.77","194.28","33.48","274.68","-46.92","11968905.00","158470.00"
"Thu Jul 16 2026 14:02:00 GMT+0530 (India Standard Time)","76.20","77.85","75.05","76.75","101.98","116.93","87.04","131.87","72.09","146.82","57.14","113.88","143.17","62.77","194.28","33.48","274.68","-46.92","11955970.00","442975.00"
"Thu Jul 16 2026 14:03:00 GMT+0530 (India Standard Time)","76.75","76.75","75.60","76.00","101.91","116.90","86.93","131.88","71.95","146.86","56.96","113.88","143.17","62.77","194.28","33.48","274.68","-46.92","11956945.00","296985.00"
"Thu Jul 16 2026 14:04:00 GMT+0530 (India Standard Time)","76.00","76.40","74.55","75.35","101.85","116.87","86.83","131.89","71.80","146.92","56.78","113.88","143.17","62.77","194.28","33.48","274.68","-46.92","11964810.00","280995.00"
"Thu Jul 16 2026 14:05:00 GMT+0530 (India Standard Time)","75.35","76.50","74.70","76.50","101.81","116.85","86.76","131.90","71.71","146.95","56.67","113.88","143.17","62.77","194.28","33.48","274.68","-46.92","11967605.00","191100.00"
"Thu Jul 16 2026 14:06:00 GMT+0530 (India Standard Time)","76.50","78.75","75.95","78.40","101.72","116.81","86.63","131.90","71.54","146.99","56.45","113.88","143.17","62.77","194.28","33.48","274.68","-46.92","11922170.00","424255.00"
"Thu Jul 16 2026 14:07:00 GMT+0530 (India Standard Time)","78.40","78.55","75.90","76.00","101.66","116.78","86.55","131.90","71.43","147.02","56.31","113.88","143.17","62.77","194.28","33.48","274.68","-46.92","11939005.00","251095.00"
"Thu Jul 16 2026 14:08:00 GMT+0530 (India Standard Time)","76.00","77.15","74.75","74.75","101.61","116.76","86.47","131.91","71.32","147.05","56.18","113.88","143.17","62.77","194.28","33.48","274.68","-46.92","11912030.00","222365.00"
"Thu Jul 16 2026 14:09:00 GMT+0530 (India Standard Time)","74.75","75.60","74.30","74.40","101.56","116.74","86.38","131.92","71.20","147.10","56.03","113.88","143.17","62.77","194.28","33.48","274.68","-46.92","11903710.00","230165.00"
"Thu Jul 16 2026 14:10:00 GMT+0530 (India Standard Time)","74.35","75.25","73.65","75.00","101.52","116.72","86.31","131.93","71.10","147.13","55.90","113.88","143.17","62.77","194.28","33.48","274.68","-46.92","11894285.00","198640.00"
"Thu Jul 16 2026 14:11:00 GMT+0530 (India Standard Time)","75.35","76.45","74.90","75.40","101.46","116.70","86.23","131.93","70.99","147.17","55.75","113.88","143.17","62.77","194.28","33.48","274.68","-46.92","11866920.00","242580.00"
"Thu Jul 16 2026 14:12:00 GMT+0530 (India Standard Time)","75.45","76.30","75.00","75.65","101.43","116.68","86.18","131.94","70.92","147.19","55.67","113.88","143.17","62.77","194.28","33.48","274.68","-46.92","11853075.00","143065.00"
"Thu Jul 16 2026 14:13:00 GMT+0530 (India Standard Time)","75.70","77.45","75.45","76.35","101.40","116.67","86.13","131.94","70.86","147.21","55.58","113.88","143.17","62.77","194.28","33.48","274.68","-46.92","11859185.00","159315.00"
"Thu Jul 16 2026 14:14:00 GMT+0530 (India Standard Time)","76.35","76.35","74.75","75.20","101.36","116.65","86.08","131.94","70.79","147.23","55.50","113.88","143.17","62.77","194.28","33.48","274.68","-46.92","11873030.00","145600.00"
"Thu Jul 16 2026 14:15:00 GMT+0530 (India Standard Time)","75.40","76.05","74.90","75.55","101.34","116.64","86.05","131.94","70.75","147.24","55.45","113.88","143.17","62.77","194.28","33.48","274.68","-46.92","11880440.00","88985.00"
"Thu Jul 16 2026 14:16:00 GMT+0530 (India Standard Time)","75.60","78.00","75.60","77.95","101.31","116.63","85.99","131.94","70.68","147.26","55.36","113.88","143.17","62.77","194.28","33.48","274.68","-46.92","11877385.00","169455.00"
"Thu Jul 16 2026 14:17:00 GMT+0530 (India Standard Time)","77.95","81.00","77.30","81.00","101.21","116.56","85.87","131.91","70.52","147.26","55.17","113.88","143.17","62.77","194.28","33.48","274.68","-46.92","11850410.00","524485.00"
"Thu Jul 16 2026 14:18:00 GMT+0530 (India Standard Time)","81.00","81.65","77.80","79.00","101.11","116.50","85.73","131.88","70.34","147.26","54.96","113.88","143.17","62.77","194.28","33.48","274.68","-46.92","11751480.00","558480.00"
"Thu Jul 16 2026 14:19:00 GMT+0530 (India Standard Time)","78.70","79.15","78.10","78.50","101.05","116.46","85.65","131.87","70.24","147.27","54.83","113.88","143.17","62.77","194.28","33.48","274.68","-46.92","11807250.00","305890.00"
"Thu Jul 16 2026 14:20:00 GMT+0530 (India Standard Time)","78.55","78.65","76.05","76.50","101.00","116.43","85.57","131.86","70.14","147.29","54.71","113.88","143.17","62.77","194.28","33.48","274.68","-46.92","11693760.00","269880.00"
"Thu Jul 16 2026 14:21:00 GMT+0530 (India Standard Time)","76.50","77.00","74.35","74.75","100.91","116.39","85.43","131.87","69.96","147.35","54.48","113.88","143.17","62.77","194.28","33.48","274.68","-46.92","11717095.00","413985.00"
"Thu Jul 16 2026 14:22:00 GMT+0530 (India Standard Time)","74.75","76.60","74.60","74.80","100.87","116.37","85.37","131.87","69.87","147.37","54.37","113.88","143.17","62.77","194.28","33.48","274.68","-46.92","11668475.00","199420.00"
"Thu Jul 16 2026 14:23:00 GMT+0530 (India Standard Time)","74.80","75.85","74.30","74.75","100.84","116.36","85.33","131.87","69.82","147.38","54.30","113.88","143.17","62.77","194.28","33.48","274.68","-46.92","11699415.00","114790.00"
"Thu Jul 16 2026 14:24:00 GMT+0530 (India Standard Time)","74.75","75.90","74.60","75.15","100.82","116.35","85.29","131.87","69.77","147.40","54.24","113.88","143.17","62.77","194.28","33.48","274.68","-46.92","11714690.00","112190.00"
"Thu Jul 16 2026 14:25:00 GMT+0530 (India Standard Time)","75.15","75.30","73.75","74.35","100.78","116.33","85.24","131.88","69.69","147.42","54.14","113.88","143.17","62.77","194.28","33.48","274.68","-46.92","11746670.00","169325.00"
"Thu Jul 16 2026 14:26:00 GMT+0530 (India Standard Time)","74.35","75.10","73.85","74.50","100.75","116.31","85.18","131.88","69.62","147.45","54.05","113.88","143.17","62.77","194.28","33.48","274.68","-46.92","11737635.00","161525.00"
"Thu Jul 16 2026 14:27:00 GMT+0530 (India Standard Time)","74.55","75.30","73.45","73.65","100.72","116.30","85.14","131.88","69.55","147.47","53.97","113.88","143.17","62.77","194.28","33.48","274.68","-46.92","11690380.00","134290.00"
"Thu Jul 16 2026 14:28:00 GMT+0530 (India Standard Time)","73.65","74.50","72.60","73.80","100.65","116.27","85.04","131.89","69.42","147.51","53.80","113.88","143.17","62.77","194.28","33.48","274.68","-46.92","11679135.00","284505.00"
"Thu Jul 16 2026 14:29:00 GMT+0530 (India Standard Time)","74.20","74.80","73.30","74.65","100.63","116.26","84.99","131.90","69.36","147.53","53.73","113.88","143.17","62.77","194.28","33.48","274.68","-46.92","11650795.00","123890.00"
"Thu Jul 16 2026 14:30:00 GMT+0530 (India Standard Time)","74.65","76.70","74.65","76.35","100.58","116.23","84.92","131.89","69.26","147.55","53.60","113.88","143.17","62.77","194.28","33.48","274.68","-46.92","11587420.00","251940.00"
"Thu Jul 16 2026 14:31:00 GMT+0530 (India Standard Time)","76.35","76.60","74.65","75.00","100.54","116.22","84.86","131.89","69.19","147.57","53.51","113.88","143.17","62.77","194.28","33.48","274.68","-46.92","11619270.00","179985.00"
"Thu Jul 16 2026 14:32:00 GMT+0530 (India Standard Time)","75.00","77.90","74.50","77.60","100.50","116.19","84.80","131.89","69.11","147.58","53.41","113.88","143.17","62.77","194.28","33.48","274.68","-46.92","11633570.00","216905.00"
"Thu Jul 16 2026 14:33:00 GMT+0530 (India Standard Time)","77.60","77.60","74.30","75.30","100.44","116.16","84.71","131.88","68.99","147.61","53.27","113.88","143.17","62.77","194.28","33.48","274.68","-46.92","11614720.00","295360.00"
"Thu Jul 16 2026 14:34:00 GMT+0530 (India Standard Time)","75.30","77.30","75.25","75.25","100.41","116.15","84.68","131.88","68.94","147.61","53.21","113.88","143.17","62.77","194.28","33.48","274.68","-46.92","11618295.00","119600.00"
"Thu Jul 16 2026 14:35:00 GMT+0530 (India Standard Time)","75.25","76.45","75.25","76.00","100.39","116.13","84.65","131.88","68.90","147.62","53.16","113.88","143.17","62.77","194.28","33.48","274.68","-46.92","11643840.00","111085.00"
"Thu Jul 16 2026 14:36:00 GMT+0530 (India Standard Time)","76.00","76.80","74.80","75.35","100.36","116.12","84.61","131.88","68.85","147.63","53.09","113.88","143.17","62.77","194.28","33.48","274.68","-46.92","11660285.00","130130.00"
"Thu Jul 16 2026 14:37:00 GMT+0530 (India Standard Time)","75.35","76.00","75.05","75.40","100.35","116.11","84.58","131.88","68.81","147.64","53.05","113.88","143.17","62.77","194.28","33.48","274.68","-46.92","11649235.00","92560.00"
"Thu Jul 16 2026 14:38:00 GMT+0530 (India Standard Time)","75.25","75.75","74.80","75.50","100.32","116.10","84.55","131.87","68.77","147.65","52.99","113.88","143.17","62.77","194.28","33.48","274.68","-46.92","11643970.00","110175.00"
"Thu Jul 16 2026 14:39:00 GMT+0530 (India Standard Time)","75.45","76.00","75.15","75.80","100.30","116.09","84.52","131.87","68.73","147.66","52.94","113.88","143.17","62.77","194.28","33.48","274.68","-46.92","11639355.00","105755.00"
"Thu Jul 16 2026 14:40:00 GMT+0530 (India Standard Time)","76.00","76.00","73.40","73.55","100.26","116.07","84.46","131.87","68.65","147.68","52.85","113.88","143.17","62.77","194.28","33.48","274.68","-46.92","11622715.00","174330.00"
"Thu Jul 16 2026 14:41:00 GMT+0530 (India Standard Time)","73.30","75.75","73.25","75.75","100.23","116.05","84.41","131.87","68.59","147.70","52.76","113.88","143.17","62.77","194.28","33.48","274.68","-46.92","11633570.00","167570.00"
"Thu Jul 16 2026 14:42:00 GMT+0530 (India Standard Time)","75.60","77.75","74.50","77.65","100.19","116.03","84.35","131.87","68.52","147.70","52.68","113.88","143.17","62.77","194.28","33.48","274.68","-46.92","11625575.00","203710.00"
"Thu Jul 16 2026 14:43:00 GMT+0530 (India Standard Time)","77.50","77.65","76.65","77.00","100.15","116.01","84.30","131.86","68.45","147.71","52.60","113.88","143.17","62.77","194.28","33.48","274.68","-46.92","11541465.00","204100.00"
"Thu Jul 16 2026 14:44:00 GMT+0530 (India Standard Time)","76.85","77.90","76.30","77.50","100.12","115.98","84.26","131.85","68.39","147.71","52.53","113.88","143.17","62.77","194.28","33.48","274.68","-46.92","11532625.00","176865.00"
"Thu Jul 16 2026 14:45:00 GMT+0530 (India Standard Time)","77.50","78.25","77.05","77.75","100.08","115.96","84.20","131.84","68.32","147.72","52.44","113.88","143.17","62.77","194.28","33.48","274.68","-46.92","11481925.00","218010.00"
"Thu Jul 16 2026 14:46:00 GMT+0530 (India Standard Time)","77.80","78.00","76.50","76.85","100.05","115.94","84.16","131.83","68.27","147.72","52.38","113.88","143.17","62.77","194.28","33.48","274.68","-46.92","11462685.00","155220.00"
"Thu Jul 16 2026 14:47:00 GMT+0530 (India Standard Time)","76.80","79.50","76.60","78.55","100.01","115.91","84.11","131.82","68.21","147.72","52.30","113.88","143.17","62.77","194.28","33.48","274.68","-46.92","11461970.00","229515.00"
"Thu Jul 16 2026 14:48:00 GMT+0530 (India Standard Time)","78.55","78.55","76.45","76.75","99.98","115.89","84.07","131.81","68.15","147.72","52.24","113.88","143.17","62.77","194.28","33.48","274.68","-46.92","11424790.00","174915.00"
"Thu Jul 16 2026 14:49:00 GMT+0530 (India Standard Time)","76.75","77.05","75.00","75.15","99.95","115.88","84.02","131.80","68.09","147.73","52.16","113.88","143.17","62.77","194.28","33.48","274.68","-46.92","11426480.00","163540.00"
"Thu Jul 16 2026 14:50:00 GMT+0530 (India Standard Time)","75.15","76.75","75.15","76.15","99.92","115.86","83.98","131.80","68.04","147.74","52.11","113.88","143.17","62.77","194.28","33.48","274.68","-46.92","11416665.00","133185.00"
"Thu Jul 16 2026 14:51:00 GMT+0530 (India Standard Time)","76.15","77.50","75.75","76.70","99.90","115.85","83.96","131.79","68.01","147.74","52.06","113.88","143.17","62.77","194.28","33.48","274.68","-46.92","11423165.00","109135.00"
"Thu Jul 16 2026 14:52:00 GMT+0530 (India Standard Time)","76.70","77.40","75.90","76.45","99.89","115.84","83.93","131.79","67.98","147.74","52.03","113.88","143.17","62.77","194.28","33.48","274.68","-46.92","11396190.00","78845.00"
"Thu Jul 16 2026 14:53:00 GMT+0530 (India Standard Time)","76.45","78.00","76.15","77.90","99.86","115.82","83.89","131.78","67.93","147.75","51.97","113.88","143.17","62.77","194.28","33.48","274.68","-46.92","11411530.00","167635.00"
"Thu Jul 16 2026 14:54:00 GMT+0530 (India Standard Time)","77.90","77.95","76.90","77.90","99.79","115.78","83.81","131.76","67.83","147.75","51.84","113.88","143.17","62.77","194.28","33.48","274.68","-46.92","11363430.00","348335.00"
"Thu Jul 16 2026 14:55:00 GMT+0530 (India Standard Time)","77.90","80.20","77.80","79.25","99.73","115.73","83.73","131.73","67.73","147.73","51.73","113.88","143.17","62.77","194.28","33.48","274.68","-46.92","11272430.00","395785.00"
"Thu Jul 16 2026 14:56:00 GMT+0530 (India Standard Time)","79.25","82.25","79.10","82.20","99.66","115.67","83.65","131.68","67.64","147.69","51.63","113.88","143.17","62.77","194.28","33.48","274.68","-46.92","11259105.00","468520.00"
"Thu Jul 16 2026 14:57:00 GMT+0530 (India Standard Time)","82.25","82.30","79.10","79.50","99.59","115.62","83.57","131.64","67.54","147.66","51.52","113.88","143.17","62.77","194.28","33.48","274.68","-46.92","11244740.00","454155.00"
"Thu Jul 16 2026 14:58:00 GMT+0530 (India Standard Time)","79.50","82.95","79.45","82.30","99.53","115.56","83.50","131.59","67.47","147.63","51.44","113.88","143.17","62.77","194.28","33.48","274.68","-46.92","11256895.00","407095.00"
"Thu Jul 16 2026 14:59:00 GMT+0530 (India Standard Time)","82.30","85.65","78.30","81.85","99.41","115.45","83.36","131.49","67.32","147.53","51.28","113.88","143.17","62.77","194.28","33.48","274.68","-46.92","11110320.00","926835.00"
"Thu Jul 16 2026 15:00:00 GMT+0530 (India Standard Time)","82.25","86.90","79.45","81.45","99.20","115.25","83.15","131.30","67.10","147.35","51.05","113.88","143.17","62.77","194.28","33.48","274.68","-46.92","10983180.00","1586455.00"
"Thu Jul 16 2026 15:01:00 GMT+0530 (India Standard Time)","81.75","81.75","75.75","77.20","99.10","115.17","83.02","131.25","66.94","147.33","50.86","113.88","143.17","62.77","194.28","33.48","274.68","-46.92","11054485.00","649350.00"
"Thu Jul 16 2026 15:02:00 GMT+0530 (India Standard Time)","77.20","77.60","72.30","72.30","98.97","115.11","82.84","131.24","66.71","147.37","50.57","113.88","143.17","62.77","194.28","33.48","274.68","-46.92","10973170.00","641290.00"
"Thu Jul 16 2026 15:03:00 GMT+0530 (India Standard Time)","72.25","73.45","69.45","70.15","98.82","115.04","82.60","131.26","66.38","147.48","50.16","113.88","143.17","62.77","194.28","33.48","274.68","-46.92","10989030.00","711490.00"
"Thu Jul 16 2026 15:04:00 GMT+0530 (India Standard Time)","70.15","70.75","69.20","70.10","98.74","115.01","82.47","131.28","66.20","147.55","49.93","113.88","143.17","62.77","194.28","33.48","274.68","-46.92","10940215.00","386620.00"
"Thu Jul 16 2026 15:05:00 GMT+0530 (India Standard Time)","70.10","72.90","70.10","72.90","98.67","114.98","82.37","131.28","66.06","147.59","49.76","113.88","143.17","62.77","194.28","33.48","274.68","-46.92","10954645.00","329745.00"
"Thu Jul 16 2026 15:06:00 GMT+0530 (India Standard Time)","72.90","74.05","72.05","72.50","98.61","114.94","82.27","131.28","65.93","147.62","49.60","113.88","143.17","62.77","194.28","33.48","274.68","-46.92","10890360.00","341120.00"
"Thu Jul 16 2026 15:07:00 GMT+0530 (India Standard Time)","72.50","73.15","71.20","72.90","98.56","114.92","82.20","131.28","65.85","147.64","49.49","113.88","143.17","62.77","194.28","33.48","274.68","-46.92","10925460.00","219310.00"
"Thu Jul 16 2026 15:08:00 GMT+0530 (India Standard Time)","72.95","75.20","72.95","75.05","98.50","114.88","82.12","131.26","65.74","147.65","49.35","113.88","143.17","62.77","194.28","33.48","274.68","-46.92","10844600.00","342030.00"
"Thu Jul 16 2026 15:09:00 GMT+0530 (India Standard Time)","75.10","75.35","73.90","74.40","98.45","114.85","82.05","131.25","65.65","147.65","49.25","113.88","143.17","62.77","194.28","33.48","274.68","-46.92","10786555.00","269230.00"
"Thu Jul 16 2026 15:10:00 GMT+0530 (India Standard Time)","74.35","75.30","73.25","73.80","98.41","114.83","81.99","131.25","65.58","147.66","49.16","113.88","143.17","62.77","194.28","33.48","274.68","-46.92","10741120.00","218855.00"
"Thu Jul 16 2026 15:11:00 GMT+0530 (India Standard Time)","74.00","74.85","73.60","74.30","98.37","114.81","81.94","131.24","65.51","147.67","49.08","113.88","143.17","62.77","194.28","33.48","274.68","-46.92","10728900.00","210210.00"
"Thu Jul 16 2026 15:12:00 GMT+0530 (India Standard Time)","74.55","75.95","74.25","75.95","98.33","114.78","81.89","131.22","65.44","147.67","48.99","113.88","143.17","62.77","194.28","33.48","274.68","-46.92","10665395.00","248105.00"
"Thu Jul 16 2026 15:13:00 GMT+0530 (India Standard Time)","75.95","77.70","75.80","76.25","98.27","114.73","81.80","131.20","65.34","147.66","48.88","113.88","143.17","62.77","194.28","33.48","274.68","-46.92","10593115.00","390520.00"
"Thu Jul 16 2026 15:14:00 GMT+0530 (India Standard Time)","76.15","77.50","75.85","77.50","98.21","114.69","81.73","131.17","65.26","147.65","48.78","113.88","143.17","62.77","194.28","33.48","274.68","-46.92","10578360.00","350480.00"
"Thu Jul 16 2026 15:15:00 GMT+0530 (India Standard Time)","77.65","79.20","75.15","75.55","98.13","114.63","81.63","131.13","65.13","147.63","48.63","113.88","143.17","62.77","194.28","33.48","274.68","-46.92","10421580.00","497120.00"
"Thu Jul 16 2026 15:16:00 GMT+0530 (India Standard Time)","76.00","77.60","75.80","77.30","98.09","114.60","81.57","131.11","65.06","147.62","48.55","113.88","143.17","62.77","194.28","33.48","274.68","-46.92","10381995.00","301535.00"
"Thu Jul 16 2026 15:17:00 GMT+0530 (India Standard Time)","77.30","77.85","76.15","77.00","98.05","114.57","81.53","131.09","65.01","147.61","48.49","113.88","143.17","62.77","194.28","33.48","274.68","-46.92","10324925.00","236015.00"
"Thu Jul 16 2026 15:18:00 GMT+0530 (India Standard Time)","76.90","78.85","75.70","77.70","97.99","114.53","81.46","131.06","64.92","147.59","48.39","113.88","143.17","62.77","194.28","33.48","274.68","-46.92","10203245.00","391950.00"
"Thu Jul 16 2026 15:19:00 GMT+0530 (India Standard Time)","77.70","79.70","77.65","78.65","97.94","114.49","81.40","131.03","64.86","147.57","48.32","113.88","143.17","62.77","194.28","33.48","274.68","-46.92","10092615.00","335075.00"
"Thu Jul 16 2026 15:20:00 GMT+0530 (India Standard Time)","78.65","78.80","76.15","76.15","97.89","114.45","81.34","131.00","64.78","147.55","48.23","113.88","143.17","62.77","194.28","33.48","274.68","-46.92","10036780.00","342550.00"
"Thu Jul 16 2026 15:21:00 GMT+0530 (India Standard Time)","76.15","77.50","75.15","76.95","97.85","114.41","81.29","130.98","64.72","147.54","48.16","113.88","143.17","62.77","194.28","33.48","274.68","-46.92","10058620.00","264160.00"
"Thu Jul 16 2026 15:22:00 GMT+0530 (India Standard Time)","76.95","77.40","76.10","77.10","97.81","114.38","81.23","130.96","64.66","147.53","48.08","113.88","143.17","62.77","194.28","33.48","274.68","-46.92","9965735.00","280215.00"
"Thu Jul 16 2026 15:23:00 GMT+0530 (India Standard Time)","77.00","77.60","76.50","77.40","97.78","114.36","81.20","130.94","64.61","147.52","48.03","113.88","143.17","62.77","194.28","33.48","274.68","-46.92","9937135.00","206830.00"
"Thu Jul 16 2026 15:24:00 GMT+0530 (India Standard Time)","77.40","78.20","77.05","77.80","97.73","114.32","81.14","130.91","64.55","147.50","47.96","113.88","143.17","62.77","194.28","33.48","274.68","-46.92","9851270.00","334815.00"
"Thu Jul 16 2026 15:25:00 GMT+0530 (India Standard Time)","77.80","79.80","77.25","77.40","97.64","114.25","81.04","130.85","64.44","147.46","47.83","113.88","143.17","62.77","194.28","33.48","274.68","-46.92","9716460.00","587340.00"
"Thu Jul 16 2026 15:26:00 GMT+0530 (India Standard Time)","77.40","79.25","76.65","78.00","97.56","114.18","80.94","130.80","64.32","147.41","47.70","113.88","143.17","62.77","194.28","33.48","274.68","-46.92","9640800.00","616655.00"
"Thu Jul 16 2026 15:27:00 GMT+0530 (India Standard Time)","78.00","78.90","78.00","78.30","97.51","114.14","80.89","130.76","64.26","147.39","47.64","113.88","143.17","62.77","194.28","33.48","274.68","-46.92","9552985.00","325390.00"
"Thu Jul 16 2026 15:28:00 GMT+0530 (India Standard Time)","78.30","78.85","77.40","78.60","97.45","114.09","80.82","130.72","64.19","147.35","47.55","113.88","143.17","62.77","194.28","33.48","274.68","-46.92","9442680.00","439920.00"
"Thu Jul 16 2026 15:29:00 GMT+0530 (India Standard Time)","78.25","79.00","77.90","78.45","97.36","114.00","80.71","130.65","64.06","147.30","47.42","113.88","143.17","62.77","194.28","33.48","274.68","-46.92","9315995.00","718120.00"
"Fri Jul 17 2026 09:15:00 GMT+0530 (India Standard Time)","86.00","96.55","70.00","96.55","87.70","87.70","87.70","87.70","87.70","87.70","87.70","93.87","121.43","50.88","164.42","23.32","234.97","-47.23","9312875.00","4560920.00"
"Fri Jul 17 2026 09:16:00 GMT+0530 (India Standard Time)","96.40","103.25","95.15","103.25","94.40","100.82","87.98","107.24","81.56","113.66","75.15","93.87","121.43","50.88","164.42","23.32","234.97","-47.23","9956830.00","4973085.00"
"Fri Jul 17 2026 09:17:00 GMT+0530 (India Standard Time)","103.20","109.40","103.20","105.80","97.73","105.31","90.15","112.90","82.57","120.48","74.99","93.87","121.43","50.88","164.42","23.32","234.97","-47.23","10219105.00","3779425.00"
"Fri Jul 17 2026 09:18:00 GMT+0530 (India Standard Time)","105.80","115.00","105.80","115.00","100.58","109.42","91.73","118.27","82.88","127.12","74.04","93.87","121.43","50.88","164.42","23.32","234.97","-47.23","10551580.00","3333720.00"
"Fri Jul 17 2026 09:19:00 GMT+0530 (India Standard Time)","114.35","118.90","111.90","115.00","103.23","113.03","93.43","122.83","83.63","132.63","73.83","93.87","121.43","50.88","164.42","23.32","234.97","-47.23","10531755.00","3667235.00"
"Fri Jul 17 2026 09:20:00 GMT+0530 (India Standard Time)","115.00","118.60","111.20","113.50","104.82","114.71","94.94","124.59","85.05","134.48","75.17","93.87","121.43","50.88","164.42","23.32","234.97","-47.23","10887045.00","3369795.00"
"Fri Jul 17 2026 09:21:00 GMT+0530 (India Standard Time)","113.50","114.00","109.65","110.55","105.31","114.98","95.64","124.64","85.98","134.31","76.31","93.87","121.43","50.88","164.42","23.32","234.97","-47.23","11249615.00","1893905.00"
"Fri Jul 17 2026 09:22:00 GMT+0530 (India Standard Time)","110.55","114.10","110.05","113.60","105.70","115.25","96.16","124.79","86.62","134.34","77.07","93.87","121.43","50.88","164.42","23.32","234.97","-47.23","11501880.00","1467635.00"
"Fri Jul 17 2026 09:23:00 GMT+0530 (India Standard Time)","113.60","114.50","110.35","110.45","105.97","115.39","96.56","124.80","87.14","134.21","77.73","93.87","121.43","50.88","164.42","23.32","234.97","-47.23","11690835.00","1249105.00"
"Fri Jul 17 2026 09:24:00 GMT+0530 (India Standard Time)","110.45","115.90","109.40","115.90","106.43","115.74","97.12","125.06","87.80","134.37","78.49","93.87","121.43","50.88","164.42","23.32","234.97","-47.23","11796265.00","1770405.00"
"Fri Jul 17 2026 09:25:00 GMT+0530 (India Standard Time)","115.90","121.65","115.35","119.40","107.83","117.44","98.22","127.04","88.62","136.65","79.01","93.87","121.43","50.88","164.42","23.32","234.97","-47.23","12018565.00","3836495.00"
"Fri Jul 17 2026 09:26:00 GMT+0530 (India Standard Time)","119.40","122.55","117.35","118.40","108.63","118.35","98.90","128.07","89.18","137.80","79.45","93.87","121.43","50.88","164.42","23.32","234.97","-47.23","12215125.00","2499900.00"
"Fri Jul 17 2026 09:27:00 GMT+0530 (India Standard Time)","118.40","122.90","116.50","120.65","109.22","119.02","99.42","128.82","89.62","138.62","79.82","93.87","121.43","50.88","164.42","23.32","234.97","-47.23","12218440.00","2002845.00"
"Fri Jul 17 2026 09:28:00 GMT+0530 (India Standard Time)","120.65","121.50","119.15","121.30","109.52","119.36","99.68","129.20","89.83","139.04","79.99","93.87","121.43","50.88","164.42","23.32","234.97","-47.23","12290590.00","1022970.00"
"Fri Jul 17 2026 09:29:00 GMT+0530 (India Standard Time)","121.30","125.00","119.85","125.00","110.06","120.06","100.05","130.07","90.04","140.08","80.03","93.87","121.43","50.88","164.42","23.32","234.97","-47.23","12362090.00","1605825.00"
"Fri Jul 17 2026 09:30:00 GMT+0530 (India Standard Time)","125.00","126.50","117.70","120.10","110.95","121.04","100.87","131.12","90.79","141.21","80.70","93.87","121.43","50.88","164.42","23.32","234.97","-47.23","12178530.00","3520725.00"
"Fri Jul 17 2026 09:31:00 GMT+0530 (India Standard Time)","119.75","121.15","114.75","115.30","111.19","121.15","101.24","131.10","91.28","141.06","81.33","93.87","121.43","50.88","164.42","23.32","234.97","-47.23","12240215.00","1824160.00"
"Fri Jul 17 2026 09:32:00 GMT+0530 (India Standard Time)","115.30","119.90","112.40","119.90","111.44","121.27","101.62","131.10","91.79","140.93","81.96","93.87","121.43","50.88","164.42","23.32","234.97","-47.23","12380030.00","1945580.00"
"Fri Jul 17 2026 09:33:00 GMT+0530 (India Standard Time)","119.90","123.55","118.40","122.00","111.86","121.68","102.04","131.51","92.22","141.33","82.40","93.87","121.43","50.88","164.42","23.32","234.97","-47.23","12646920.00","2138370.00"
"Fri Jul 17 2026 09:34:00 GMT+0530 (India Standard Time)","122.00","126.60","117.85","119.25","112.30","122.09","102.51","131.88","92.72","141.67","82.93","93.87","121.43","50.88","164.42","23.32","234.97","-47.23","12865970.00","2463955.00"
"Fri Jul 17 2026 09:35:00 GMT+0530 (India Standard Time)","119.25","120.40","117.95","117.95","112.43","122.16","102.69","131.90","92.96","141.63","83.22","93.87","121.43","50.88","164.42","23.32","234.97","-47.23","12864475.00","1079910.00"
"Fri Jul 17 2026 09:36:00 GMT+0530 (India Standard Time)","117.95","119.85","115.25","119.20","112.55","122.21","102.88","131.88","93.21","141.55","83.54","93.87","121.43","50.88","164.42","23.32","234.97","-47.23","12967370.00","1139905.00"
"Fri Jul 17 2026 09:37:00 GMT+0530 (India Standard Time)","119.05","123.80","118.10","123.80","112.80","122.46","103.15","132.12","93.49","141.77","83.84","93.87","121.43","50.88","164.42","23.32","234.97","-47.23","13048295.00","1568190.00"
"Fri Jul 17 2026 09:38:00 GMT+0530 (India Standard Time)","123.60","126.25","122.00","125.25","113.33","123.07","103.59","132.82","93.85","142.56","84.10","93.87","121.43","50.88","164.42","23.32","234.97","-47.23","13273910.00","2679690.00"
"Fri Jul 17 2026 09:39:00 GMT+0530 (India Standard Time)","125.20","127.00","122.30","123.15","113.64","123.41","103.87","133.18","94.10","142.95","84.33","93.87","121.43","50.88","164.42","23.32","234.97","-47.23","13507780.00","1720290.00"
"Fri Jul 17 2026 09:40:00 GMT+0530 (India Standard Time)","123.00","126.00","121.70","124.35","113.86","123.64","104.08","133.42","94.30","143.21","84.52","93.87","121.43","50.88","164.42","23.32","234.97","-47.23","13489060.00","1361165.00"
"Fri Jul 17 2026 09:41:00 GMT+0530 (India Standard Time)","124.55","126.30","123.25","124.50","114.03","123.82","104.23","133.62","94.44","143.42","84.64","93.87","121.43","50.88","164.42","23.32","234.97","-47.23","13532090.00","971685.00"
"Fri Jul 17 2026 09:42:00 GMT+0530 (India Standard Time)","124.50","126.65","124.00","125.85","114.19","124.01","104.37","133.83","94.55","143.65","84.73","93.87","121.43","50.88","164.42","23.32","234.97","-47.23","13595010.00","912210.00"
"Fri Jul 17 2026 09:43:00 GMT+0530 (India Standard Time)","125.85","129.50","125.35","127.45","114.65","124.59","104.70","134.54","94.75","144.49","84.80","93.87","121.43","50.88","164.42","23.32","234.97","-47.23","13648245.00","2290535.00"
"Fri Jul 17 2026 09:44:00 GMT+0530 (India Standard Time)","127.45","133.45","125.30","130.00","115.24","125.42","105.07","135.60","94.89","145.77","84.71","93.87","121.43","50.88","164.42","23.32","234.97","-47.23","13571285.00","2776930.00"
"Fri Jul 17 2026 09:45:00 GMT+0530 (India Standard Time)","130.00","139.00","129.80","132.55","116.22","126.95","105.48","137.69","94.75","148.42","84.01","93.87","121.43","50.88","164.42","23.32","234.97","-47.23","13291330.00","3850925.00"
"Fri Jul 17 2026 09:46:00 GMT+0530 (India Standard Time)","132.55","137.35","130.70","135.55","116.65","127.61","105.68","138.57","94.72","149.54","83.76","93.87","121.43","50.88","164.42","23.32","234.97","-47.23","13003380.00","1757600.00"
"Fri Jul 17 2026 09:47:00 GMT+0530 (India Standard Time)","135.55","139.80","132.55","133.80","117.06","128.25","105.88","139.44","94.69","150.63","83.50","93.87","121.43","50.88","164.42","23.32","234.97","-47.23","12987520.00","1710800.00"
"Fri Jul 17 2026 09:48:00 GMT+0530 (India Standard Time)","133.80","137.50","132.90","135.75","117.27","128.56","105.98","139.85","94.69","151.14","83.40","93.87","121.43","50.88","164.42","23.32","234.97","-47.23","12999675.00","861250.00"
"Fri Jul 17 2026 09:49:00 GMT+0530 (India Standard Time)","135.75","136.30","132.20","133.40","117.44","128.80","106.08","140.16","94.72","151.51","83.37","93.87","121.43","50.88","164.42","23.32","234.97","-47.23","13020540.00","810615.00"
"Fri Jul 17 2026 09:50:00 GMT+0530 (India Standard Time)","133.40","137.95","133.40","136.80","117.68","129.15","106.20","140.63","94.72","152.10","83.25","93.87","121.43","50.88","164.42","23.32","234.97","-47.23","13022165.00","1002235.00"
"Fri Jul 17 2026 09:51:00 GMT+0530 (India Standard Time)","136.80","136.95","127.40","128.60","117.89","129.39","106.38","140.90","94.88","152.40","83.37","93.87","121.43","50.88","164.42","23.32","234.97","-47.23","13026130.00","1278420.00"
"Fri Jul 17 2026 09:52:00 GMT+0530 (India Standard Time)","128.60","130.45","127.25","127.25","118.02","129.51","106.53","141.00","95.04","152.49","83.55","93.87","121.43","50.88","164.42","23.32","234.97","-47.23","12977575.00","1055860.00"
"Fri Jul 17 2026 09:53:00 GMT+0530 (India Standard Time)","127.25","132.05","127.00","132.05","118.14","129.64","106.64","141.14","95.14","152.64","83.64","93.87","121.43","50.88","164.42","23.32","234.97","-47.23","12921480.00","803725.00"
"Fri Jul 17 2026 09:54:00 GMT+0530 (India Standard Time)","132.05","138.65","131.40","135.60","118.43","130.04","106.81","141.65","95.20","153.26","83.59","93.87","121.43","50.88","164.42","23.32","234.97","-47.23","12951315.00","1396915.00"
"Fri Jul 17 2026 09:55:00 GMT+0530 (India Standard Time)","135.60","135.60","128.40","129.45","118.58","130.21","106.96","141.83","95.34","153.45","83.71","93.87","121.43","50.88","164.42","23.32","234.97","-47.23","12946245.00","1055925.00"
"Fri Jul 17 2026 09:56:00 GMT+0530 (India Standard Time)","129.45","129.55","123.00","125.00","118.70","130.27","107.14","141.83","95.58","153.40","84.01","93.87","121.43","50.88","164.42","23.32","234.97","-47.23","12940525.00","1439100.00"
"Fri Jul 17 2026 09:57:00 GMT+0530 (India Standard Time)","125.00","125.25","120.10","122.25","118.76","130.25","107.26","141.74","95.77","153.24","84.27","93.87","121.43","50.88","164.42","23.32","234.97","-47.23","12905425.00","1175980.00"
"Fri Jul 17 2026 09:58:00 GMT+0530 (India Standard Time)","122.25","127.45","121.00","127.00","118.85","130.29","107.41","141.72","95.98","153.16","84.54","93.87","121.43","50.88","164.42","23.32","234.97","-47.23","12923430.00","1305915.00"
"Fri Jul 17 2026 09:59:00 GMT+0530 (India Standard Time)","127.00","129.00","125.65","128.45","118.94","130.35","107.53","141.76","96.12","153.18","84.71","93.87","121.43","50.88","164.42","23.32","234.97","-47.23","12928305.00","934245.00"
"Fri Jul 17 2026 10:00:00 GMT+0530 (India Standard Time)","128.45","131.55","121.25","121.75","119.03","130.38","107.68","141.73","96.33","153.08","84.98","93.87","121.43","50.88","164.42","23.32","234.97","-47.23","12994735.00","1344135.00"
"Fri Jul 17 2026 10:01:00 GMT+0530 (India Standard Time)","121.75","125.15","114.85","117.45","119.03","130.29","107.77","141.55","96.51","152.82","85.25","93.87","121.43","50.88","164.42","23.32","234.97","-47.23","13083915.00","1429025.00"
"Fri Jul 17 2026 10:02:00 GMT+0530 (India Standard Time)","117.45","119.45","116.45","118.05","119.02","130.21","107.83","141.40","96.64","152.59","85.45","93.87","121.43","50.88","164.42","23.32","234.97","-47.23","13175370.00","1193920.00"
"Fri Jul 17 2026 10:03:00 GMT+0530 (India Standard Time)","118.05","119.20","115.95","118.30","119.01","130.14","107.87","141.28","96.73","152.42","85.59","93.87","121.43","50.88","164.42","23.32","234.97","-47.23","13321295.00","886145.00"
"Fri Jul 17 2026 10:04:00 GMT+0530 (India Standard Time)","118.30","118.70","115.00","116.50","118.98","130.07","107.90","141.15","96.81","152.24","85.73","93.87","121.43","50.88","164.42","23.32","234.97","-47.23","13367120.00","957840.00"
"Fri Jul 17 2026 10:05:00 GMT+0530 (India Standard Time)","116.50","122.80","115.65","122.00","119.00","130.02","107.98","141.04","96.96","152.06","85.94","93.87","121.43","50.88","164.42","23.32","234.97","-47.23","13470015.00","1155115.00"
"Fri Jul 17 2026 10:06:00 GMT+0530 (India Standard Time)","122.10","124.20","121.00","121.15","119.04","129.99","108.09","140.94","97.13","151.90","86.18","93.87","121.43","50.88","164.42","23.32","234.97","-47.23","13575705.00","1281475.00"
"Fri Jul 17 2026 10:07:00 GMT+0530 (India Standard Time)","121.35","123.60","120.70","123.30","119.06","129.98","108.14","140.91","97.21","151.83","86.29","93.87","121.43","50.88","164.42","23.32","234.97","-47.23","13718835.00","594165.00"
"Fri Jul 17 2026 10:08:00 GMT+0530 (India Standard Time)","123.30","124.85","121.25","124.85","119.08","129.98","108.19","140.88","97.29","151.78","86.39","93.87","121.43","50.88","164.42","23.32","234.97","-47.23","13744120.00","538915.00"
"Fri Jul 17 2026 10:09:00 GMT+0530 (India Standard Time)","124.85","129.15","124.80","126.05","119.19","130.05","108.33","140.91","97.47","151.77","86.61","93.87","121.43","50.88","164.42","23.32","234.97","-47.23","13675805.00","1392235.00"
"Fri Jul 17 2026 10:10:00 GMT+0530 (India Standard Time)","126.05","127.85","125.00","125.70","119.23","130.07","108.40","140.91","97.56","151.75","86.72","93.87","121.43","50.88","164.42","23.32","234.97","-47.23","13715780.00","655720.00"
"Fri Jul 17 2026 10:11:00 GMT+0530 (India Standard Time)","125.70","126.95","124.80","126.85","119.27","130.09","108.44","140.91","97.62","151.74","86.80","93.87","121.43","50.88","164.42","23.32","234.97","-47.23","13732420.00","489060.00"
"Fri Jul 17 2026 10:12:00 GMT+0530 (India Standard Time)","126.85","134.45","126.85","134.45","119.50","130.36","108.65","141.22","97.79","152.08","86.93","93.87","121.43","50.88","164.42","23.32","234.97","-47.23","13772720.00","1947920.00"
"Fri Jul 17 2026 10:13:00 GMT+0530 (India Standard Time)","134.45","137.95","133.65","134.40","119.84","130.82","108.86","141.79","97.88","152.77","86.90","93.87","121.43","50.88","164.42","23.32","234.97","-47.23","13564915.00","2212340.00"
"Fri Jul 17 2026 10:14:00 GMT+0530 (India Standard Time)","134.40","135.25","129.85","130.05","119.97","130.96","108.98","141.95","97.99","152.94","87.00","93.87","121.43","50.88","164.42","23.32","234.97","-47.23","13491530.00","1229670.00"
"Fri Jul 17 2026 10:15:00 GMT+0530 (India Standard Time)","130.05","135.80","129.40","135.00","120.09","131.10","109.08","142.12","98.07","153.13","87.05","93.87","121.43","50.88","164.42","23.32","234.97","-47.23","13526045.00","964145.00"
"Fri Jul 17 2026 10:16:00 GMT+0530 (India Standard Time)","135.00","137.50","134.90","135.45","120.23","131.30","109.17","142.36","98.10","153.43","87.04","93.87","121.43","50.88","164.42","23.32","234.97","-47.23","13534430.00","970060.00"
"Fri Jul 17 2026 10:17:00 GMT+0530 (India Standard Time)","135.60","145.00","135.00","143.70","120.64","131.98","109.31","143.31","97.97","154.65","86.64","93.87","121.43","50.88","164.42","23.32","234.97","-47.23","13540800.00","2169635.00"
"Fri Jul 17 2026 10:18:00 GMT+0530 (India Standard Time)","143.70","173.70","142.45","173.70","122.76","137.18","108.34","151.61","93.92","166.03","79.50","93.87","121.43","50.88","164.42","23.32","234.97","-47.23","12818065.00","5822765.00"
"Fri Jul 17 2026 10:19:00 GMT+0530 (India Standard Time)","169.55","171.40","158.65","162.15","123.76","139.36","108.17","154.96","92.57","170.56","76.97","93.87","121.43","50.88","164.42","23.32","234.97","-47.23","11795160.00","2911805.00"
"Fri Jul 17 2026 10:20:00 GMT+0530 (India Standard Time)","162.15","165.75","156.65","156.75","124.25","140.29","108.21","156.33","92.17","172.37","76.13","93.87","121.43","50.88","164.42","23.32","234.97","-47.23","11572210.00","1646515.00"
"Fri Jul 17 2026 10:21:00 GMT+0530 (India Standard Time)","156.75","160.05","155.45","156.05","124.51","140.75","108.27","156.99","92.03","173.22","75.79","93.87","121.43","50.88","164.42","23.32","234.97","-47.23","11185005.00","956865.00"
"Fri Jul 17 2026 10:22:00 GMT+0530 (India Standard Time)","156.05","156.85","152.55","152.80","124.73","141.11","108.35","157.49","91.97","173.87","75.60","93.87","121.43","50.88","164.42","23.32","234.97","-47.23","11073075.00","935350.00"
"Fri Jul 17 2026 10:23:00 GMT+0530 (India Standard Time)","152.80","152.90","149.20","150.35","124.92","141.39","108.45","157.86","91.98","174.32","75.52","93.87","121.43","50.88","164.42","23.32","234.97","-47.23","10972520.00","895895.00"
"Fri Jul 17 2026 10:24:00 GMT+0530 (India Standard Time)","150.35","151.25","147.10","149.80","125.04","141.56","108.52","158.07","92.01","174.59","75.49","93.87","121.43","50.88","164.42","23.32","234.97","-47.23","10914475.00","616070.00"
"Fri Jul 17 2026 10:25:00 GMT+0530 (India Standard Time)","150.50","155.10","148.00","154.00","125.25","141.87","108.62","158.50","92.00","175.12","75.38","93.87","121.43","50.88","164.42","23.32","234.97","-47.23","10749635.00","963885.00"
"Fri Jul 17 2026 10:26:00 GMT+0530 (India Standard Time)","154.00","154.85","151.30","154.05","125.39","142.09","108.69","158.79","91.99","175.50","75.29","93.87","121.43","50.88","164.42","23.32","234.97","-47.23","10814440.00","637845.00"
"Fri Jul 17 2026 10:27:00 GMT+0530 (India Standard Time)","154.05","157.70","152.40","154.60","125.63","142.47","108.79","159.31","91.94","176.15","75.10","93.87","121.43","50.88","164.42","23.32","234.97","-47.23","10786425.00","1017120.00"
"Fri Jul 17 2026 10:28:00 GMT+0530 (India Standard Time)","154.60","160.00","154.60","158.90","125.85","142.84","108.85","159.83","91.86","176.82","74.87","93.87","121.43","50.88","164.42","23.32","234.97","-47.23","10813595.00","879970.00"
"Fri Jul 17 2026 10:29:00 GMT+0530 (India Standard Time)","158.90","166.90","158.70","165.85","126.28","143.64","108.91","161.01","91.54","178.37","74.18","93.87","121.43","50.88","164.42","23.32","234.97","-47.23","10724870.00","1471080.00"
"Fri Jul 17 2026 10:30:00 GMT+0530 (India Standard Time)","165.85","166.20","159.75","163.65","126.61","144.25","108.97","161.88","91.34","179.52","73.70","93.87","121.43","50.88","164.42","23.32","234.97","-47.23","10390900.00","1185080.00"
"Fri Jul 17 2026 10:31:00 GMT+0530 (India Standard Time)","163.70","167.80","163.70","167.75","126.98","144.94","109.01","162.90","91.05","180.87","73.09","93.87","121.43","50.88","164.42","23.32","234.97","-47.23","10119460.00","1222975.00"
"Fri Jul 17 2026 10:32:00 GMT+0530 (India Standard Time)","167.75","174.20","166.60","167.00","127.53","146.01","109.05","164.49","90.57","182.98","72.09","93.87","121.43","50.88","164.42","23.32","234.97","-47.23","9870445.00","1757795.00"
"Fri Jul 17 2026 10:33:00 GMT+0530 (India Standard Time)","167.00","167.35","161.80","165.10","127.76","146.41","109.11","165.07","90.45","183.72","71.80","93.87","121.43","50.88","164.42","23.32","234.97","-47.23","9572550.00","833885.00"
"Fri Jul 17 2026 10:34:00 GMT+0530 (India Standard Time)","164.75","168.85","164.10","168.80","127.91","146.69","109.14","165.47","90.36","184.25","71.58","93.87","121.43","50.88","164.42","23.32","234.97","-47.23","9569430.00","527865.00"
"Fri Jul 17 2026 10:35:00 GMT+0530 (India Standard Time)","168.85","168.90","156.80","157.00","128.12","147.02","109.22","165.92","90.32","184.82","71.42","93.87","121.43","50.88","164.42","23.32","234.97","-47.23","9541870.00","848185.00"
"Fri Jul 17 2026 10:36:00 GMT+0530 (India Standard Time)","156.60","159.00","155.00","157.50","128.23","147.17","109.28","166.12","90.33","185.07","71.39","93.87","121.43","50.88","164.42","23.32","234.97","-47.23","9499100.00","508235.00"
"Fri Jul 17 2026 10:37:00 GMT+0530 (India Standard Time)","157.50","158.35","152.50","152.50","128.33","147.31","109.35","166.29","90.37","185.27","71.39","93.87","121.43","50.88","164.42","23.32","234.97","-47.23","9499295.00","525915.00"
"Fri Jul 17 2026 10:38:00 GMT+0530 (India Standard Time)","152.00","155.15","150.15","154.40","128.45","147.46","109.44","166.47","90.42","185.49","71.41","93.87","121.43","50.88","164.42","23.32","234.97","-47.23","9420710.00","667615.00"
"Fri Jul 17 2026 10:39:00 GMT+0530 (India Standard Time)","154.40","155.75","152.05","152.25","128.51","147.54","109.48","166.56","90.45","185.59","71.42","93.87","121.43","50.88","164.42","23.32","234.97","-47.23","9444760.00","329290.00"
"Fri Jul 17 2026 10:40:00 GMT+0530 (India Standard Time)","152.25","155.50","151.25","155.20","128.55","147.60","109.51","166.64","90.47","185.68","71.43","93.87","121.43","50.88","164.42","23.32","234.97","-47.23","9481030.00","256360.00"
"Fri Jul 17 2026 10:41:00 GMT+0530 (India Standard Time)","155.20","155.75","153.00","155.05","128.60","147.66","109.54","166.72","90.49","185.78","71.43","93.87","121.43","50.88","164.42","23.32","234.97","-47.23","9496695.00","256165.00"
"Fri Jul 17 2026 10:42:00 GMT+0530 (India Standard Time)","155.05","156.45","153.00","153.80","128.67","147.75","109.59","166.83","90.51","185.91","71.44","93.87","121.43","50.88","164.42","23.32","234.97","-47.23","9498450.00","366600.00"
"Fri Jul 17 2026 10:43:00 GMT+0530 (India Standard Time)","153.80","153.85","141.05","141.25","128.81","147.87","109.75","166.93","90.70","185.99","71.64","93.87","121.43","50.88","164.42","23.32","234.97","-47.23","9582560.00","1200810.00"
"Fri Jul 17 2026 10:44:00 GMT+0530 (India Standard Time)","141.25","147.95","141.25","145.65","128.90","147.94","109.85","166.99","90.81","186.03","71.76","93.87","121.43","50.88","164.42","23.32","234.97","-47.23","9581130.00","731055.00"
"Fri Jul 17 2026 10:45:00 GMT+0530 (India Standard Time)","145.65","147.15","139.30","139.30","128.96","147.98","109.94","167.00","90.92","186.02","71.90","93.87","121.43","50.88","164.42","23.32","234.97","-47.23","9616360.00","701545.00"
"Fri Jul 17 2026 10:46:00 GMT+0530 (India Standard Time)","139.30","142.35","138.40","141.20","129.02","148.01","110.02","167.00","91.03","185.99","72.04","93.87","121.43","50.88","164.42","23.32","234.97","-47.23","9655230.00","665795.00"
"Fri Jul 17 2026 10:47:00 GMT+0530 (India Standard Time)","141.20","144.75","140.20","144.00","129.06","148.04","110.09","167.02","91.11","185.99","72.13","93.87","121.43","50.88","164.42","23.32","234.97","-47.23","9693320.00","479050.00"
"Fri Jul 17 2026 10:48:00 GMT+0530 (India Standard Time)","144.00","144.10","139.70","139.95","129.10","148.06","110.13","167.02","91.17","185.98","72.21","93.87","121.43","50.88","164.42","23.32","234.97","-47.23","9713210.00","391755.00"
"Fri Jul 17 2026 10:49:00 GMT+0530 (India Standard Time)","139.95","141.40","137.35","138.40","129.13","148.07","110.19","167.01","91.24","185.95","72.30","93.87","121.43","50.88","164.42","23.32","234.97","-47.23","9731735.00","438815.00"
"Fri Jul 17 2026 10:50:00 GMT+0530 (India Standard Time)","138.40","141.90","137.30","139.40","129.16","148.08","110.24","167.00","91.31","185.92","72.39","93.87","121.43","50.88","164.42","23.32","234.97","-47.23","9769955.00","430040.00"
"Fri Jul 17 2026 10:51:00 GMT+0530 (India Standard Time)","139.40","139.85","135.60","135.75","129.18","148.08","110.29","166.98","91.39","185.87","72.49","93.87","121.43","50.88","164.42","23.32","234.97","-47.23","9792705.00","454350.00"
"Fri Jul 17 2026 10:52:00 GMT+0530 (India Standard Time)","135.75","139.10","134.40","139.10","129.22","148.08","110.35","166.95","91.48","185.81","72.62","93.87","121.43","50.88","164.42","23.32","234.97","-47.23","9777885.00","579410.00"
"Fri Jul 17 2026 10:53:00 GMT+0530 (India Standard Time)","139.10","143.60","138.70","142.10","129.29","148.13","110.46","166.96","91.63","185.79","72.80","93.87","121.43","50.88","164.42","23.32","234.97","-47.23","9829430.00","940030.00"
"Fri Jul 17 2026 10:54:00 GMT+0530 (India Standard Time)","142.10","143.25","136.65","139.05","129.35","148.15","110.55","166.94","91.76","185.74","72.96","93.87","121.43","50.88","164.42","23.32","234.97","-47.23","9905155.00","795600.00"
"Fri Jul 17 2026 10:55:00 GMT+0530 (India Standard Time)","139.05","140.00","136.20","140.00","129.38","148.15","110.61","166.93","91.83","185.70","73.06","93.87","121.43","50.88","164.42","23.32","234.97","-47.23","9966775.00","476385.00"
"Fri Jul 17 2026 10:56:00 GMT+0530 (India Standard Time)","140.00","143.90","138.95","141.90","129.45","148.19","110.70","166.93","91.96","185.68","73.22","93.87","121.43","50.88","164.42","23.32","234.97","-47.23","9975940.00","817700.00"
"Fri Jul 17 2026 10:57:00 GMT+0530 (India Standard Time)","141.90","142.60","138.95","140.80","129.47","148.20","110.74","166.93","92.01","185.66","73.28","93.87","121.43","50.88","164.42","23.32","234.97","-47.23","9979190.00","318175.00"
"Fri Jul 17 2026 10:58:00 GMT+0530 (India Standard Time)","140.80","143.85","140.40","143.25","129.50","148.22","110.78","166.94","92.05","185.66","73.33","93.87","121.43","50.88","164.42","23.32","234.97","-47.23","9982180.00","278915.00"
"Fri Jul 17 2026 10:59:00 GMT+0530 (India Standard Time)","143.25","144.00","141.25","141.60","129.52","148.23","110.81","166.94","92.10","185.65","73.38","93.87","121.43","50.88","164.42","23.32","234.97","-47.23","9970740.00","274950.00"
"Fri Jul 17 2026 11:00:00 GMT+0530 (India Standard Time)","141.60","146.40","141.15","144.70","129.59","148.28","110.89","166.98","92.20","185.67","73.50","93.87","121.43","50.88","164.42","23.32","234.97","-47.23","9959755.00","681525.00"
"Fri Jul 17 2026 11:01:00 GMT+0530 (India Standard Time)","144.70","145.75","140.30","141.25","129.63","148.31","110.95","166.99","92.27","185.66","73.59","93.87","121.43","50.88","164.42","23.32","234.97","-47.23","9895340.00","505765.00"
"Fri Jul 17 2026 11:02:00 GMT+0530 (India Standard Time)","140.70","141.10","135.80","136.70","129.67","148.31","111.02","166.95","92.38","185.60","73.74","93.87","121.43","50.88","164.42","23.32","234.97","-47.23","9848475.00","696475.00"
"Fri Jul 17 2026 11:03:00 GMT+0530 (India Standard Time)","136.00","139.95","136.00","139.45","129.69","148.31","111.06","166.94","92.44","185.56","73.81","93.87","121.43","50.88","164.42","23.32","234.97","-47.23","9862905.00","377650.00"
"Fri Jul 17 2026 11:04:00 GMT+0530 (India Standard Time)","139.55","143.35","139.35","143.10","129.72","148.33","111.11","166.94","92.49","185.56","73.88","93.87","121.43","50.88","164.42","23.32","234.97","-47.23","9856795.00","373945.00"
"Fri Jul 17 2026 11:05:00 GMT+0530 (India Standard Time)","143.45","146.35","142.75","144.00","129.78","148.38","111.19","166.98","92.59","185.57","74.00","93.87","121.43","50.88","164.42","23.32","234.97","-47.23","9784710.00","687115.00"
"Fri Jul 17 2026 11:06:00 GMT+0530 (India Standard Time)","144.00","145.65","141.15","145.40","129.82","148.41","111.24","166.99","92.65","185.58","74.06","93.87","121.43","50.88","164.42","23.32","234.97","-47.23","9776195.00","400530.00"
"Fri Jul 17 2026 11:07:00 GMT+0530 (India Standard Time)","145.40","145.90","135.20","135.65","129.87","148.42","111.31","166.97","92.76","185.52","74.21","93.87","121.43","50.88","164.42","23.32","234.97","-47.23","9803495.00","741780.00"
"Fri Jul 17 2026 11:08:00 GMT+0530 (India Standard Time)","135.65","135.65","129.85","132.70","129.89","148.37","111.40","166.85","92.92","185.34","74.44","93.87","121.43","50.88","164.42","23.32","234.97","-47.23","9785295.00","1176760.00"
"Fri Jul 17 2026 11:09:00 GMT+0530 (India Standard Time)","132.70","135.00","131.30","134.10","129.90","148.35","111.45","166.80","93.01","185.24","74.56","93.87","121.43","50.88","164.42","23.32","234.97","-47.23","9913020.00","622895.00"
"Fri Jul 17 2026 11:10:00 GMT+0530 (India Standard Time)","134.10","134.60","130.10","131.00","129.91","148.32","111.49","166.74","93.08","185.15","74.66","93.87","121.43","50.88","164.42","23.32","234.97","-47.23","10002785.00","555295.00"
"Fri Jul 17 2026 11:11:00 GMT+0530 (India Standard Time)","131.00","134.65","130.20","133.40","129.92","148.30","111.55","166.67","93.17","185.05","74.79","93.87","121.43","50.88","164.42","23.32","234.97","-47.23","9951305.00","677560.00"
"Fri Jul 17 2026 11:12:00 GMT+0530 (India Standard Time)","133.40","134.35","132.35","134.15","129.93","148.29","111.57","166.65","93.21","185.01","74.84","93.87","121.43","50.88","164.42","23.32","234.97","-47.23","9970870.00","262015.00"
"Fri Jul 17 2026 11:13:00 GMT+0530 (India Standard Time)","134.15","134.15","128.75","129.75","129.93","148.26","111.60","166.60","93.27","184.93","74.93","93.87","121.43","50.88","164.42","23.32","234.97","-47.23","9984650.00","502385.00"
"Fri Jul 17 2026 11:14:00 GMT+0530 (India Standard Time)","129.75","134.10","129.20","133.00","129.94","148.24","111.64","166.53","93.35","184.83","75.05","93.87","121.43","50.88","164.42","23.32","234.97","-47.23","10062325.00","631475.00"
"Fri Jul 17 2026 11:15:00 GMT+0530 (India Standard Time)","133.00","134.00","131.20","132.90","129.94","148.22","111.67","166.50","93.39","184.78","75.11","93.87","121.43","50.88","164.42","23.32","234.97","-47.23","10085270.00","303225.00"
"Fri Jul 17 2026 11:16:00 GMT+0530 (India Standard Time)","132.90","133.15","128.20","128.50","129.94","148.20","111.69","166.45","93.44","184.70","75.19","93.87","121.43","50.88","164.42","23.32","234.97","-47.23","10127195.00","483405.00"
"Fri Jul 17 2026 11:17:00 GMT+0530 (India Standard Time)","128.50","132.35","128.50","129.80","129.95","148.17","111.73","166.39","93.51","184.61","75.29","93.87","121.43","50.88","164.42","23.32","234.97","-47.23","10198435.00","540280.00"
"Fri Jul 17 2026 11:18:00 GMT+0530 (India Standard Time)","129.80","130.25","126.70","127.00","129.94","148.13","111.75","166.32","93.56","184.51","75.37","93.87","121.43","50.88","164.42","23.32","234.97","-47.23","10270650.00","519805.00"
"Fri Jul 17 2026 11:19:00 GMT+0530 (India Standard Time)","127.00","130.90","126.00","129.85","129.94","148.09","111.78","166.25","93.62","184.40","75.47","93.87","121.43","50.88","164.42","23.32","234.97","-47.23","10282025.00","626145.00"
"Fri Jul 17 2026 11:20:00 GMT+0530 (India Standard Time)","129.85","130.75","129.35","129.85","129.94","148.07","111.80","166.20","93.67","184.34","75.54","93.87","121.43","50.88","164.42","23.32","234.97","-47.23","10351185.00","396955.00"
"Fri Jul 17 2026 11:21:00 GMT+0530 (India Standard Time)","129.85","130.75","128.80","130.30","129.94","148.05","111.82","166.16","93.71","184.28","75.59","93.87","121.43","50.88","164.42","23.32","234.97","-47.23","10372050.00","335075.00"
"Fri Jul 17 2026 11:22:00 GMT+0530 (India Standard Time)","130.35","136.30","130.35","134.50","129.96","148.02","111.90","166.07","93.85","184.13","75.79","93.87","121.43","50.88","164.42","23.32","234.97","-47.23","10346830.00","1087320.00"
"Fri Jul 17 2026 11:23:00 GMT+0530 (India Standard Time)","134.50","134.50","127.65","128.45","129.96","147.97","111.95","165.99","93.94","184.00","75.92","93.87","121.43","50.88","164.42","23.32","234.97","-47.23","10389080.00","785525.00"
"Fri Jul 17 2026 11:24:00 GMT+0530 (India Standard Time)","128.45","134.00","126.95","133.20","129.97","147.94","111.99","165.92","94.01","183.90","76.04","93.87","121.43","50.88","164.42","23.32","234.97","-47.23","10390900.00","657865.00"
"Fri Jul 17 2026 11:25:00 GMT+0530 (India Standard Time)","133.20","134.00","130.25","130.45","129.97","147.92","112.02","165.88","94.07","183.83","76.12","93.87","121.43","50.88","164.42","23.32","234.97","-47.23","10373480.00","465140.00"
"Fri Jul 17 2026 11:26:00 GMT+0530 (India Standard Time)","130.45","131.90","128.60","131.60","129.97","147.91","112.04","165.84","94.11","183.77","76.18","93.87","121.43","50.88","164.42","23.32","234.97","-47.23","10383100.00","362765.00"
"Fri Jul 17 2026 11:27:00 GMT+0530 (India Standard Time)","131.60","133.70","131.50","132.35","129.98","147.89","112.07","165.80","94.16","183.71","76.24","93.87","121.43","50.88","164.42","23.32","234.97","-47.23","10398895.00","378755.00"
"Fri Jul 17 2026 11:28:00 GMT+0530 (India Standard Time)","132.35","133.15","130.75","132.50","129.98","147.88","112.09","165.77","94.19","183.67","76.30","93.87","121.43","50.88","164.42","23.32","234.97","-47.23","10413455.00","311610.00"
"Fri Jul 17 2026 11:29:00 GMT+0530 (India Standard Time)","132.50","135.30","131.30","131.65","129.99","147.86","112.13","165.72","94.27","183.58","76.40","93.87","121.43","50.88","164.42","23.32","234.97","-47.23","10379395.00","603980.00"
"Fri Jul 17 2026 11:30:00 GMT+0530 (India Standard Time)","131.80","134.25","131.00","131.85","130.00","147.84","112.16","165.68","94.32","183.52","76.48","93.87","121.43","50.88","164.42","23.32","234.97","-47.23","10262005.00","415545.00"
"Fri Jul 17 2026 11:31:00 GMT+0530 (India Standard Time)","131.95","133.00","130.00","132.65","130.00","147.83","112.18","165.66","94.35","183.48","76.52","93.87","121.43","50.88","164.42","23.32","234.97","-47.23","10287290.00","275535.00"
"Fri Jul 17 2026 11:32:00 GMT+0530 (India Standard Time)","132.95","133.95","130.60","132.15","130.01","147.82","112.19","165.63","94.38","183.45","76.57","93.87","121.43","50.88","164.42","23.32","234.97","-47.23","10292230.00","249860.00"
"Fri Jul 17 2026 11:33:00 GMT+0530 (India Standard Time)","132.55","134.20","129.45","133.65","130.01","147.80","112.22","165.60","94.43","183.39","76.64","93.87","121.43","50.88","164.42","23.32","234.97","-47.23","10295090.00","420290.00"
"Fri Jul 17 2026 11:34:00 GMT+0530 (India Standard Time)","133.45","139.00","133.45","135.60","130.06","147.79","112.32","165.52","94.59","183.26","76.85","93.87","121.43","50.88","164.42","23.32","234.97","-47.23","10168730.00","1225575.00"
"Fri Jul 17 2026 11:35:00 GMT+0530 (India Standard Time)","135.60","140.80","135.60","139.60","130.10","147.80","112.41","165.50","94.71","183.19","77.01","93.87","121.43","50.88","164.42","23.32","234.97","-47.23","10171330.00","938470.00"
"Fri Jul 17 2026 11:36:00 GMT+0530 (India Standard Time)","139.60","141.75","134.95","136.25","130.14","147.80","112.48","165.46","94.82","183.12","77.16","93.87","121.43","50.88","164.42","23.32","234.97","-47.23","10145135.00","864045.00"
"Fri Jul 17 2026 11:37:00 GMT+0530 (India Standard Time)","136.25","137.30","132.00","133.10","130.16","147.78","112.53","165.41","94.90","183.04","77.28","93.87","121.43","50.88","164.42","23.32","234.97","-47.23","10137400.00","670410.00"
"Fri Jul 17 2026 11:38:00 GMT+0530 (India Standard Time)","132.65","137.30","132.60","137.30","130.17","147.78","112.57","165.38","94.96","182.99","77.35","93.87","121.43","50.88","164.42","23.32","234.97","-47.23","10090210.00","455845.00"
"Fri Jul 17 2026 11:39:00 GMT+0530 (India Standard Time)","137.30","140.15","136.70","139.80","130.20","147.78","112.62","165.37","95.03","182.95","77.45","93.87","121.43","50.88","164.42","23.32","234.97","-47.23","10075715.00","555555.00"
"Fri Jul 17 2026 11:40:00 GMT+0530 (India Standard Time)","139.80","140.70","137.15","140.25","130.23","147.79","112.66","165.36","95.09","182.93","77.53","93.87","121.43","50.88","164.42","23.32","234.97","-47.23","10051665.00","481650.00"
"Fri Jul 17 2026 11:41:00 GMT+0530 (India Standard Time)","140.25","144.65","140.15","144.35","130.30","147.85","112.76","165.39","95.22","182.93","77.68","93.87","121.43","50.88","164.42","23.32","234.97","-47.23","9981595.00","1055340.00"
"Fri Jul 17 2026 11:42:00 GMT+0530 (India Standard Time)","144.35","145.00","141.00","141.60","130.35","147.87","112.83","165.40","95.30","182.92","77.78","93.87","121.43","50.88","164.42","23.32","234.97","-47.23","9912045.00","659295.00"
"Fri Jul 17 2026 11:43:00 GMT+0530 (India Standard Time)","141.60","144.00","140.50","142.75","130.38","147.90","112.87","165.41","95.36","182.92","77.85","93.87","121.43","50.88","164.42","23.32","234.97","-47.23","9921145.00","501735.00"
"Fri Jul 17 2026 11:44:00 GMT+0530 (India Standard Time)","142.75","147.00","142.50","144.95","130.47","147.97","112.98","165.46","95.48","182.95","77.99","93.87","121.43","50.88","164.42","23.32","234.97","-47.23","9758320.00","1060475.00"
"Fri Jul 17 2026 11:45:00 GMT+0530 (India Standard Time)","144.80","147.85","144.65","146.40","130.54","148.03","113.06","165.52","95.57","183.00","78.09","93.87","121.43","50.88","164.42","23.32","234.97","-47.23","9713535.00","809445.00"
"Fri Jul 17 2026 11:46:00 GMT+0530 (India Standard Time)","146.40","147.60","143.85","146.00","130.59","148.07","113.11","165.55","95.63","183.03","78.15","93.87","121.43","50.88","164.42","23.32","234.97","-47.23","9640865.00","572260.00"
"Fri Jul 17 2026 11:47:00 GMT+0530 (India Standard Time)","146.00","146.90","141.95","143.20","130.63","148.10","113.16","165.57","95.69","183.04","78.22","93.87","121.43","50.88","164.42","23.32","234.97","-47.23","9602190.00","506415.00"
"Fri Jul 17 2026 11:48:00 GMT+0530 (India Standard Time)","143.20","146.65","142.75","144.30","130.67","148.13","113.21","165.59","95.75","183.05","78.29","93.87","121.43","50.88","164.42","23.32","234.97","-47.23","9583080.00","487370.00"
"Fri Jul 17 2026 11:49:00 GMT+0530 (India Standard Time)","144.30","146.00","143.55","144.40","130.69","148.14","113.23","165.60","95.77","183.06","78.32","93.87","121.43","50.88","164.42","23.32","234.97","-47.23","9581650.00","222495.00"
"Fri Jul 17 2026 11:50:00 GMT+0530 (India Standard Time)","144.60","145.75","143.15","144.95","130.71","148.16","113.26","165.61","95.80","183.06","78.35","93.87","121.43","50.88","164.42","23.32","234.97","-47.23","9565725.00","273325.00"
"Fri Jul 17 2026 11:51:00 GMT+0530 (India Standard Time)","144.95","147.90","144.95","146.35","130.76","148.21","113.31","165.65","95.87","183.10","78.42","93.87","121.43","50.88","164.42","23.32","234.97","-47.23","9442810.00","569010.00"
"Fri Jul 17 2026 11:52:00 GMT+0530 (India Standard Time)","146.35","151.75","146.35","151.75","130.83","148.29","113.38","165.74","95.93","183.19","78.47","93.87","121.43","50.88","164.42","23.32","234.97","-47.23","9381710.00","708305.00"
"Fri Jul 17 2026 11:53:00 GMT+0530 (India Standard Time)","151.75","154.45","149.90","152.25","130.97","148.46","113.49","165.94","96.01","183.42","78.53","93.87","121.43","50.88","164.42","23.32","234.97","-47.23","9217455.00","1187160.00"
"Fri Jul 17 2026 11:54:00 GMT+0530 (India Standard Time)","152.25","153.90","151.60","152.45","131.05","148.54","113.55","166.04","96.05","183.54","78.56","93.87","121.43","50.88","164.42","23.32","234.97","-47.23","9183135.00","612105.00"
"Fri Jul 17 2026 11:55:00 GMT+0530 (India Standard Time)","152.45","153.45","148.05","148.05","131.11","148.61","113.60","166.11","96.10","183.61","78.60","93.87","121.43","50.88","164.42","23.32","234.97","-47.23","9163505.00","567190.00"
"Fri Jul 17 2026 11:56:00 GMT+0530 (India Standard Time)","148.05","154.15","145.65","151.50","131.19","148.70","113.68","166.21","96.17","183.72","78.66","93.87","121.43","50.88","164.42","23.32","234.97","-47.23","9090705.00","824460.00"
"Fri Jul 17 2026 11:57:00 GMT+0530 (India Standard Time)","151.50","153.80","151.25","152.05","131.24","148.76","113.72","166.28","96.20","183.80","78.68","93.87","121.43","50.88","164.42","23.32","234.97","-47.23","9058335.00","421460.00"
"Fri Jul 17 2026 11:58:00 GMT+0530 (India Standard Time)","151.15","151.65","146.95","147.50","131.28","148.80","113.77","166.32","96.25","183.84","78.73","93.87","121.43","50.88","164.42","23.32","234.97","-47.23","9056190.00","451425.00"
"Fri Jul 17 2026 11:59:00 GMT+0530 (India Standard Time)","147.60","150.00","146.90","148.75","131.30","148.82","113.79","166.34","96.27","183.86","78.75","93.87","121.43","50.88","164.42","23.32","234.97","-47.23","9078095.00","218985.00"
"Fri Jul 17 2026 12:00:00 GMT+0530 (India Standard Time)","148.30","150.60","142.45","143.70","131.36","148.87","113.85","166.37","96.35","183.88","78.84","93.87","121.43","50.88","164.42","23.32","234.97","-47.23","9068280.00","720200.00"
"Fri Jul 17 2026 12:01:00 GMT+0530 (India Standard Time)","143.90","145.60","141.00","143.00","131.40","148.89","113.90","166.38","96.41","183.87","78.92","93.87","121.43","50.88","164.42","23.32","234.97","-47.23","9010235.00","558025.00"
"Fri Jul 17 2026 12:02:00 GMT+0530 (India Standard Time)","143.10","143.15","140.75","141.05","131.41","148.90","113.93","166.38","96.45","183.86","78.96","93.87","121.43","50.88","164.42","23.32","234.97","-47.23","8983975.00","311025.00"
"Fri Jul 17 2026 12:03:00 GMT+0530 (India Standard Time)","141.05","148.35","141.05","147.85","131.45","148.93","113.97","166.40","96.50","183.88","79.02","93.87","121.43","50.88","164.42","23.32","234.97","-47.23","8960185.00","488540.00"
"Fri Jul 17 2026 12:04:00 GMT+0530 (India Standard Time)","147.85","150.30","147.80","149.10","131.49","148.97","114.02","166.44","96.54","183.92","79.07","93.87","121.43","50.88","164.42","23.32","234.97","-47.23","8942570.00","445900.00"
"Fri Jul 17 2026 12:05:00 GMT+0530 (India Standard Time)","149.10","149.10","145.50","146.40","131.52","148.99","114.05","166.46","96.57","183.94","79.10","93.87","121.43","50.88","164.42","23.32","234.97","-47.23","8935810.00","320385.00"
"Fri Jul 17 2026 12:06:00 GMT+0530 (India Standard Time)","146.40","146.40","141.60","143.15","131.54","149.01","114.08","166.47","96.62","183.93","79.16","93.87","121.43","50.88","164.42","23.32","234.97","-47.23","8937630.00","394485.00"
"Fri Jul 17 2026 12:07:00 GMT+0530 (India Standard Time)","143.15","143.45","137.90","138.85","131.57","149.01","114.13","166.45","96.69","183.89","79.25","93.87","121.43","50.88","164.42","23.32","234.97","-47.23","8921640.00","651885.00"
"Fri Jul 17 2026 12:08:00 GMT+0530 (India Standard Time)","138.85","142.90","137.65","142.90","131.60","149.02","114.18","166.45","96.75","183.87","79.33","93.87","121.43","50.88","164.42","23.32","234.97","-47.23","8867040.00","507260.00"
"Fri Jul 17 2026 12:09:00 GMT+0530 (India Standard Time)","142.90","146.80","142.65","145.80","131.63","149.05","114.22","166.46","96.80","183.88","79.39","93.87","121.43","50.88","164.42","23.32","234.97","-47.23","8837465.00","479440.00"
"Fri Jul 17 2026 12:10:00 GMT+0530 (India Standard Time)","145.80","149.60","145.80","146.80","131.68","149.09","114.27","166.50","96.86","183.91","79.45","93.87","121.43","50.88","164.42","23.32","234.97","-47.23","8834735.00","543725.00"
"Fri Jul 17 2026 12:11:00 GMT+0530 (India Standard Time)","146.80","147.15","143.30","144.10","131.70","149.11","114.30","166.51","96.89","183.91","79.49","93.87","121.43","50.88","164.42","23.32","234.97","-47.23","8851570.00","327470.00"
"Fri Jul 17 2026 12:12:00 GMT+0530 (India Standard Time)","144.15","147.00","142.75","145.55","131.72","149.12","114.32","166.52","96.92","183.92","79.52","93.87","121.43","50.88","164.42","23.32","234.97","-47.23","8847475.00","230945.00"
"Fri Jul 17 2026 12:13:00 GMT+0530 (India Standard Time)","145.55","147.60","141.80","142.85","131.73","149.13","114.34","166.52","96.95","183.92","79.55","93.87","121.43","50.88","164.42","23.32","234.97","-47.23","8847930.00","260195.00"
"Fri Jul 17 2026 12:14:00 GMT+0530 (India Standard Time)","142.85","147.85","142.60","147.10","131.75","149.14","114.37","166.53","96.98","183.92","79.59","93.87","121.43","50.88","164.42","23.32","234.97","-47.23","8842470.00","262145.00"
"Fri Jul 17 2026 12:15:00 GMT+0530 (India Standard Time)","147.10","148.30","146.30","148.00","131.78","149.16","114.39","166.55","97.00","183.94","79.61","93.87","121.43","50.88","164.42","23.32","234.97","-47.23","8836035.00","258375.00"
"Fri Jul 17 2026 12:16:00 GMT+0530 (India Standard Time)","148.00","149.00","141.50","142.60","131.81","149.18","114.43","166.56","97.05","183.94","79.67","93.87","121.43","50.88","164.42","23.32","234.97","-47.23","8835320.00","454935.00"
"Fri Jul 17 2026 12:17:00 GMT+0530 (India Standard Time)","142.60","143.20","138.90","142.80","131.83","149.19","114.47","166.55","97.11","183.91","79.75","93.87","121.43","50.88","164.42","23.32","234.97","-47.23","8874450.00","555685.00"
"Fri Jul 17 2026 12:18:00 GMT+0530 (India Standard Time)","142.80","146.75","141.65","146.40","131.87","149.22","114.52","166.57","97.17","183.92","79.82","93.87","121.43","50.88","164.42","23.32","234.97","-47.23","8845005.00","496015.00"
"Fri Jul 17 2026 12:19:00 GMT+0530 (India Standard Time)","146.40","147.00","143.65","143.70","131.88","149.23","114.54","166.57","97.19","183.92","79.84","93.87","121.43","50.88","164.42","23.32","234.97","-47.23","8815300.00","223535.00"
"Fri Jul 17 2026 12:20:00 GMT+0530 (India Standard Time)","143.70","146.95","143.70","146.80","131.90","149.24","114.56","166.58","97.21","183.93","79.87","93.87","121.43","50.88","164.42","23.32","234.97","-47.23","8827325.00","229190.00"
"Fri Jul 17 2026 12:21:00 GMT+0530 (India Standard Time)","146.80","146.80","143.80","144.60","131.92","149.26","114.59","166.59","97.25","183.93","79.92","93.87","121.43","50.88","164.42","23.32","234.97","-47.23","8786700.00","358215.00"
"Fri Jul 17 2026 12:22:00 GMT+0530 (India Standard Time)","144.60","145.20","141.65","145.20","131.95","149.27","114.62","166.60","97.29","183.93","79.96","93.87","121.43","50.88","164.42","23.32","234.97","-47.23","8788520.00","358865.00"
"Fri Jul 17 2026 12:23:00 GMT+0530 (India Standard Time)","145.50","150.35","145.05","148.75","132.00","149.32","114.67","166.65","97.35","183.97","80.03","93.87","121.43","50.88","164.42","23.32","234.97","-47.23","8782735.00","629915.00"
"Fri Jul 17 2026 12:24:00 GMT+0530 (India Standard Time)","148.75","150.45","147.35","148.80","132.04","149.36","114.72","166.69","97.40","184.01","80.07","93.87","121.43","50.88","164.42","23.32","234.97","-47.23","8746465.00","487955.00"
"Fri Jul 17 2026 12:25:00 GMT+0530 (India Standard Time)","148.80","155.75","148.80","150.30","132.13","149.46","114.80","166.80","97.46","184.13","80.13","93.87","121.43","50.88","164.42","23.32","234.97","-47.23","8746465.00","907790.00"
"Fri Jul 17 2026 12:26:00 GMT+0530 (India Standard Time)","150.25","152.00","147.00","147.00","132.16","149.50","114.83","166.83","97.50","184.16","80.17","93.87","121.43","50.88","164.42","23.32","234.97","-47.23","8696155.00","384280.00"
"Fri Jul 17 2026 12:27:00 GMT+0530 (India Standard Time)","147.20","152.00","147.20","149.45","132.19","149.52","114.86","166.85","97.52","184.18","80.19","93.87","121.43","50.88","164.42","23.32","234.97","-47.23","8697455.00","269620.00"
"Fri Jul 17 2026 12:28:00 GMT+0530 (India Standard Time)","149.10","151.50","148.60","149.70","132.20","149.54","114.87","166.87","97.54","184.20","80.21","93.87","121.43","50.88","164.42","23.32","234.97","-47.23","8691280.00","178685.00"
"Fri Jul 17 2026 12:29:00 GMT+0530 (India Standard Time)","149.70","150.20","146.65","148.25","132.22","149.55","114.89","166.88","97.56","184.21","80.23","93.87","121.43","50.88","164.42","23.32","234.97","-47.23","8678605.00","233220.00"
"Fri Jul 17 2026 12:30:00 GMT+0530 (India Standard Time)","148.10","148.25","145.30","147.10","132.24","149.57","114.91","166.90","97.59","184.22","80.26","93.87","121.43","50.88","164.42","23.32","234.97","-47.23","8671130.00","260910.00"
"Fri Jul 17 2026 12:31:00 GMT+0530 (India Standard Time)","147.40","149.65","146.10","149.30","132.26","149.58","114.93","166.91","97.60","184.24","80.28","93.87","121.43","50.88","164.42","23.32","234.97","-47.23","8650980.00","187590.00"
"Fri Jul 17 2026 12:32:00 GMT+0530 (India Standard Time)","149.30","150.75","146.40","146.65","132.27","149.60","114.95","166.92","97.63","184.25","80.30","93.87","121.43","50.88","164.42","23.32","234.97","-47.23","8638500.00","215670.00"
"Fri Jul 17 2026 12:33:00 GMT+0530 (India Standard Time)","146.65","150.35","146.25","150.35","132.29","149.61","114.96","166.94","97.64","184.26","80.32","93.87","121.43","50.88","164.42","23.32","234.97","-47.23","8636745.00","157690.00"
"Fri Jul 17 2026 12:34:00 GMT+0530 (India Standard Time)","150.35","152.30","149.95","150.15","132.32","149.65","115.00","166.98","97.67","184.30","80.34","93.87","121.43","50.88","164.42","23.32","234.97","-47.23","8626410.00","385385.00"
"Fri Jul 17 2026 12:35:00 GMT+0530 (India Standard Time)","150.15","151.20","148.45","149.25","132.34","149.67","115.02","166.99","97.69","184.32","80.36","93.87","121.43","50.88","164.42","23.32","234.97","-47.23","8629140.00","200785.00"
"Fri Jul 17 2026 12:36:00 GMT+0530 (India Standard Time)","149.25","150.90","148.75","149.35","132.35","149.68","115.03","167.01","97.70","184.33","80.37","93.87","121.43","50.88","164.42","23.32","234.97","-47.23","8621925.00","132990.00"
"Fri Jul 17 2026 12:37:00 GMT+0530 (India Standard Time)","149.35","150.50","146.25","146.25","132.37","149.69","115.04","167.02","97.72","184.34","80.40","93.87","121.43","50.88","164.42","23.32","234.97","-47.23","8620365.00","206635.00"
"Fri Jul 17 2026 12:38:00 GMT+0530 (India Standard Time)","146.15","148.15","144.00","147.05","132.39","149.71","115.07","167.03","97.76","184.35","80.44","93.87","121.43","50.88","164.42","23.32","234.97","-47.23","8634275.00","350025.00"
"Fri Jul 17 2026 12:39:00 GMT+0530 (India Standard Time)","147.05","147.85","145.00","145.60","132.41","149.72","115.09","167.04","97.78","184.36","80.46","93.87","121.43","50.88","164.42","23.32","234.97","-47.23","8631285.00","201565.00"
"Fri Jul 17 2026 12:40:00 GMT+0530 (India Standard Time)","146.35","147.00","141.60","141.60","132.43","149.73","115.12","167.04","97.81","184.35","80.50","93.87","121.43","50.88","164.42","23.32","234.97","-47.23","8639800.00","322790.00"
"Fri Jul 17 2026 12:41:00 GMT+0530 (India Standard Time)","141.65","144.00","138.35","143.95","132.46","149.75","115.17","167.03","97.88","184.32","80.59","93.87","121.43","50.88","164.42","23.32","234.97","-47.23","8629855.00","662740.00"
"Fri Jul 17 2026 12:42:00 GMT+0530 (India Standard Time)","144.25","148.40","143.65","148.15","132.49","149.77","115.21","167.06","97.93","184.34","80.65","93.87","121.43","50.88","164.42","23.32","234.97","-47.23","8588190.00","515190.00"
"Fri Jul 17 2026 12:43:00 GMT+0530 (India Standard Time)","148.15","149.30","143.70","144.80","132.52","149.79","115.24","167.07","97.97","184.34","80.69","93.87","121.43","50.88","164.42","23.32","234.97","-47.23","8600735.00","357500.00"
"Fri Jul 17 2026 12:44:00 GMT+0530 (India Standard Time)","144.80","147.90","144.50","147.60","132.53","149.80","115.26","167.07","97.98","184.35","80.71","93.87","121.43","50.88","164.42","23.32","234.97","-47.23","8614645.00","162045.00"
"Fri Jul 17 2026 12:45:00 GMT+0530 (India Standard Time)","147.60","154.00","147.60","152.80","132.60","149.87","115.32","167.15","98.04","184.43","80.76","93.87","121.43","50.88","164.42","23.32","234.97","-47.23","8630375.00","708370.00"
"Fri Jul 17 2026 12:46:00 GMT+0530 (India Standard Time)","152.80","152.90","149.45","150.90","132.62","149.90","115.34","167.18","98.06","184.46","80.78","93.87","121.43","50.88","164.42","23.32","234.97","-47.23","8611915.00","306150.00"
"Fri Jul 17 2026 12:47:00 GMT+0530 (India Standard Time)","150.90","152.80","150.20","152.50","132.65","149.93","115.36","167.21","98.08","184.49","80.80","93.87","121.43","50.88","164.42","23.32","234.97","-47.23","8626345.00","237510.00"
"Fri Jul 17 2026 12:48:00 GMT+0530 (India Standard Time)","152.50","154.95","151.20","154.85","132.69","149.98","115.40","167.27","98.11","184.57","80.82","93.87","121.43","50.88","164.42","23.32","234.97","-47.23","8648055.00","434395.00"
"Fri Jul 17 2026 12:49:00 GMT+0530 (India Standard Time)","155.80","166.70","155.45","162.50","132.97","150.41","115.53","167.85","98.09","185.29","80.66","93.87","121.43","50.88","164.42","23.32","234.97","-47.23","8639085.00","2000440.00"
"Fri Jul 17 2026 12:50:00 GMT+0530 (India Standard Time)","162.50","162.50","150.00","150.00","133.08","150.54","115.62","168.00","98.16","185.46","80.70","93.87","121.43","50.88","164.42","23.32","234.97","-47.23","8539310.00","1027260.00"
"Fri Jul 17 2026 12:51:00 GMT+0530 (India Standard Time)","150.00","151.90","147.20","150.60","133.14","150.60","115.68","168.05","98.22","185.51","80.77","93.87","121.43","50.88","164.42","23.32","234.97","-47.23","8572915.00","728130.00"
"Fri Jul 17 2026 12:52:00 GMT+0530 (India Standard Time)","150.50","151.35","147.50","147.90","133.16","150.62","115.71","168.07","98.25","185.53","80.80","93.87","121.43","50.88","164.42","23.32","234.97","-47.23","8579220.00","294710.00"
"Fri Jul 17 2026 12:53:00 GMT+0530 (India Standard Time)","147.90","148.35","142.70","144.50","133.20","150.64","115.75","168.08","98.31","185.52","80.87","93.87","121.43","50.88","164.42","23.32","234.97","-47.23","8591505.00","604890.00"
"Fri Jul 17 2026 12:54:00 GMT+0530 (India Standard Time)","144.35","144.50","141.25","142.55","133.21","150.64","115.78","168.07","98.35","185.50","80.92","93.87","121.43","50.88","164.42","23.32","234.97","-47.23","8585135.00","380185.00"
"Fri Jul 17 2026 12:55:00 GMT+0530 (India Standard Time)","143.00","146.65","140.85","141.35","133.24","150.65","115.82","168.07","98.41","185.48","80.99","93.87","121.43","50.88","164.42","23.32","234.97","-47.23","8606780.00","509210.00"
"Fri Jul 17 2026 12:56:00 GMT+0530 (India Standard Time)","141.10","145.80","141.05","145.00","133.25","150.66","115.84","168.07","98.43","185.48","81.02","93.87","121.43","50.88","164.42","23.32","234.97","-47.23","8632845.00","254735.00"
"Fri Jul 17 2026 12:57:00 GMT+0530 (India Standard Time)","144.80","150.10","144.50","147.75","133.29","150.69","115.89","168.09","98.49","185.49","81.09","93.87","121.43","50.88","164.42","23.32","234.97","-47.23","8645260.00","589030.00"
"Fri Jul 17 2026 12:58:00 GMT+0530 (India Standard Time)","147.70","149.70","145.60","145.60","133.31","150.71","115.91","168.10","98.52","185.50","81.12","93.87","121.43","50.88","164.42","23.32","234.97","-47.23","8669115.00","306345.00"
"Fri Jul 17 2026 12:59:00 GMT+0530 (India Standard Time)","146.10","150.50","146.10","149.65","133.33","150.73","115.94","168.12","98.55","185.51","81.16","93.87","121.43","50.88","164.42","23.32","234.97","-47.23","8698430.00","331305.00"
"Fri Jul 17 2026 13:00:00 GMT+0530 (India Standard Time)","150.20","153.00","148.60","149.60","133.37","150.76","115.97","168.15","98.58","185.54","81.19","93.87","121.43","50.88","164.42","23.32","234.97","-47.23","8712340.00","374985.00"
"Fri Jul 17 2026 13:01:00 GMT+0530 (India Standard Time)","149.60","153.75","149.15","150.50","133.39","150.79","116.00","168.18","98.61","185.57","81.21","93.87","121.43","50.88","164.42","23.32","234.97","-47.23","8739770.00","344435.00"
"Fri Jul 17 2026 13:02:00 GMT+0530 (India Standard Time)","150.50","150.65","146.20","146.55","133.41","150.80","116.02","168.19","98.63","185.58","81.24","93.87","121.43","50.88","164.42","23.32","234.97","-47.23","8742890.00","276705.00"
"Fri Jul 17 2026 13:03:00 GMT+0530 (India Standard Time)","146.55","148.35","144.50","146.80","133.43","150.82","116.05","168.20","98.67","185.58","81.28","93.87","121.43","50.88","164.42","23.32","234.97","-47.23","8753290.00","341640.00"
"Fri Jul 17 2026 13:04:00 GMT+0530 (India Standard Time)","146.80","149.00","146.65","147.45","133.45","150.83","116.06","168.21","98.68","185.59","81.30","93.87","121.43","50.88","164.42","23.32","234.97","-47.23","8796450.00","171990.00"
"Fri Jul 17 2026 13:05:00 GMT+0530 (India Standard Time)","147.45","147.45","145.00","146.55","133.45","150.83","116.07","168.21","98.70","185.59","81.32","93.87","121.43","50.88","164.42","23.32","234.97","-47.23","8811140.00","126295.00"
"Fri Jul 17 2026 13:06:00 GMT+0530 (India Standard Time)","146.55","148.35","145.70","148.00","133.46","150.84","116.09","168.22","98.71","185.59","81.33","93.87","121.43","50.88","164.42","23.32","234.97","-47.23","8813870.00","145405.00"
"Fri Jul 17 2026 13:07:00 GMT+0530 (India Standard Time)","148.00","149.85","143.00","143.35","133.48","150.85","116.11","168.22","98.75","185.59","81.38","93.87","121.43","50.88","164.42","23.32","234.97","-47.23","8816145.00","363870.00"
"Fri Jul 17 2026 13:08:00 GMT+0530 (India Standard Time)","143.35","146.30","143.35","145.10","133.49","150.86","116.13","168.22","98.76","185.59","81.40","93.87","121.43","50.88","164.42","23.32","234.97","-47.23","8805875.00","152295.00"
"Fri Jul 17 2026 13:09:00 GMT+0530 (India Standard Time)","145.10","146.15","143.80","144.25","133.50","150.86","116.14","168.22","98.78","185.58","81.42","93.87","121.43","50.88","164.42","23.32","234.97","-47.23","8811010.00","170040.00"
"Fri Jul 17 2026 13:10:00 GMT+0530 (India Standard Time)","144.30","146.20","144.30","145.40","133.51","150.87","116.15","168.22","98.79","185.58","81.43","93.87","121.43","50.88","164.42","23.32","234.97","-47.23","8810295.00","108940.00"
"Fri Jul 17 2026 13:11:00 GMT+0530 (India Standard Time)","145.40","147.25","144.65","145.40","133.52","150.87","116.16","168.23","98.81","185.58","81.45","93.87","121.43","50.88","164.42","23.32","234.97","-47.23","8810490.00","158925.00"
"Fri Jul 17 2026 13:12:00 GMT+0530 (India Standard Time)","145.40","145.85","142.00","142.05","133.53","150.88","116.18","168.22","98.84","185.57","81.49","93.87","121.43","50.88","164.42","23.32","234.97","-47.23","8821735.00","306215.00"
"Fri Jul 17 2026 13:13:00 GMT+0530 (India Standard Time)","142.05","145.40","142.05","144.95","133.54","150.88","116.20","168.22","98.86","185.56","81.52","93.87","121.43","50.88","164.42","23.32","234.97","-47.23","8830055.00","248560.00"
"Fri Jul 17 2026 13:14:00 GMT+0530 (India Standard Time)","144.95","147.90","144.55","146.15","133.56","150.89","116.22","168.23","98.89","185.57","81.55","93.87","121.43","50.88","164.42","23.32","234.97","-47.23","8838635.00","257725.00"
"Fri Jul 17 2026 13:15:00 GMT+0530 (India Standard Time)","146.20","146.20","136.70","139.60","133.58","150.89","116.27","168.20","98.96","185.52","81.65","93.87","121.43","50.88","164.42","23.32","234.97","-47.23","8848060.00","750165.00"
"Fri Jul 17 2026 13:16:00 GMT+0530 (India Standard Time)","139.60","141.00","138.55","140.40","133.59","150.89","116.29","168.19","98.99","185.49","81.69","93.87","121.43","50.88","164.42","23.32","234.97","-47.23","8830510.00","319280.00"
"Fri Jul 17 2026 13:17:00 GMT+0530 (India Standard Time)","140.70","141.90","139.20","141.65","133.60","150.89","116.31","168.18","99.02","185.47","81.73","93.87","121.43","50.88","164.42","23.32","234.97","-47.23","8846630.00","294255.00"
"Fri Jul 17 2026 13:18:00 GMT+0530 (India Standard Time)","141.65","143.75","139.70","141.60","133.62","150.90","116.35","168.17","99.07","185.44","81.80","93.87","121.43","50.88","164.42","23.32","234.97","-47.23","8854560.00","500500.00"
"Fri Jul 17 2026 13:19:00 GMT+0530 (India Standard Time)","141.60","141.60","138.20","138.90","133.63","150.89","116.36","168.16","99.09","185.43","81.83","93.87","121.43","50.88","164.42","23.32","234.97","-47.23","8926255.00","208585.00"
"Fri Jul 17 2026 13:20:00 GMT+0530 (India Standard Time)","138.90","142.35","138.90","140.55","133.64","150.89","116.38","168.15","99.12","185.41","81.86","93.87","121.43","50.88","164.42","23.32","234.97","-47.23","8926580.00","239330.00"
"Fri Jul 17 2026 13:21:00 GMT+0530 (India Standard Time)","140.55","141.25","138.15","138.15","133.64","150.89","116.40","168.14","99.15","185.38","81.90","93.87","121.43","50.88","164.42","23.32","234.97","-47.23","8924435.00","329550.00"
"Fri Jul 17 2026 13:22:00 GMT+0530 (India Standard Time)","138.50","140.00","138.05","139.30","133.65","150.89","116.41","168.13","99.16","185.37","81.92","93.87","121.43","50.88","164.42","23.32","234.97","-47.23","8900060.00","144105.00"
"Fri Jul 17 2026 13:23:00 GMT+0530 (India Standard Time)","139.55","140.90","136.55","136.95","133.65","150.88","116.42","168.12","99.19","185.35","81.95","93.87","121.43","50.88","164.42","23.32","234.97","-47.23","8907925.00","249015.00"
"Fri Jul 17 2026 13:24:00 GMT+0530 (India Standard Time)","137.55","139.35","133.45","133.95","133.66","150.87","116.45","168.07","99.24","185.28","82.04","93.87","121.43","50.88","164.42","23.32","234.97","-47.23","8909355.00","651690.00"
"Fri Jul 17 2026 13:25:00 GMT+0530 (India Standard Time)","133.75","138.00","130.85","138.00","133.66","150.85","116.48","168.03","99.30","185.21","82.12","93.87","121.43","50.88","164.42","23.32","234.97","-47.23","8902465.00","657735.00"
"Fri Jul 17 2026 13:26:00 GMT+0530 (India Standard Time)","138.25","139.00","133.35","134.25","133.67","150.83","116.50","168.00","99.34","185.17","82.17","93.87","121.43","50.88","164.42","23.32","234.97","-47.23","8917935.00","389350.00"
"Fri Jul 17 2026 13:27:00 GMT+0530 (India Standard Time)","134.35","134.40","131.20","131.20","133.67","150.82","116.51","167.98","99.36","185.13","82.20","93.87","121.43","50.88","164.42","23.32","234.97","-47.23","8913970.00","285285.00"
"Fri Jul 17 2026 13:28:00 GMT+0530 (India Standard Time)","131.70","133.20","130.50","132.80","133.66","150.80","116.52","167.94","99.38","185.08","82.24","93.87","121.43","50.88","164.42","23.32","234.97","-47.23","8907535.00","397540.00"
"Fri Jul 17 2026 13:29:00 GMT+0530 (India Standard Time)","132.80","137.00","132.25","134.20","133.66","150.79","116.54","167.91","99.42","185.03","82.30","93.87","121.43","50.88","164.42","23.32","234.97","-47.23","8919560.00","443235.00"
"Fri Jul 17 2026 13:30:00 GMT+0530 (India Standard Time)","134.20","136.65","134.00","136.00","133.67","150.78","116.56","167.89","99.45","185.00","82.33","93.87","121.43","50.88","164.42","23.32","234.97","-47.23","8935355.00","293800.00"
"Fri Jul 17 2026 13:31:00 GMT+0530 (India Standard Time)","136.00","139.50","134.55","134.75","133.67","150.76","116.58","167.86","99.49","184.95","82.40","93.87","121.43","50.88","164.42","23.32","234.97","-47.23","8956155.00","524485.00"
"Fri Jul 17 2026 13:32:00 GMT+0530 (India Standard Time)","134.75","136.30","132.10","134.95","133.67","150.76","116.59","167.84","99.51","184.92","82.43","93.87","121.43","50.88","164.42","23.32","234.97","-47.23","8983780.00","258245.00"
"Fri Jul 17 2026 13:33:00 GMT+0530 (India Standard Time)","134.95","134.95","131.60","133.35","133.67","150.75","116.60","167.82","99.53","184.89","82.45","93.87","121.43","50.88","164.42","23.32","234.97","-47.23","8991125.00","203125.00"
"Fri Jul 17 2026 13:34:00 GMT+0530 (India Standard Time)","133.35","135.70","132.00","135.15","133.67","150.74","116.61","167.80","99.55","184.87","82.48","93.87","121.43","50.88","164.42","23.32","234.97","-47.23","8995350.00","222300.00"
"Fri Jul 17 2026 13:35:00 GMT+0530 (India Standard Time)","135.15","138.10","135.00","136.50","133.68","150.73","116.63","167.78","99.57","184.84","82.52","93.87","121.43","50.88","164.42","23.32","234.97","-47.23","9004580.00","319215.00"
"Fri Jul 17 2026 13:36:00 GMT+0530 (India Standard Time)","136.50","141.00","136.40","136.40","133.69","150.72","116.66","167.76","99.62","184.79","82.59","93.87","121.43","50.88","164.42","23.32","234.97","-47.23","9003865.00","531635.00"
"Fri Jul 17 2026 13:37:00 GMT+0530 (India Standard Time)","136.40","138.65","132.20","133.00","133.69","150.71","116.67","167.72","99.66","184.74","82.64","93.87","121.43","50.88","164.42","23.32","234.97","-47.23","9011925.00","436800.00"
"Fri Jul 17 2026 13:38:00 GMT+0530 (India Standard Time)","133.15","134.15","131.60","132.50","133.69","150.69","116.69","167.70","99.68","184.70","82.68","93.87","121.43","50.88","164.42","23.32","234.97","-47.23","9048845.00","331240.00"
"Fri Jul 17 2026 13:39:00 GMT+0530 (India Standard Time)","132.50","135.15","132.45","133.90","133.69","150.68","116.69","167.68","99.70","184.67","82.71","93.87","121.43","50.88","164.42","23.32","234.97","-47.23","9054370.00","249405.00"
"Fri Jul 17 2026 13:40:00 GMT+0530 (India Standard Time)","133.90","133.90","126.50","127.85","133.67","150.63","116.71","167.60","99.75","184.56","82.79","93.87","121.43","50.88","164.42","23.32","234.97","-47.23","9063405.00","909610.00"
"Fri Jul 17 2026 13:41:00 GMT+0530 (India Standard Time)","127.85","129.50","123.45","129.15","133.64","150.57","116.71","167.50","99.78","184.43","82.86","93.87","121.43","50.88","164.42","23.32","234.97","-47.23","9049170.00","997165.00"
"Fri Jul 17 2026 13:42:00 GMT+0530 (India Standard Time)","129.15","129.40","123.55","125.60","133.63","150.54","116.71","167.46","99.80","184.37","82.88","93.87","121.43","50.88","164.42","23.32","234.97","-47.23","9046115.00","508170.00"
"Fri Jul 17 2026 13:43:00 GMT+0530 (India Standard Time)","125.60","125.60","122.60","125.40","133.61","150.51","116.71","167.41","99.81","184.31","82.90","93.87","121.43","50.88","164.42","23.32","234.97","-47.23","9081540.00","487305.00"
"Fri Jul 17 2026 13:44:00 GMT+0530 (India Standard Time)","125.40","126.85","121.90","125.75","133.58","150.47","116.70","167.35","99.81","184.24","82.93","93.87","121.43","50.88","164.42","23.32","234.97","-47.23","9108125.00","601510.00"
"Fri Jul 17 2026 13:45:00 GMT+0530 (India Standard Time)","125.75","126.35","123.00","125.50","133.57","150.44","116.69","167.31","99.82","184.18","82.95","93.87","121.43","50.88","164.42","23.32","234.97","-47.23","9185150.00","459485.00"
"Fri Jul 17 2026 13:46:00 GMT+0530 (India Standard Time)","125.50","126.05","117.80","118.60","133.52","150.37","116.66","167.23","99.80","184.09","82.94","93.87","121.43","50.88","164.42","23.32","234.97","-47.23","9218950.00","916955.00"
"Fri Jul 17 2026 13:47:00 GMT+0530 (India Standard Time)","118.70","119.20","113.50","116.40","133.39","150.25","116.53","167.11","99.67","183.97","82.81","93.87","121.43","50.88","164.42","23.32","234.97","-47.23","9242285.00","1665430.00"
"Fri Jul 17 2026 13:48:00 GMT+0530 (India Standard Time)","116.40","119.20","115.25","118.40","133.33","150.19","116.48","167.04","99.62","183.90","82.77","93.87","121.43","50.88","164.42","23.32","234.97","-47.23","9320155.00","875290.00"
"Fri Jul 17 2026 13:49:00 GMT+0530 (India Standard Time)","118.40","119.25","115.25","115.25","133.28","150.13","116.42","166.99","99.57","183.84","82.72","93.87","121.43","50.88","164.42","23.32","234.97","-47.23","9358960.00","715585.00"
"Fri Jul 17 2026 13:50:00 GMT+0530 (India Standard Time)","115.75","115.90","111.70","113.60","133.17","150.04","116.30","166.91","99.43","183.78","82.56","93.87","121.43","50.88","164.42","23.32","234.97","-47.23","9469005.00","1260610.00"
"Fri Jul 17 2026 13:51:00 GMT+0530 (India Standard Time)","113.30","113.30","104.95","107.55","132.91","149.88","115.95","166.85","98.98","183.82","82.01","93.87","121.43","50.88","164.42","23.32","234.97","-47.23","9770800.00","2466490.00"
"Fri Jul 17 2026 13:52:00 GMT+0530 (India Standard Time)","107.90","111.25","107.50","109.55","132.77","149.78","115.76","166.80","98.74","183.81","81.73","93.87","121.43","50.88","164.42","23.32","234.97","-47.23","9961965.00","1439620.00"
"Fri Jul 17 2026 13:53:00 GMT+0530 (India Standard Time)","109.35","111.50","109.20","110.90","132.70","149.73","115.66","166.76","98.63","183.80","81.59","93.87","121.43","50.88","164.42","23.32","234.97","-47.23","10037170.00","793455.00"
"Fri Jul 17 2026 13:54:00 GMT+0530 (India Standard Time)","111.20","113.40","110.00","112.80","132.62","149.67","115.57","166.72","98.52","183.77","81.47","93.87","121.43","50.88","164.42","23.32","234.97","-47.23","10157225.00","878085.00"
"Fri Jul 17 2026 13:55:00 GMT+0530 (India Standard Time)","112.20","115.80","110.65","114.85","132.53","149.59","115.48","166.65","98.42","183.70","81.36","93.87","121.43","50.88","164.42","23.32","234.97","-47.23","10152935.00","1110135.00"
"Fri Jul 17 2026 13:56:00 GMT+0530 (India Standard Time)","114.35","114.65","111.15","113.15","132.46","149.53","115.40","166.60","98.33","183.66","81.26","93.87","121.43","50.88","164.42","23.32","234.97","-47.23","10172500.00","855010.00"
"Fri Jul 17 2026 13:57:00 GMT+0530 (India Standard Time)","113.25","115.50","113.10","114.70","132.41","149.48","115.34","166.55","98.27","183.62","81.20","93.87","121.43","50.88","164.42","23.32","234.97","-47.23","10093135.00","737490.00"
"Fri Jul 17 2026 13:58:00 GMT+0530 (India Standard Time)","114.70","117.20","113.80","116.50","132.35","149.42","115.28","166.49","98.21","183.55","81.15","93.87","121.43","50.88","164.42","23.32","234.97","-47.23","10061740.00","831610.00"
"Fri Jul 17 2026 13:59:00 GMT+0530 (India Standard Time)","116.90","128.00","116.65","126.10","132.26","149.26","115.26","166.27","98.25","183.27","81.25","93.87","121.43","50.88","164.42","23.32","234.97","-47.23","9920495.00","2489110.00"
"Fri Jul 17 2026 14:00:00 GMT+0530 (India Standard Time)","126.10","126.80","122.55","125.00","132.22","149.19","115.25","166.16","98.29","183.12","81.32","93.87","121.43","50.88","164.42","23.32","234.97","-47.23","9842365.00","1279005.00"
"Fri Jul 17 2026 14:01:00 GMT+0530 (India Standard Time)","125.00","126.25","121.75","124.10","132.20","149.14","115.25","166.09","98.30","183.03","81.36","93.87","121.43","50.88","164.42","23.32","234.97","-47.23","9848540.00","791830.00"
"Fri Jul 17 2026 14:02:00 GMT+0530 (India Standard Time)","123.60","124.05","119.80","121.45","132.16","149.10","115.23","166.03","98.30","182.96","81.37","93.87","121.43","50.88","164.42","23.32","234.97","-47.23","9787375.00","713310.00"
"Fri Jul 17 2026 14:03:00 GMT+0530 (India Standard Time)","121.45","124.30","120.80","123.55","132.15","149.07","115.23","165.99","98.31","182.91","81.39","93.87","121.43","50.88","164.42","23.32","234.97","-47.23","9794200.00","449800.00"
"Fri Jul 17 2026 14:04:00 GMT+0530 (India Standard Time)","123.55","127.60","123.55","125.05","132.12","149.01","115.23","165.91","98.34","182.80","81.45","93.87","121.43","50.88","164.42","23.32","234.97","-47.23","9789065.00","971750.00"
"Fri Jul 17 2026 14:05:00 GMT+0530 (India Standard Time)","125.05","129.05","125.05","127.25","132.10","148.95","115.24","165.81","98.39","182.67","81.53","93.87","121.43","50.88","164.42","23.32","234.97","-47.23","9817730.00","1166035.00"
"Fri Jul 17 2026 14:06:00 GMT+0530 (India Standard Time)","127.25","128.25","123.20","123.20","132.08","148.91","115.24","165.75","98.41","182.58","81.57","93.87","121.43","50.88","164.42","23.32","234.97","-47.23","9796085.00","757250.00"
"Fri Jul 17 2026 14:07:00 GMT+0530 (India Standard Time)","123.20","125.50","122.50","125.10","132.06","148.88","115.24","165.70","98.42","182.52","81.60","93.87","121.43","50.88","164.42","23.32","234.97","-47.23","9711325.00","534430.00"
"Fri Jul 17 2026 14:08:00 GMT+0530 (India Standard Time)","125.10","126.65","122.35","123.70","132.05","148.86","115.24","165.67","98.43","182.47","81.62","93.87","121.43","50.88","164.42","23.32","234.97","-47.23","9714445.00","435825.00"
"Fri Jul 17 2026 14:09:00 GMT+0530 (India Standard Time)","123.70","126.00","123.70","125.25","132.04","148.84","115.24","165.64","98.43","182.44","81.63","93.87","121.43","50.88","164.42","23.32","234.97","-47.23","9738560.00","268255.00"
"Fri Jul 17 2026 14:10:00 GMT+0530 (India Standard Time)","125.25","127.30","125.00","126.85","132.03","148.82","115.24","165.61","98.45","182.40","81.66","93.87","121.43","50.88","164.42","23.32","234.97","-47.23","9728940.00","421460.00"
"Fri Jul 17 2026 14:11:00 GMT+0530 (India Standard Time)","126.85","134.10","126.85","134.10","132.03","148.76","115.29","165.50","98.55","182.24","81.81","93.87","121.43","50.88","164.42","23.32","234.97","-47.23","9674665.00","1564030.00"
"Fri Jul 17 2026 14:12:00 GMT+0530 (India Standard Time)","134.10","139.00","133.25","137.05","132.06","148.74","115.37","165.43","98.68","182.11","82.00","93.87","121.43","50.88","164.42","23.32","234.97","-47.23","9608950.00","1681940.00"
"Fri Jul 17 2026 14:13:00 GMT+0530 (India Standard Time)","137.05","146.65","136.70","145.00","132.15","148.79","115.50","165.44","98.86","182.08","82.21","93.87","121.43","50.88","164.42","23.32","234.97","-47.23","9445410.00","2176395.00"
"Fri Jul 17 2026 14:14:00 GMT+0530 (India Standard Time)","145.00","151.65","144.15","151.20","132.28","148.92","115.63","165.57","98.99","182.21","82.34","93.87","121.43","50.88","164.42","23.32","234.97","-47.23","9126130.00","2021045.00"
"Fri Jul 17 2026 14:15:00 GMT+0530 (India Standard Time)","151.20","207.45","151.00","207.45","133.49","151.88","115.11","170.27","96.72","188.65","78.33","93.87","121.43","50.88","164.42","23.32","234.97","-47.23","8739445.00","5702060.00"
"Fri Jul 17 2026 14:16:00 GMT+0530 (India Standard Time)","208.60","227.55","194.10","227.55","134.71","155.51","113.91","176.30","93.12","197.10","72.32","93.87","121.43","50.88","164.42","23.32","234.97","-47.23","7611110.00","3940300.00"
"Fri Jul 17 2026 14:17:00 GMT+0530 (India Standard Time)","223.85","231.20","206.30","207.20","135.32","157.17","113.46","179.03","91.61","200.89","69.75","93.87","121.43","50.88","164.42","23.32","234.97","-47.23","7269015.00","2055560.00"
"Fri Jul 17 2026 14:18:00 GMT+0530 (India Standard Time)","210.15","210.15","193.75","194.80","135.60","157.82","113.38","180.04","91.16","202.26","68.94","93.87","121.43","50.88","164.42","23.32","234.97","-47.23","6972810.00","1199380.00"
"Fri Jul 17 2026 14:19:00 GMT+0530 (India Standard Time)","193.35","194.60","174.95","175.60","135.81","158.19","113.43","180.57","91.04","202.96","68.66","93.87","121.43","50.88","164.42","23.32","234.97","-47.23","6943820.00","1221610.00"
"Fri Jul 17 2026 14:20:00 GMT+0530 (India Standard Time)","177.50","184.60","174.40","175.85","135.98","158.48","113.48","180.98","90.98","203.48","68.48","93.87","121.43","50.88","164.42","23.32","234.97","-47.23","6968195.00","1103310.00"
"Fri Jul 17 2026 14:21:00 GMT+0530 (India Standard Time)","176.05","180.30","171.10","171.75","136.09","158.65","113.53","181.21","90.97","203.77","68.41","93.87","121.43","50.88","164.42","23.32","234.97","-47.23","6963450.00","800280.00"
"Fri Jul 17 2026 14:22:00 GMT+0530 (India Standard Time)","173.80","173.80","164.10","164.50","136.17","158.76","113.58","181.35","91.00","203.93","68.41","93.87","121.43","50.88","164.42","23.32","234.97","-47.23","6987435.00","701610.00"
"Fri Jul 17 2026 14:23:00 GMT+0530 (India Standard Time)","162.35","166.20","159.95","159.95","136.23","158.83","113.64","181.42","91.04","204.02","68.44","93.87","121.43","50.88","164.42","23.32","234.97","-47.23","7028515.00","651430.00"
"Fri Jul 17 2026 14:24:00 GMT+0530 (India Standard Time)","159.95","163.60","159.05","163.60","136.29","158.89","113.68","181.49","91.08","204.10","68.48","93.87","121.43","50.88","164.42","23.32","234.97","-47.23","7034560.00","587275.00"
"Fri Jul 17 2026 14:25:00 GMT+0530 (India Standard Time)","163.60","173.50","161.70","171.35","136.41","159.06","113.76","181.71","91.11","204.36","68.46","93.87","121.43","50.88","164.42","23.32","234.97","-47.23","7040540.00","1074515.00"
"Fri Jul 17 2026 14:26:00 GMT+0530 (India Standard Time)","170.85","178.05","170.85","175.55","136.54","159.26","113.82","181.98","91.10","204.70","68.38","93.87","121.43","50.88","164.42","23.32","234.97","-47.23","7009665.00","917540.00"
"Fri Jul 17 2026 14:27:00 GMT+0530 (India Standard Time)","175.55","178.20","172.80","178.20","136.62","159.39","113.85","182.16","91.09","204.93","68.32","93.87","121.43","50.88","164.42","23.32","234.97","-47.23","7008690.00","577265.00"
"Fri Jul 17 2026 14:28:00 GMT+0530 (India Standard Time)","178.20","181.90","175.20","176.40","136.74","159.59","113.90","182.43","91.06","205.28","68.21","93.87","121.43","50.88","164.42","23.32","234.97","-47.23","6964490.00","836680.00"
"Fri Jul 17 2026 14:29:00 GMT+0530 (India Standard Time)","176.40","176.40","155.20","158.70","136.87","159.73","114.00","182.59","91.14","205.46","68.28","93.87","121.43","50.88","164.42","23.32","234.97","-47.23","6901245.00","1289405.00"
"Fri Jul 17 2026 14:30:00 GMT+0530 (India Standard Time)","158.70","171.80","158.70","170.00","136.96","159.85","114.07","182.73","91.18","205.62","68.29","93.87","121.43","50.88","164.42","23.32","234.97","-47.23","6902740.00","857610.00"
"Fri Jul 17 2026 14:31:00 GMT+0530 (India Standard Time)","170.00","171.10","163.30","164.85","137.01","159.91","114.11","182.81","91.21","205.71","68.31","93.87","121.43","50.88","164.42","23.32","234.97","-47.23","6910540.00","478400.00"
"Fri Jul 17 2026 14:32:00 GMT+0530 (India Standard Time)","164.85","167.75","161.55","164.20","137.05","159.95","114.14","182.86","91.23","205.77","68.32","93.87","121.43","50.88","164.42","23.32","234.97","-47.23","6922760.00","400920.00"
"Fri Jul 17 2026 14:33:00 GMT+0530 (India Standard Time)","164.05","166.75","162.25","165.40","137.08","160.00","114.17","182.91","91.25","205.83","68.34","93.87","121.43","50.88","164.42","23.32","234.97","-47.23","6929065.00","364260.00"
"Fri Jul 17 2026 14:34:00 GMT+0530 (India Standard Time)","165.20","169.00","164.05","167.35","137.11","160.03","114.19","182.95","91.27","205.88","68.34","93.87","121.43","50.88","164.42","23.32","234.97","-47.23","6896825.00","257075.00"
"Fri Jul 17 2026 14:35:00 GMT+0530 (India Standard Time)","167.35","168.55","165.35","165.60","137.13","160.06","114.20","182.98","91.28","205.91","68.35","93.87","121.43","50.88","164.42","23.32","234.97","-47.23","6895785.00","191230.00"
"Fri Jul 17 2026 14:36:00 GMT+0530 (India Standard Time)","165.60","166.20","161.05","163.35","137.16","160.09","114.23","183.02","91.30","205.95","68.37","93.87","121.43","50.88","164.42","23.32","234.97","-47.23","6903780.00","340015.00"
"Fri Jul 17 2026 14:37:00 GMT+0530 (India Standard Time)","163.35","165.20","160.90","162.60","137.18","160.12","114.25","183.05","91.31","205.98","68.38","93.87","121.43","50.88","164.42","23.32","234.97","-47.23","6902870.00","232960.00"
"Fri Jul 17 2026 14:38:00 GMT+0530 (India Standard Time)","162.60","168.45","159.90","166.05","137.22","160.17","114.28","183.11","91.34","206.05","68.40","93.87","121.43","50.88","164.42","23.32","234.97","-47.23","6899685.00","441610.00"
"Fri Jul 17 2026 14:39:00 GMT+0530 (India Standard Time)","166.05","167.00","163.55","166.75","137.24","160.19","114.30","183.13","91.35","206.08","68.40","93.87","121.43","50.88","164.42","23.32","234.97","-47.23","6907615.00","159965.00"
"Fri Jul 17 2026 14:40:00 GMT+0530 (India Standard Time)","166.75","170.00","166.20","168.00","137.29","160.24","114.33","183.20","91.37","206.16","68.41","93.87","121.43","50.88","164.42","23.32","234.97","-47.23","6912815.00","420745.00"
"Fri Jul 17 2026 14:41:00 GMT+0530 (India Standard Time)","168.00","176.20","165.70","175.55","137.35","160.34","114.37","183.33","91.38","206.32","68.39","93.87","121.43","50.88","164.42","23.32","234.97","-47.23","6888375.00","559325.00"
"Fri Jul 17 2026 14:42:00 GMT+0530 (India Standard Time)","175.55","176.60","171.05","175.45","137.42","160.44","114.40","183.46","91.38","206.48","68.36","93.87","121.43","50.88","164.42","23.32","234.97","-47.23","6879795.00","482040.00"
"Fri Jul 17 2026 14:43:00 GMT+0530 (India Standard Time)","175.45","180.90","173.25","174.40","137.50","160.57","114.44","183.63","91.37","206.70","68.31","93.87","121.43","50.88","164.42","23.32","234.97","-47.23","6860620.00","627380.00"
"Fri Jul 17 2026 14:44:00 GMT+0530 (India Standard Time)","174.40","181.90","174.00","179.30","137.57","160.68","114.46","183.79","91.36","206.90","68.25","93.87","121.43","50.88","164.42","23.32","234.97","-47.23","6849570.00","492895.00"
"Fri Jul 17 2026 14:45:00 GMT+0530 (India Standard Time)","179.30","180.45","176.70","178.10","137.63","160.77","114.49","183.91","91.34","207.06","68.20","93.87","121.43","50.88","164.42","23.32","234.97","-47.23","6836440.00","408005.00"
"Fri Jul 17 2026 14:46:00 GMT+0530 (India Standard Time)","178.10","183.55","175.05","181.95","137.72","160.93","114.52","184.13","91.32","207.34","68.11","93.87","121.43","50.88","164.42","23.32","234.97","-47.23","6822465.00","644605.00"
"Fri Jul 17 2026 14:47:00 GMT+0530 (India Standard Time)","182.30","183.00","178.30","179.55","137.78","161.02","114.54","184.26","91.30","207.49","68.06","93.87","121.43","50.88","164.42","23.32","234.97","-47.23","6802510.00","369070.00"
"Fri Jul 17 2026 14:48:00 GMT+0530 (India Standard Time)","179.25","180.35","174.80","180.35","137.83","161.10","114.56","184.37","91.29","207.64","68.02","93.87","121.43","50.88","164.42","23.32","234.97","-47.23","6745245.00","365365.00"
"Fri Jul 17 2026 14:49:00 GMT+0530 (India Standard Time)","179.80","181.50","177.55","177.55","137.89","161.20","114.59","184.50","91.28","207.81","67.98","93.87","121.43","50.88","164.42","23.32","234.97","-47.23","6706635.00","436735.00"
"Fri Jul 17 2026 14:50:00 GMT+0530 (India Standard Time)","178.60","179.55","173.65","176.70","137.95","161.29","114.61","184.63","91.28","207.96","67.94","93.87","121.43","50.88","164.42","23.32","234.97","-47.23","6677775.00","448175.00"
"Fri Jul 17 2026 14:51:00 GMT+0530 (India Standard Time)","177.05","180.00","173.65","175.50","138.00","161.36","114.64","184.72","91.28","208.08","67.92","93.87","121.43","50.88","164.42","23.32","234.97","-47.23","6640205.00","333125.00"
"Fri Jul 17 2026 14:52:00 GMT+0530 (India Standard Time)","175.00","177.65","174.75","176.00","138.02","161.40","114.65","184.77","91.28","208.14","67.90","93.87","121.43","50.88","164.42","23.32","234.97","-47.23","6606405.00","202865.00"
"Fri Jul 17 2026 14:53:00 GMT+0530 (India Standard Time)","175.15","175.90","171.05","175.60","138.08","161.48","114.68","184.88","91.28","208.28","67.88","93.87","121.43","50.88","164.42","23.32","234.97","-47.23","6567015.00","453050.00"
"Fri Jul 17 2026 14:54:00 GMT+0530 (India Standard Time)","175.35","175.40","171.00","175.30","138.10","161.51","114.69","184.92","91.28","208.33","67.87","93.87","121.43","50.88","164.42","23.32","234.97","-47.23","6510010.00","202215.00"
"Fri Jul 17 2026 14:55:00 GMT+0530 (India Standard Time)","175.50","180.45","173.30","180.45","138.16","161.59","114.72","185.03","91.28","208.47","67.84","93.87","121.43","50.88","164.42","23.32","234.97","-47.23","6494735.00","383890.00"
"Fri Jul 17 2026 14:56:00 GMT+0530 (India Standard Time)","180.85","187.10","175.55","178.80","138.31","161.85","114.78","185.39","91.24","208.92","67.70","93.87","121.43","50.88","164.42","23.32","234.97","-47.23","6541470.00","1086410.00"
"Fri Jul 17 2026 14:57:00 GMT+0530 (India Standard Time)","178.80","180.00","174.85","176.80","138.36","161.92","114.80","185.48","91.24","209.05","67.68","93.87","121.43","50.88","164.42","23.32","234.97","-47.23","6475105.00","362635.00"
"Fri Jul 17 2026 14:58:00 GMT+0530 (India Standard Time)","176.80","177.00","172.10","175.00","138.39","161.97","114.82","185.55","91.24","209.12","67.66","93.87","121.43","50.88","164.42","23.32","234.97","-47.23","6479850.00","268645.00"
"Fri Jul 17 2026 14:59:00 GMT+0530 (India Standard Time)","175.00","176.00","169.15","170.40","138.44","162.03","114.85","185.62","91.25","209.22","67.66","93.87","121.43","50.88","164.42","23.32","234.97","-47.23","6461130.00","392860.00"
"Fri Jul 17 2026 15:00:00 GMT+0530 (India Standard Time)","170.40","180.65","166.60","178.90","138.58","162.24","114.92","185.90","91.27","209.55","67.61","93.87","121.43","50.88","164.42","23.32","234.97","-47.23","6424015.00","1134250.00"
"Fri Jul 17 2026 15:01:00 GMT+0530 (India Standard Time)","178.90","189.40","177.40","181.35","138.76","162.53","114.98","186.30","91.21","210.08","67.44","93.87","121.43","50.88","164.42","23.32","234.97","-47.23","6273215.00","1183520.00"
"Fri Jul 17 2026 15:02:00 GMT+0530 (India Standard Time)","181.35","181.75","175.35","178.95","138.80","162.59","115.00","186.39","91.21","210.18","67.41","93.87","121.43","50.88","164.42","23.32","234.97","-47.23","6246110.00","299130.00"
"Fri Jul 17 2026 15:03:00 GMT+0530 (India Standard Time)","178.95","180.55","173.10","173.50","138.83","162.64","115.02","186.46","91.21","210.27","67.40","93.87","121.43","50.88","164.42","23.32","234.97","-47.23","6241235.00","282165.00"
"Fri Jul 17 2026 15:04:00 GMT+0530 (India Standard Time)","173.50","177.25","171.85","175.60","138.88","162.70","115.05","186.53","91.22","210.36","67.39","93.87","121.43","50.88","164.42","23.32","234.97","-47.23","6293560.00","354835.00"
"Fri Jul 17 2026 15:05:00 GMT+0530 (India Standard Time)","175.60","182.00","175.60","181.65","138.94","162.80","115.07","186.66","91.21","210.53","67.34","93.87","121.43","50.88","164.42","23.32","234.97","-47.23","6245395.00","437905.00"
"Fri Jul 17 2026 15:06:00 GMT+0530 (India Standard Time)","181.65","184.80","180.40","181.95","138.98","162.87","115.09","186.76","91.20","210.65","67.31","93.87","121.43","50.88","164.42","23.32","234.97","-47.23","6221345.00","286975.00"
"Fri Jul 17 2026 15:07:00 GMT+0530 (India Standard Time)","182.60","186.05","180.70","185.40","139.04","162.98","115.11","186.92","91.17","210.85","67.24","93.87","121.43","50.88","164.42","23.32","234.97","-47.23","6149000.00","445315.00"
"Fri Jul 17 2026 15:08:00 GMT+0530 (India Standard Time)","185.40","185.40","179.00","179.60","139.09","163.06","115.13","187.02","91.16","210.99","67.20","93.87","121.43","50.88","164.42","23.32","234.97","-47.23","6138275.00","338585.00"
"Fri Jul 17 2026 15:09:00 GMT+0530 (India Standard Time)","179.60","182.50","177.25","181.15","139.13","163.11","115.14","187.10","91.16","211.08","67.17","93.87","121.43","50.88","164.42","23.32","234.97","-47.23","6122935.00","261495.00"
"Fri Jul 17 2026 15:10:00 GMT+0530 (India Standard Time)","181.15","181.75","178.00","180.00","139.16","163.17","115.16","187.17","91.15","211.17","67.15","93.87","121.43","50.88","164.42","23.32","234.97","-47.23","6101485.00","251810.00"
"Fri Jul 17 2026 15:11:00 GMT+0530 (India Standard Time)","180.00","182.60","180.00","181.45","139.20","163.23","115.17","187.26","91.15","211.28","67.12","93.87","121.43","50.88","164.42","23.32","234.97","-47.23","6078995.00","275535.00"
"Fri Jul 17 2026 15:12:00 GMT+0530 (India Standard Time)","181.45","185.60","181.05","183.25","139.25","163.32","115.19","187.38","91.13","211.44","67.07","93.87","121.43","50.88","164.42","23.32","234.97","-47.23","6063395.00","362830.00"
"Fri Jul 17 2026 15:13:00 GMT+0530 (India Standard Time)","183.25","183.25","179.50","181.35","139.29","163.37","115.21","187.46","91.13","211.54","67.04","93.87","121.43","50.88","164.42","23.32","234.97","-47.23","6034925.00","259350.00"
"Fri Jul 17 2026 15:14:00 GMT+0530 (India Standard Time)","181.00","181.90","175.25","176.20","139.34","163.44","115.23","187.55","91.13","211.66","67.02","93.87","121.43","50.88","164.42","23.32","234.97","-47.23","6001255.00","374595.00"
"Fri Jul 17 2026 15:15:00 GMT+0530 (India Standard Time)","175.00","175.00","169.00","171.70","139.41","163.54","115.28","187.67","91.16","211.80","67.03","93.87","121.43","50.88","164.42","23.32","234.97","-47.23","5966610.00","681135.00"
"Fri Jul 17 2026 15:16:00 GMT+0530 (India Standard Time)","171.80","172.60","168.95","172.40","139.45","163.59","115.31","187.73","91.17","211.87","67.03","93.87","121.43","50.88","164.42","23.32","234.97","-47.23","5999045.00","389155.00"
"Fri Jul 17 2026 15:17:00 GMT+0530 (India Standard Time)","171.10","176.20","171.10","174.50","139.49","163.65","115.34","187.80","91.18","211.95","67.03","93.87","121.43","50.88","164.42","23.32","234.97","-47.23","5943535.00","332670.00"
"Fri Jul 17 2026 15:18:00 GMT+0530 (India Standard Time)","174.75","175.85","170.80","170.90","139.52","163.69","115.36","187.85","91.20","212.01","67.03","93.87","121.43","50.88","164.42","23.32","234.97","-47.23","5882695.00","278460.00"
"Fri Jul 17 2026 15:19:00 GMT+0530 (India Standard Time)","171.45","173.95","170.70","172.90","139.54","163.71","115.37","187.88","91.20","212.05","67.03","93.87","121.43","50.88","164.42","23.32","234.97","-47.23","5851495.00","178295.00"
"Fri Jul 17 2026 15:20:00 GMT+0530 (India Standard Time)","173.30","176.90","172.85","175.70","139.57","163.75","115.39","187.93","91.21","212.11","67.03","93.87","121.43","50.88","164.42","23.32","234.97","-47.23","5822635.00","250315.00"
"Fri Jul 17 2026 15:21:00 GMT+0530 (India Standard Time)","175.45","183.95","174.45","182.35","139.63","163.85","115.42","188.06","91.20","212.28","66.99","93.87","121.43","50.88","164.42","23.32","234.97","-47.23","5733520.00","470340.00"
"Fri Jul 17 2026 15:22:00 GMT+0530 (India Standard Time)","182.25","185.75","182.25","184.15","139.69","163.95","115.44","188.20","91.19","212.46","66.93","93.87","121.43","50.88","164.42","23.32","234.97","-47.23","5662085.00","417105.00"
"Fri Jul 17 2026 15:23:00 GMT+0530 (India Standard Time)","183.50","189.80","183.50","188.30","139.75","164.04","115.46","188.33","91.16","212.63","66.87","93.87","121.43","50.88","164.42","23.32","234.97","-47.23","5618340.00","342940.00"
"Fri Jul 17 2026 15:24:00 GMT+0530 (India Standard Time)","188.30","197.15","188.30","194.40","139.83","164.20","115.47","188.56","91.10","212.93","66.74","93.87","121.43","50.88","164.42","23.32","234.97","-47.23","5568355.00","470145.00"
"Fri Jul 17 2026 15:25:00 GMT+0530 (India Standard Time)","194.40","200.90","194.00","199.15","139.93","164.39","115.47","188.85","91.01","213.31","66.55","93.87","121.43","50.88","164.42","23.32","234.97","-47.23","5520515.00","504920.00"
"Fri Jul 17 2026 15:26:00 GMT+0530 (India Standard Time)","199.15","199.60","195.00","195.80","139.98","164.49","115.47","189.00","90.96","213.51","66.45","93.87","121.43","50.88","164.42","23.32","234.97","-47.23","5479370.00","287300.00"
"Fri Jul 17 2026 15:27:00 GMT+0530 (India Standard Time)","195.80","199.65","195.80","198.95","140.03","164.58","115.47","189.14","90.92","213.70","66.36","93.87","121.43","50.88","164.42","23.32","234.97","-47.23","5413070.00","247390.00"
"Fri Jul 17 2026 15:28:00 GMT+0530 (India Standard Time)","198.95","203.85","198.00","201.40","140.11","164.76","115.47","189.41","90.82","214.05","66.18","93.87","121.43","50.88","164.42","23.32","234.97","-47.23","5334940.00","434070.00"
"Fri Jul 17 2026 15:29:00 GMT+0530 (India Standard Time)","201.40","207.55","200.90","205.75","140.21","164.95","115.46","189.70","90.71","214.45","65.96","93.87","121.43","50.88","164.42","23.32","234.97","-47.23","5315245.00","429390.00"