"Date","Open","High","Low","Close","VWAP ‌VWAP‌ (y,y,y)","SDVWAP1+ ‌VWAP‌ (y,y,y)","SDVWAP1- ‌VWAP‌ (y,y,y)","SDVWAP2+ ‌VWAP‌ (y,y,y)","SDVWAP2- ‌VWAP‌ (y,y,y)","SDVWAP3+ ‌VWAP‌ (y,y,y)","SDVWAP3- ‌VWAP‌ (y,y,y)","Pivot ‌Pivot Points‌ (standard,n)","Resistance 1 ‌Pivot Points‌ (standard,n)","Support 1 ‌Pivot Points‌ (standard,n)","Resistance 2 ‌Pivot Points‌ (standard,n)","Support 2 ‌Pivot Points‌ (standard,n)","Resistance 3 ‌Pivot Points‌ (standard,n)","Support 3 ‌Pivot Points‌ (standard,n)","OI","Volume"
"Tue Jul 14 2026 15:28:00 GMT+0530 (India Standard Time)","24020.00","24020.00","24015.80","24016.00","24072.39","24110.93","24033.85","24149.47","23995.31","24188.00","23956.78","24190.93","24351.87","24088.07","24454.73","23927.13","24718.53","23663.33","16539705.00","28405.00"
"Tue Jul 14 2026 15:29:00 GMT+0530 (India Standard Time)","24016.00","24026.90","24009.00","24022.00","24069.59","24108.93","24030.24","24148.27","23990.90","24187.61","23951.56","24190.93","24351.87","24088.07","24454.73","23927.13","24718.53","23663.33","16605875.00","170365.00"
"Wed Jul 15 2026 09:15:00 GMT+0530 (India Standard Time)","24069.00","24099.80","24069.00","24099.70","24089.50","24089.50","24089.50","24089.50","24089.50","24089.50","24089.50","24063.63","24118.27","23967.37","24214.53","23912.73","24365.43","23761.83","16413800.00","55965.00"
"Wed Jul 15 2026 09:16:00 GMT+0530 (India Standard Time)","24099.70","24117.00","24099.70","24103.10","24095.19","24103.24","24087.13","24111.30","24079.07","24119.36","24071.02","24063.63","24118.27","23967.37","24214.53","23912.73","24365.43","23761.83","16413800.00","27885.00"
"Wed Jul 15 2026 09:17:00 GMT+0530 (India Standard Time)","24103.10","24129.90","24103.10","24129.90","24106.53","24120.68","24092.39","24134.82","24078.24","24148.97","24064.09","24063.63","24118.27","23967.37","24214.53","23912.73","24365.43","23761.83","16408210.00","65910.00"
"Wed Jul 15 2026 09:18:00 GMT+0530 (India Standard Time)","24129.90","24140.00","24129.90","24138.10","24121.48","24139.25","24103.71","24157.01","24085.95","24174.78","24068.18","24063.63","24118.27","23967.37","24214.53","23912.73","24365.43","23761.83","16390270.00","154180.00"
"Wed Jul 15 2026 09:19:00 GMT+0530 (India Standard Time)","24138.10","24155.00","24138.00","24155.00","24124.75","24143.69","24105.80","24162.64","24086.86","24181.58","24067.91","24063.63","24118.27","23967.37","24214.53","23912.73","24365.43","23761.83","16347695.00","40365.00"
"Wed Jul 15 2026 09:20:00 GMT+0530 (India Standard Time)","24155.00","24174.90","24155.00","24165.00","24129.18","24151.04","24107.32","24172.90","24085.45","24194.77","24063.59","24063.63","24118.27","23967.37","24214.53","23912.73","24365.43","23761.83","16346265.00","42640.00"
"Wed Jul 15 2026 09:21:00 GMT+0530 (India Standard Time)","24165.00","24175.00","24161.00","24174.00","24132.24","24155.86","24108.62","24179.48","24085.01","24203.09","24061.39","24063.63","24118.27","23967.37","24214.53","23912.73","24365.43","23761.83","16336385.00","31395.00"
"Wed Jul 15 2026 09:22:00 GMT+0530 (India Standard Time)","24174.00","24179.00","24167.10","24170.60","24134.60","24159.38","24109.83","24184.15","24085.06","24208.92","24060.28","24063.63","24118.27","23967.37","24214.53","23912.73","24365.43","23761.83","16334955.00","26260.00"
"Wed Jul 15 2026 09:23:00 GMT+0530 (India Standard Time)","24170.60","24181.00","24168.60","24181.00","24136.97","24162.93","24111.01","24188.89","24085.06","24214.85","24059.10","24063.63","24118.27","23967.37","24214.53","23912.73","24365.43","23761.83","16329820.00","26390.00"
"Wed Jul 15 2026 09:24:00 GMT+0530 (India Standard Time)","24178.00","24198.60","24178.00","24182.90","24141.59","24170.20","24112.98","24198.80","24084.37","24227.41","24055.77","24063.63","24118.27","23967.37","24214.53","23912.73","24365.43","23761.83","16321045.00","48425.00"
"Wed Jul 15 2026 09:25:00 GMT+0530 (India Standard Time)","24182.90","24199.00","24182.90","24198.90","24145.03","24175.55","24114.51","24206.07","24083.99","24236.58","24053.48","24063.63","24118.27","23967.37","24214.53","23912.73","24365.43","23761.83","16318445.00","36790.00"
"Wed Jul 15 2026 09:26:00 GMT+0530 (India Standard Time)","24198.90","24210.00","24197.70","24200.40","24150.16","24183.60","24116.72","24217.04","24083.29","24250.48","24049.85","24063.63","24118.27","23967.37","24214.53","23912.73","24365.43","23761.83","16315910.00","54340.00"
"Wed Jul 15 2026 09:27:00 GMT+0530 (India Standard Time)","24200.40","24205.00","24197.00","24199.30","24152.04","24186.21","24117.88","24220.37","24083.71","24254.54","24049.55","24063.63","24118.27","23967.37","24214.53","23912.73","24365.43","23761.83","16313960.00","23725.00"
"Wed Jul 15 2026 09:28:00 GMT+0530 (India Standard Time)","24199.30","24210.00","24199.00","24199.00","24153.72","24188.52","24118.93","24223.32","24084.13","24258.11","24049.33","24063.63","24118.27","23967.37","24214.53","23912.73","24365.43","23761.83","16317145.00","21775.00"
"Wed Jul 15 2026 09:29:00 GMT+0530 (India Standard Time)","24207.10","24207.10","24187.40","24189.00","24155.27","24190.27","24120.26","24225.28","24085.25","24260.29","24050.24","24063.63","24118.27","23967.37","24214.53","23912.73","24365.43","23761.83","16321760.00","25805.00"
"Wed Jul 15 2026 09:30:00 GMT+0530 (India Standard Time)","24189.00","24210.00","24189.00","24205.30","24157.53","24193.09","24121.97","24228.66","24086.40","24264.22","24050.84","24063.63","24118.27","23967.37","24214.53","23912.73","24365.43","23761.83","16320265.00","35165.00"
"Wed Jul 15 2026 09:31:00 GMT+0530 (India Standard Time)","24205.30","24223.80","24200.50","24214.70","24159.79","24196.30","24123.27","24232.82","24086.76","24269.34","24050.24","24063.63","24118.27","23967.37","24214.53","23912.73","24365.43","23761.83","16323515.00","30420.00"
"Wed Jul 15 2026 09:32:00 GMT+0530 (India Standard Time)","24214.70","24214.70","24200.00","24200.10","24160.42","24197.06","24123.77","24233.71","24087.13","24270.36","24050.48","24063.63","24118.27","23967.37","24214.53","23912.73","24365.43","23761.83","16322800.00","10595.00"
"Wed Jul 15 2026 09:33:00 GMT+0530 (India Standard Time)","24200.10","24211.00","24199.10","24203.30","24160.90","24197.63","24124.17","24234.36","24087.44","24271.10","24050.71","24063.63","24118.27","23967.37","24214.53","23912.73","24365.43","23761.83","16322150.00","8385.00"
"Wed Jul 15 2026 09:34:00 GMT+0530 (India Standard Time)","24203.30","24218.00","24199.00","24199.00","24161.93","24198.85","24125.02","24235.76","24088.10","24272.67","24051.19","24063.63","24118.27","23967.37","24214.53","23912.73","24365.43","23761.83","16321890.00","18200.00"
"Wed Jul 15 2026 09:35:00 GMT+0530 (India Standard Time)","24199.00","24205.90","24195.70","24200.00","24162.28","24199.21","24125.35","24236.14","24088.42","24273.06","24051.50","24063.63","24118.27","23967.37","24214.53","23912.73","24365.43","23761.83","16314350.00","7150.00"
"Wed Jul 15 2026 09:36:00 GMT+0530 (India Standard Time)","24200.00","24205.00","24196.10","24204.00","24162.60","24199.55","24125.66","24236.50","24088.71","24273.45","24051.76","24063.63","24118.27","23967.37","24214.53","23912.73","24365.43","23761.83","16300505.00","6565.00"
"Wed Jul 15 2026 09:37:00 GMT+0530 (India Standard Time)","24204.00","24205.00","24198.40","24205.00","24163.00","24199.98","24126.02","24236.96","24089.04","24273.94","24052.06","24063.63","24118.27","23967.37","24214.53","23912.73","24365.43","23761.83","16301285.00","7930.00"
"Wed Jul 15 2026 09:38:00 GMT+0530 (India Standard Time)","24205.00","24205.00","24195.60","24197.70","24163.36","24200.33","24126.39","24237.30","24089.42","24274.28","24052.44","24063.63","24118.27","23967.37","24214.53","23912.73","24365.43","23761.83","16299010.00","8060.00"
"Wed Jul 15 2026 09:39:00 GMT+0530 (India Standard Time)","24197.70","24202.40","24191.30","24195.00","24163.73","24200.66","24126.81","24237.58","24089.88","24274.51","24052.95","24063.63","24118.27","23967.37","24214.53","23912.73","24365.43","23761.83","16299855.00","9295.00"
"Wed Jul 15 2026 09:40:00 GMT+0530 (India Standard Time)","24195.00","24200.00","24190.50","24192.10","24163.96","24200.84","24127.08","24237.72","24090.20","24274.60","24053.32","24063.63","24118.27","23967.37","24214.53","23912.73","24365.43","23761.83","16299855.00","6305.00"
"Wed Jul 15 2026 09:41:00 GMT+0530 (India Standard Time)","24192.10","24204.00","24191.80","24204.00","24164.45","24201.32","24127.59","24238.18","24090.72","24275.05","24053.86","24063.63","24118.27","23967.37","24214.53","23912.73","24365.43","23761.83","16299270.00","11505.00"
"Wed Jul 15 2026 09:42:00 GMT+0530 (India Standard Time)","24204.00","24204.00","24191.40","24195.00","24164.52","24201.38","24127.67","24238.24","24090.81","24275.09","24053.96","24063.63","24118.27","23967.37","24214.53","23912.73","24365.43","23761.83","16305120.00","1820.00"
"Wed Jul 15 2026 09:43:00 GMT+0530 (India Standard Time)","24195.00","24197.00","24189.90","24194.50","24164.68","24201.50","24127.86","24238.32","24091.04","24275.14","24054.22","24063.63","24118.27","23967.37","24214.53","23912.73","24365.43","23761.83","16302715.00","4485.00"
"Wed Jul 15 2026 09:44:00 GMT+0530 (India Standard Time)","24194.50","24197.70","24190.00","24197.70","24165.02","24201.77","24128.27","24238.53","24091.52","24275.28","24054.76","24063.63","24118.27","23967.37","24214.53","23912.73","24365.43","23761.83","16304405.00","9620.00"
"Wed Jul 15 2026 09:45:00 GMT+0530 (India Standard Time)","24197.70","24210.00","24197.00","24207.50","24165.59","24202.38","24128.80","24239.18","24092.00","24275.97","24055.21","24063.63","24118.27","23967.37","24214.53","23912.73","24365.43","23761.83","16303170.00","12415.00"
"Wed Jul 15 2026 09:46:00 GMT+0530 (India Standard Time)","24207.50","24210.00","24200.50","24202.00","24165.91","24202.72","24129.10","24239.53","24092.30","24276.34","24055.49","24063.63","24118.27","23967.37","24214.53","23912.73","24365.43","23761.83","16298165.00","7345.00"
"Wed Jul 15 2026 09:47:00 GMT+0530 (India Standard Time)","24202.00","24208.80","24201.10","24205.00","24166.08","24202.90","24129.27","24239.72","24092.45","24276.53","24055.63","24063.63","24118.27","23967.37","24214.53","23912.73","24365.43","23761.83","16297125.00","3835.00"
"Wed Jul 15 2026 09:48:00 GMT+0530 (India Standard Time)","24205.00","24210.00","24202.10","24202.10","24166.26","24203.08","24129.43","24239.91","24092.60","24276.73","24055.78","24063.63","24118.27","23967.37","24214.53","23912.73","24365.43","23761.83","16297905.00","3965.00"
"Wed Jul 15 2026 09:49:00 GMT+0530 (India Standard Time)","24202.10","24210.00","24193.40","24193.40","24166.38","24203.19","24129.57","24240.00","24092.76","24276.81","24055.95","24063.63","24118.27","23967.37","24214.53","23912.73","24365.43","23761.83","16299595.00","3380.00"
"Wed Jul 15 2026 09:50:00 GMT+0530 (India Standard Time)","24193.40","24200.00","24192.90","24197.90","24166.51","24203.30","24129.73","24240.08","24092.94","24276.87","24056.16","24063.63","24118.27","23967.37","24214.53","23912.73","24365.43","23761.83","16300050.00","3900.00"
"Wed Jul 15 2026 09:51:00 GMT+0530 (India Standard Time)","24197.90","24205.00","24197.40","24202.60","24166.83","24203.60","24130.06","24240.37","24093.29","24277.14","24056.52","24063.63","24118.27","23967.37","24214.53","23912.73","24365.43","23761.83","16290040.00","8060.00"
"Wed Jul 15 2026 09:52:00 GMT+0530 (India Standard Time)","24202.60","24210.00","24197.80","24197.80","24166.95","24203.71","24130.19","24240.48","24093.42","24277.24","24056.66","24063.63","24118.27","23967.37","24214.53","23912.73","24365.43","23761.83","16287895.00","3120.00"
"Wed Jul 15 2026 09:53:00 GMT+0530 (India Standard Time)","24197.80","24200.00","24195.40","24198.20","24167.00","24203.75","24130.24","24240.51","24093.49","24277.26","24056.73","24063.63","24118.27","23967.37","24214.53","23912.73","24365.43","23761.83","16288025.00","1430.00"
"Wed Jul 15 2026 09:54:00 GMT+0530 (India Standard Time)","24198.20","24207.80","24198.20","24207.80","24167.10","24203.85","24130.34","24240.61","24093.58","24277.37","24056.83","24063.63","24118.27","23967.37","24214.53","23912.73","24365.43","23761.83","16287830.00","2405.00"
"Wed Jul 15 2026 09:55:00 GMT+0530 (India Standard Time)","24207.80","24210.00","24202.70","24208.00","24167.39","24204.17","24130.62","24240.95","24093.84","24277.73","24057.06","24063.63","24118.27","23967.37","24214.53","23912.73","24365.43","23761.83","16288155.00","6825.00"
"Wed Jul 15 2026 09:56:00 GMT+0530 (India Standard Time)","24208.00","24211.00","24200.40","24200.40","24167.61","24204.38","24130.83","24241.16","24094.05","24277.94","24057.27","24063.63","24118.27","23967.37","24214.53","23912.73","24365.43","23761.83","16282045.00","5330.00"
"Wed Jul 15 2026 09:57:00 GMT+0530 (India Standard Time)","24200.40","24200.40","24192.00","24193.00","24167.66","24204.42","24130.90","24241.18","24094.14","24277.94","24057.37","24063.63","24118.27","23967.37","24214.53","23912.73","24365.43","23761.83","16283215.00","1755.00"
"Wed Jul 15 2026 09:58:00 GMT+0530 (India Standard Time)","24193.00","24194.60","24189.00","24190.00","24167.83","24204.51","24131.14","24241.20","24094.46","24277.88","24057.78","24063.63","24118.27","23967.37","24214.53","23912.73","24365.43","23761.83","16281785.00","6630.00"
"Wed Jul 15 2026 09:59:00 GMT+0530 (India Standard Time)","24190.00","24194.00","24190.00","24193.00","24167.90","24204.55","24131.24","24241.21","24094.58","24277.86","24057.93","24063.63","24118.27","23967.37","24214.53","23912.73","24365.43","23761.83","16283410.00","2600.00"
"Wed Jul 15 2026 10:00:00 GMT+0530 (India Standard Time)","24193.00","24195.00","24181.00","24191.90","24168.04","24204.62","24131.47","24241.19","24094.90","24277.76","24058.33","24063.63","24118.27","23967.37","24214.53","23912.73","24365.43","23761.83","16284125.00","6435.00"
"Wed Jul 15 2026 10:01:00 GMT+0530 (India Standard Time)","24191.90","24193.00","24180.30","24180.30","24168.13","24204.62","24131.63","24241.12","24095.13","24277.62","24058.63","24063.63","24118.27","23967.37","24214.53","23912.73","24365.43","23761.83","16279640.00","4810.00"
"Wed Jul 15 2026 10:02:00 GMT+0530 (India Standard Time)","24180.30","24191.90","24180.00","24191.90","24168.18","24204.64","24131.71","24241.11","24095.25","24277.57","24058.78","24063.63","24118.27","23967.37","24214.53","23912.73","24365.43","23761.83","16280420.00","2340.00"
"Wed Jul 15 2026 10:03:00 GMT+0530 (India Standard Time)","24191.90","24193.00","24184.20","24193.00","24168.22","24204.66","24131.78","24241.10","24095.34","24277.54","24058.90","24063.63","24118.27","23967.37","24214.53","23912.73","24365.43","23761.83","16281200.00","2080.00"
"Wed Jul 15 2026 10:04:00 GMT+0530 (India Standard Time)","24193.00","24198.90","24191.40","24191.40","24168.30","24204.71","24131.88","24241.13","24095.47","24277.54","24059.06","24063.63","24118.27","23967.37","24214.53","23912.73","24365.43","23761.83","16282305.00","2730.00"
"Wed Jul 15 2026 10:05:00 GMT+0530 (India Standard Time)","24191.40","24195.00","24186.20","24186.30","24168.35","24204.73","24131.97","24241.12","24095.58","24277.50","24059.20","24063.63","24118.27","23967.37","24214.53","23912.73","24365.43","23761.83","16282045.00","2340.00"
"Wed Jul 15 2026 10:06:00 GMT+0530 (India Standard Time)","24186.30","24194.00","24186.30","24190.00","24168.41","24204.76","24132.05","24241.11","24095.70","24277.46","24059.35","24063.63","24118.27","23967.37","24214.53","23912.73","24365.43","23761.83","16278860.00","2470.00"
"Wed Jul 15 2026 10:07:00 GMT+0530 (India Standard Time)","24190.00","24197.00","24190.00","24195.00","24168.44","24204.78","24132.10","24241.12","24095.76","24277.46","24059.42","24063.63","24118.27","23967.37","24214.53","23912.73","24365.43","23761.83","16279315.00","1235.00"
"Wed Jul 15 2026 10:08:00 GMT+0530 (India Standard Time)","24195.00","24209.00","24193.10","24196.80","24168.62","24204.93","24132.30","24241.24","24095.99","24277.56","24059.68","24063.63","24118.27","23967.37","24214.53","23912.73","24365.43","23761.83","16279510.00","5460.00"
"Wed Jul 15 2026 10:09:00 GMT+0530 (India Standard Time)","24196.80","24209.00","24194.40","24205.50","24168.68","24204.99","24132.37","24241.30","24096.06","24277.61","24059.75","24063.63","24118.27","23967.37","24214.53","23912.73","24365.43","23761.83","16278665.00","1690.00"
"Wed Jul 15 2026 10:10:00 GMT+0530 (India Standard Time)","24205.50","24205.50","24192.70","24194.50","24168.78","24205.06","24132.49","24241.35","24096.20","24277.64","24059.92","24063.63","24118.27","23967.37","24214.53","23912.73","24365.43","23761.83","16278860.00","3315.00"
"Wed Jul 15 2026 10:11:00 GMT+0530 (India Standard Time)","24194.50","24194.50","24190.00","24190.00","24168.79","24205.07","24132.52","24241.35","24096.24","24277.63","24059.96","24063.63","24118.27","23967.37","24214.53","23912.73","24365.43","23761.83","16276585.00","780.00"
"Wed Jul 15 2026 10:12:00 GMT+0530 (India Standard Time)","24190.00","24204.90","24190.00","24204.90","24168.94","24205.20","24132.69","24241.45","24096.44","24277.71","24060.18","24063.63","24118.27","23967.37","24214.53","23912.73","24365.43","23761.83","16276910.00","4680.00"
"Wed Jul 15 2026 10:13:00 GMT+0530 (India Standard Time)","24204.90","24208.00","24192.50","24200.00","24169.02","24205.26","24132.78","24241.51","24096.54","24277.75","24060.29","24063.63","24118.27","23967.37","24214.53","23912.73","24365.43","23761.83","16279120.00","2405.00"
"Wed Jul 15 2026 10:14:00 GMT+0530 (India Standard Time)","24200.00","24208.90","24198.00","24208.90","24169.16","24205.40","24132.92","24241.64","24096.67","24277.89","24060.43","24063.63","24118.27","23967.37","24214.53","23912.73","24365.43","23761.83","16279120.00","3705.00"
"Wed Jul 15 2026 10:15:00 GMT+0530 (India Standard Time)","24208.90","24217.90","24202.10","24210.00","24169.62","24205.92","24133.33","24242.21","24097.03","24278.51","24060.74","24063.63","24118.27","23967.37","24214.53","23912.73","24365.43","23761.83","16278600.00","11180.00"
"Wed Jul 15 2026 10:16:00 GMT+0530 (India Standard Time)","24210.00","24212.00","24198.80","24209.90","24169.81","24206.11","24133.51","24242.41","24097.21","24278.71","24060.91","24063.63","24118.27","23967.37","24214.53","23912.73","24365.43","23761.83","16281655.00","5070.00"
"Wed Jul 15 2026 10:17:00 GMT+0530 (India Standard Time)","24209.90","24225.00","24208.20","24225.00","24170.82","24207.43","24134.22","24244.03","24097.61","24280.64","24061.01","24063.63","24118.27","23967.37","24214.53","23912.73","24365.43","23761.83","16281330.00","20670.00"
"Wed Jul 15 2026 10:18:00 GMT+0530 (India Standard Time)","24215.00","24225.00","24215.00","24221.00","24171.26","24208.00","24134.52","24244.73","24097.79","24281.47","24061.05","24063.63","24118.27","23967.37","24214.53","23912.73","24365.43","23761.83","16276780.00","9035.00"
"Wed Jul 15 2026 10:19:00 GMT+0530 (India Standard Time)","24221.00","24228.20","24215.30","24218.00","24171.76","24208.65","24134.88","24245.53","24098.00","24282.41","24061.12","24063.63","24118.27","23967.37","24214.53","23912.73","24365.43","23761.83","16276260.00","10595.00"
"Wed Jul 15 2026 10:20:00 GMT+0530 (India Standard Time)","24218.00","24225.20","24212.90","24223.90","24172.31","24209.34","24135.28","24246.38","24098.24","24283.41","24061.21","24063.63","24118.27","23967.37","24214.53","23912.73","24365.43","23761.83","16279250.00","11635.00"
"Wed Jul 15 2026 10:21:00 GMT+0530 (India Standard Time)","24223.90","24224.00","24213.00","24215.00","24172.54","24209.61","24135.46","24246.69","24098.38","24283.77","24061.30","24063.63","24118.27","23967.37","24214.53","23912.73","24365.43","23761.83","16282500.00","5265.00"
"Wed Jul 15 2026 10:22:00 GMT+0530 (India Standard Time)","24215.00","24221.60","24212.00","24219.00","24172.64","24209.73","24135.54","24246.83","24098.44","24283.93","24061.34","24063.63","24118.27","23967.37","24214.53","23912.73","24365.43","23761.83","16283475.00","2340.00"
"Wed Jul 15 2026 10:23:00 GMT+0530 (India Standard Time)","24219.00","24223.90","24215.10","24220.00","24172.71","24209.82","24135.59","24246.94","24098.48","24284.05","24061.37","24063.63","24118.27","23967.37","24214.53","23912.73","24365.43","23761.83","16284775.00","1625.00"
"Wed Jul 15 2026 10:24:00 GMT+0530 (India Standard Time)","24220.00","24222.00","24215.00","24215.70","24172.78","24209.91","24135.65","24247.04","24098.53","24284.17","24061.40","24063.63","24118.27","23967.37","24214.53","23912.73","24365.43","23761.83","16284710.00","1755.00"
"Wed Jul 15 2026 10:25:00 GMT+0530 (India Standard Time)","24215.70","24220.00","24215.00","24215.00","24172.89","24210.03","24135.74","24247.18","24098.60","24284.32","24061.45","24063.63","24118.27","23967.37","24214.53","23912.73","24365.43","23761.83","16284450.00","2535.00"
"Wed Jul 15 2026 10:26:00 GMT+0530 (India Standard Time)","24219.90","24220.00","24215.00","24215.00","24172.94","24210.09","24135.78","24247.24","24098.63","24284.40","24061.47","24063.63","24118.27","23967.37","24214.53","23912.73","24365.43","23761.83","16284125.00","1170.00"
"Wed Jul 15 2026 10:27:00 GMT+0530 (India Standard Time)","24215.00","24219.00","24212.00","24213.10","24173.00","24210.16","24135.84","24247.32","24098.68","24284.49","24061.52","24063.63","24118.27","23967.37","24214.53","23912.73","24365.43","23761.83","16284385.00","1690.00"
"Wed Jul 15 2026 10:28:00 GMT+0530 (India Standard Time)","24213.10","24215.00","24206.00","24206.00","24173.07","24210.23","24135.91","24247.39","24098.75","24284.55","24061.59","24063.63","24118.27","23967.37","24214.53","23912.73","24365.43","23761.83","16285230.00","2015.00"
"Wed Jul 15 2026 10:29:00 GMT+0530 (India Standard Time)","24206.00","24210.00","24203.00","24210.00","24173.17","24210.32","24136.02","24247.48","24098.87","24284.63","24061.72","24063.63","24118.27","23967.37","24214.53","23912.73","24365.43","23761.83","16285100.00","3120.00"
"Wed Jul 15 2026 10:30:00 GMT+0530 (India Standard Time)","24210.00","24215.00","24208.00","24209.00","24173.34","24210.49","24136.18","24247.64","24099.03","24284.79","24061.88","24063.63","24118.27","23967.37","24214.53","23912.73","24365.43","23761.83","16282565.00","4680.00"
"Wed Jul 15 2026 10:31:00 GMT+0530 (India Standard Time)","24215.00","24215.00","24204.00","24204.00","24173.45","24210.59","24136.30","24247.73","24099.16","24284.88","24062.01","24063.63","24118.27","23967.37","24214.53","23912.73","24365.43","23761.83","16283735.00","3445.00"
"Wed Jul 15 2026 10:32:00 GMT+0530 (India Standard Time)","24204.00","24212.00","24204.00","24212.00","24173.47","24210.61","24136.33","24247.76","24099.18","24284.90","24062.04","24063.63","24118.27","23967.37","24214.53","23912.73","24365.43","23761.83","16283995.00","715.00"
"Wed Jul 15 2026 10:33:00 GMT+0530 (India Standard Time)","24212.00","24212.00","24201.40","24209.00","24173.56","24210.69","24136.42","24247.83","24099.28","24284.96","24062.15","24063.63","24118.27","23967.37","24214.53","23912.73","24365.43","23761.83","16282370.00","2730.00"
"Wed Jul 15 2026 10:34:00 GMT+0530 (India Standard Time)","24209.00","24210.00","24201.00","24201.50","24173.64","24210.76","24136.52","24247.88","24099.40","24285.00","24062.28","24063.63","24118.27","23967.37","24214.53","23912.73","24365.43","23761.83","16282305.00","2990.00"
"Wed Jul 15 2026 10:35:00 GMT+0530 (India Standard Time)","24201.50","24210.00","24200.00","24202.10","24173.68","24210.79","24136.57","24247.90","24099.46","24285.01","24062.34","24063.63","24118.27","23967.37","24214.53","23912.73","24365.43","23761.83","16282240.00","1365.00"
"Wed Jul 15 2026 10:36:00 GMT+0530 (India Standard Time)","24202.10","24209.80","24201.00","24202.00","24173.73","24210.83","24136.63","24247.93","24099.53","24285.03","24062.43","24063.63","24118.27","23967.37","24214.53","23912.73","24365.43","23761.83","16280875.00","1885.00"
"Wed Jul 15 2026 10:37:00 GMT+0530 (India Standard Time)","24202.00","24202.70","24195.00","24195.00","24173.77","24210.85","24136.68","24247.94","24099.60","24285.02","24062.52","24063.63","24118.27","23967.37","24214.53","23912.73","24365.43","23761.83","16280940.00","1690.00"
"Wed Jul 15 2026 10:38:00 GMT+0530 (India Standard Time)","24195.00","24196.50","24193.30","24194.00","24173.89","24210.90","24136.89","24247.91","24099.88","24284.92","24062.87","24063.63","24118.27","23967.37","24214.53","23912.73","24365.43","23761.83","16279510.00","6565.00"
"Wed Jul 15 2026 10:39:00 GMT+0530 (India Standard Time)","24194.00","24209.00","24194.00","24209.00","24173.95","24210.94","24136.95","24247.94","24099.96","24284.94","24062.96","24063.63","24118.27","23967.37","24214.53","23912.73","24365.43","23761.83","16280160.00","2015.00"
"Wed Jul 15 2026 10:40:00 GMT+0530 (India Standard Time)","24209.00","24209.40","24202.90","24203.00","24173.98","24210.97","24136.99","24247.96","24100.00","24284.95","24063.00","24063.63","24118.27","23967.37","24214.53","23912.73","24365.43","23761.83","16280225.00","975.00"
"Wed Jul 15 2026 10:41:00 GMT+0530 (India Standard Time)","24203.00","24209.00","24203.00","24209.00","24174.02","24211.00","24137.03","24247.99","24100.04","24284.98","24063.06","24063.63","24118.27","23967.37","24214.53","23912.73","24365.43","23761.83","16277885.00","1300.00"
"Wed Jul 15 2026 10:42:00 GMT+0530 (India Standard Time)","24209.00","24210.00","24205.00","24210.00","24174.05","24211.03","24137.07","24248.02","24100.08","24285.00","24063.10","24063.63","24118.27","23967.37","24214.53","23912.73","24365.43","23761.83","16278275.00","1105.00"
"Wed Jul 15 2026 10:43:00 GMT+0530 (India Standard Time)","24210.00","24210.00","24205.00","24208.00","24174.11","24211.09","24137.13","24248.07","24100.16","24285.05","24063.18","24063.63","24118.27","23967.37","24214.53","23912.73","24365.43","23761.83","16278795.00","2015.00"
"Wed Jul 15 2026 10:44:00 GMT+0530 (India Standard Time)","24208.00","24210.00","24205.00","24209.90","24174.20","24211.17","24137.23","24248.14","24100.26","24285.11","24063.29","24063.63","24118.27","23967.37","24214.53","23912.73","24365.43","23761.83","16279250.00","2795.00"
"Wed Jul 15 2026 10:45:00 GMT+0530 (India Standard Time)","24209.90","24210.00","24209.90","24210.00","24174.26","24211.23","24137.29","24248.20","24100.32","24285.17","24063.35","24063.63","24118.27","23967.37","24214.53","23912.73","24365.43","23761.83","16282045.00","1885.00"
"Wed Jul 15 2026 10:46:00 GMT+0530 (India Standard Time)","24210.00","24211.50","24204.90","24204.90","24174.34","24211.30","24137.38","24248.26","24100.42","24285.22","24063.46","24063.63","24118.27","23967.37","24214.53","23912.73","24365.43","23761.83","16280940.00","2600.00"
"Wed Jul 15 2026 10:47:00 GMT+0530 (India Standard Time)","24204.90","24210.00","24202.10","24209.90","24174.46","24211.41","24137.52","24248.35","24100.57","24285.30","24063.62","24063.63","24118.27","23967.37","24214.53","23912.73","24365.43","23761.83","16281005.00","4160.00"
"Wed Jul 15 2026 10:48:00 GMT+0530 (India Standard Time)","24209.90","24209.90","24200.40","24200.40","24174.50","24211.44","24137.56","24248.37","24100.63","24285.31","24063.69","24063.63","24118.27","23967.37","24214.53","23912.73","24365.43","23761.83","16282045.00","1495.00"
"Wed Jul 15 2026 10:49:00 GMT+0530 (India Standard Time)","24200.40","24209.90","24200.40","24203.40","24174.60","24211.52","24137.69","24248.43","24100.77","24285.35","24063.86","24063.63","24118.27","23967.37","24214.53","23912.73","24365.43","23761.83","16282760.00","3835.00"
"Wed Jul 15 2026 10:50:00 GMT+0530 (India Standard Time)","24203.40","24208.40","24202.50","24202.50","24174.62","24211.53","24137.71","24248.44","24100.80","24285.35","24063.89","24063.63","24118.27","23967.37","24214.53","23912.73","24365.43","23761.83","16283020.00","585.00"
"Wed Jul 15 2026 10:51:00 GMT+0530 (India Standard Time)","24202.50","24206.00","24200.00","24200.00","24174.66","24211.56","24137.76","24248.46","24100.86","24285.36","24063.96","24063.63","24118.27","23967.37","24214.53","23912.73","24365.43","23761.83","16280875.00","1690.00"
"Wed Jul 15 2026 10:52:00 GMT+0530 (India Standard Time)","24200.00","24203.00","24195.00","24198.00","24174.69","24211.57","24137.80","24248.46","24100.92","24285.35","24064.03","24063.63","24118.27","23967.37","24214.53","23912.73","24365.43","23761.83","16281265.00","1300.00"
"Wed Jul 15 2026 10:53:00 GMT+0530 (India Standard Time)","24198.00","24204.90","24197.40","24201.60","24174.82","24211.66","24137.98","24248.50","24101.14","24285.35","24064.30","24063.63","24118.27","23967.37","24214.53","23912.73","24365.43","23761.83","16282630.00","5655.00"
"Wed Jul 15 2026 10:54:00 GMT+0530 (India Standard Time)","24201.60","24204.90","24197.30","24204.90","24174.84","24211.68","24138.00","24248.51","24101.17","24285.35","24064.33","24063.63","24118.27","23967.37","24214.53","23912.73","24365.43","23761.83","16283150.00","780.00"
"Wed Jul 15 2026 10:55:00 GMT+0530 (India Standard Time)","24204.90","24204.90","24194.90","24194.90","24174.88","24211.70","24138.06","24248.51","24101.24","24285.33","24064.42","24063.63","24118.27","23967.37","24214.53","23912.73","24365.43","23761.83","16283150.00","1755.00"
"Wed Jul 15 2026 10:56:00 GMT+0530 (India Standard Time)","24194.90","24199.40","24194.00","24195.00","24174.90","24211.70","24138.09","24248.51","24101.29","24285.32","24064.48","24063.63","24118.27","23967.37","24214.53","23912.73","24365.43","23761.83","16281915.00","1170.00"
"Wed Jul 15 2026 10:57:00 GMT+0530 (India Standard Time)","24195.00","24202.40","24193.00","24193.00","24174.97","24211.73","24138.20","24248.50","24101.44","24285.27","24064.67","24063.63","24118.27","23967.37","24214.53","23912.73","24365.43","23761.83","16281590.00","3705.00"
"Wed Jul 15 2026 10:58:00 GMT+0530 (India Standard Time)","24193.00","24193.00","24191.50","24192.10","24174.99","24211.74","24138.24","24248.49","24101.49","24285.24","24064.74","24063.63","24118.27","23967.37","24214.53","23912.73","24365.43","23761.83","16280615.00","1235.00"
"Wed Jul 15 2026 10:59:00 GMT+0530 (India Standard Time)","24192.10","24199.90","24186.20","24186.20","24175.04","24211.74","24138.33","24248.44","24101.63","24285.15","24064.92","24063.63","24118.27","23967.37","24214.53","23912.73","24365.43","23761.83","16280940.00","3510.00"
"Wed Jul 15 2026 11:00:00 GMT+0530 (India Standard Time)","24186.20","24190.00","24182.90","24190.00","24175.07","24211.73","24138.40","24248.40","24101.74","24285.06","24065.07","24063.63","24118.27","23967.37","24214.53","23912.73","24365.43","23761.83","16280550.00","2730.00"
"Wed Jul 15 2026 11:01:00 GMT+0530 (India Standard Time)","24190.00","24199.00","24186.50","24199.00","24175.10","24211.74","24138.45","24248.39","24101.81","24285.03","24065.16","24063.63","24118.27","23967.37","24214.53","23912.73","24365.43","23761.83","16279055.00","1820.00"
"Wed Jul 15 2026 11:02:00 GMT+0530 (India Standard Time)","24199.00","24200.00","24191.10","24191.50","24175.15","24211.76","24138.54","24248.37","24101.93","24284.97","24065.33","24063.63","24118.27","23967.37","24214.53","23912.73","24365.43","23761.83","16279250.00","3120.00"
"Wed Jul 15 2026 11:03:00 GMT+0530 (India Standard Time)","24191.50","24191.50","24185.00","24185.00","24175.17","24211.75","24138.58","24248.34","24101.99","24284.92","24065.41","24063.63","24118.27","23967.37","24214.53","23912.73","24365.43","23761.83","16279120.00","1560.00"
"Wed Jul 15 2026 11:04:00 GMT+0530 (India Standard Time)","24185.00","24190.00","24181.20","24190.00","24175.24","24211.72","24138.75","24248.21","24102.26","24284.70","24065.77","24063.63","24118.27","23967.37","24214.53","23912.73","24365.43","23761.83","16277430.00","6890.00"
"Wed Jul 15 2026 11:05:00 GMT+0530 (India Standard Time)","24190.00","24199.80","24188.00","24190.10","24175.25","24211.73","24138.78","24248.20","24102.30","24284.68","24065.83","24063.63","24118.27","23967.37","24214.53","23912.73","24365.43","23761.83","16277755.00","1105.00"
"Wed Jul 15 2026 11:06:00 GMT+0530 (India Standard Time)","24190.10","24191.00","24190.00","24191.00","24175.27","24211.73","24138.81","24248.19","24102.36","24284.64","24065.90","24063.63","24118.27","23967.37","24214.53","23912.73","24365.43","23761.83","16277950.00","1365.00"
"Wed Jul 15 2026 11:07:00 GMT+0530 (India Standard Time)","24191.00","24194.90","24190.00","24190.00","24175.29","24211.73","24138.85","24248.17","24102.41","24284.61","24065.97","24063.63","24118.27","23967.37","24214.53","23912.73","24365.43","23761.83","16278665.00","1365.00"
"Wed Jul 15 2026 11:08:00 GMT+0530 (India Standard Time)","24190.00","24192.00","24190.00","24190.00","24175.30","24211.73","24138.87","24248.16","24102.44","24284.59","24066.01","24063.63","24118.27","23967.37","24214.53","23912.73","24365.43","23761.83","16279185.00","650.00"
"Wed Jul 15 2026 11:09:00 GMT+0530 (India Standard Time)","24190.00","24195.90","24190.00","24195.90","24175.33","24211.74","24138.92","24248.15","24102.51","24284.56","24066.09","24063.63","24118.27","23967.37","24214.53","23912.73","24365.43","23761.83","16279835.00","1755.00"
"Wed Jul 15 2026 11:10:00 GMT+0530 (India Standard Time)","24195.90","24200.00","24194.50","24197.00","24175.36","24211.75","24138.97","24248.15","24102.58","24284.54","24066.19","24063.63","24118.27","23967.37","24214.53","23912.73","24365.43","23761.83","16280550.00","1885.00"
"Wed Jul 15 2026 11:11:00 GMT+0530 (India Standard Time)","24197.00","24200.00","24191.00","24191.00","24175.40","24211.76","24139.03","24248.13","24102.66","24284.50","24066.30","24063.63","24118.27","23967.37","24214.53","23912.73","24365.43","23761.83","16280485.00","2145.00"
"Wed Jul 15 2026 11:12:00 GMT+0530 (India Standard Time)","24191.00","24195.40","24182.00","24182.00","24175.43","24211.75","24139.11","24248.07","24102.80","24284.38","24066.48","24063.63","24118.27","23967.37","24214.53","23912.73","24365.43","23761.83","16281265.00","3510.00"
"Wed Jul 15 2026 11:13:00 GMT+0530 (India Standard Time)","24182.00","24189.50","24173.40","24175.00","24175.46","24211.65","24139.27","24247.84","24103.08","24284.03","24066.89","24063.63","24118.27","23967.37","24214.53","23912.73","24365.43","23761.83","16281330.00","8385.00"
"Wed Jul 15 2026 11:14:00 GMT+0530 (India Standard Time)","24175.00","24175.00","24167.60","24170.00","24175.40","24211.37","24139.43","24247.34","24103.46","24283.31","24067.49","24063.63","24118.27","23967.37","24214.53","23912.73","24365.43","23761.83","16278470.00","14690.00"
"Wed Jul 15 2026 11:15:00 GMT+0530 (India Standard Time)","24170.00","24180.00","24168.30","24180.00","24175.41","24211.24","24139.58","24247.07","24103.74","24282.90","24067.91","24063.63","24118.27","23967.37","24214.53","23912.73","24365.43","23761.83","16282695.00","9165.00"
"Wed Jul 15 2026 11:16:00 GMT+0530 (India Standard Time)","24180.00","24180.00","24170.10","24179.90","24175.41","24211.21","24139.60","24247.02","24103.80","24282.83","24067.99","24063.63","24118.27","23967.37","24214.53","23912.73","24365.43","23761.83","16283930.00","1755.00"
"Wed Jul 15 2026 11:17:00 GMT+0530 (India Standard Time)","24179.90","24186.00","24172.10","24175.00","24175.42","24211.11","24139.73","24246.81","24104.04","24282.50","24068.35","24063.63","24118.27","23967.37","24214.53","23912.73","24365.43","23761.83","16284710.00","7735.00"
"Wed Jul 15 2026 11:18:00 GMT+0530 (India Standard Time)","24175.00","24189.30","24174.00","24189.00","24175.44","24211.10","24139.78","24246.76","24104.11","24282.43","24068.45","24063.63","24118.27","23967.37","24214.53","23912.73","24365.43","23761.83","16287960.00","2080.00"
"Wed Jul 15 2026 11:19:00 GMT+0530 (India Standard Time)","24189.00","24190.00","24185.00","24185.50","24175.45","24211.09","24139.82","24246.73","24104.18","24282.37","24068.54","24063.63","24118.27","23967.37","24214.53","23912.73","24365.43","23761.83","16288155.00","1755.00"
"Wed Jul 15 2026 11:20:00 GMT+0530 (India Standard Time)","24185.50","24190.00","24181.00","24181.00","24175.47","24211.08","24139.86","24246.69","24104.26","24282.29","24068.65","24063.63","24118.27","23967.37","24214.53","23912.73","24365.43","23761.83","16288155.00","2275.00"
"Wed Jul 15 2026 11:21:00 GMT+0530 (India Standard Time)","24181.00","24188.00","24175.10","24179.00","24175.48","24211.06","24139.90","24246.63","24104.33","24282.21","24068.75","24063.63","24118.27","23967.37","24214.53","23912.73","24365.43","23761.83","16288870.00","2145.00"
"Wed Jul 15 2026 11:22:00 GMT+0530 (India Standard Time)","24179.00","24181.20","24175.10","24175.10","24175.48","24211.03","24139.94","24246.58","24104.39","24282.12","24068.84","24063.63","24118.27","23967.37","24214.53","23912.73","24365.43","23761.83","16288350.00","2080.00"
"Wed Jul 15 2026 11:23:00 GMT+0530 (India Standard Time)","24175.10","24180.00","24173.90","24180.00","24175.48","24211.02","24139.95","24246.56","24104.41","24282.10","24068.87","24063.63","24118.27","23967.37","24214.53","23912.73","24365.43","23761.83","16288870.00","585.00"
"Wed Jul 15 2026 11:24:00 GMT+0530 (India Standard Time)","24180.00","24180.00","24173.90","24180.00","24175.48","24211.02","24139.95","24246.55","24104.42","24282.09","24068.88","24063.63","24118.27","23967.37","24214.53","23912.73","24365.43","23761.83","16289520.00","325.00"
"Wed Jul 15 2026 11:25:00 GMT+0530 (India Standard Time)","24180.00","24190.00","24180.00","24190.00","24175.49","24211.02","24139.96","24246.55","24104.42","24282.08","24068.89","24063.63","24118.27","23967.37","24214.53","23912.73","24365.43","23761.83","16287830.00","195.00"
"Wed Jul 15 2026 11:26:00 GMT+0530 (India Standard Time)","24190.00","24195.80","24187.00","24195.80","24175.50","24211.02","24139.98","24246.54","24104.45","24282.06","24068.93","24063.63","24118.27","23967.37","24214.53","23912.73","24365.43","23761.83","16288415.00","845.00"
"Wed Jul 15 2026 11:27:00 GMT+0530 (India Standard Time)","24195.80","24197.00","24189.00","24189.00","24175.51","24211.02","24140.00","24246.53","24104.49","24282.04","24068.98","24063.63","24118.27","23967.37","24214.53","23912.73","24365.43","23761.83","16287895.00","1040.00"
"Wed Jul 15 2026 11:28:00 GMT+0530 (India Standard Time)","24194.00","24199.90","24186.20","24199.90","24175.53","24211.03","24140.03","24246.53","24104.53","24282.03","24069.04","24063.63","24118.27","23967.37","24214.53","23912.73","24365.43","23761.83","16288155.00","1170.00"
"Wed Jul 15 2026 11:29:00 GMT+0530 (India Standard Time)","24199.90","24210.20","24199.00","24208.00","24175.65","24211.13","24140.17","24246.60","24104.69","24282.08","24069.21","24063.63","24118.27","23967.37","24214.53","23912.73","24365.43","23761.83","16288415.00","4680.00"
"Wed Jul 15 2026 11:30:00 GMT+0530 (India Standard Time)","24208.00","24210.00","24193.80","24205.80","24175.85","24211.27","24140.42","24246.70","24104.99","24282.13","24069.56","24063.63","24118.27","23967.37","24214.53","23912.73","24365.43","23761.83","16289325.00","8970.00"
"Wed Jul 15 2026 11:31:00 GMT+0530 (India Standard Time)","24205.80","24205.80","24195.00","24199.90","24175.87","24211.29","24140.46","24246.71","24105.04","24282.12","24069.62","24063.63","24118.27","23967.37","24214.53","23912.73","24365.43","23761.83","16290235.00","1365.00"
"Wed Jul 15 2026 11:32:00 GMT+0530 (India Standard Time)","24199.90","24210.00","24199.80","24210.00","24175.90","24211.32","24140.49","24246.73","24105.08","24282.14","24069.67","24063.63","24118.27","23967.37","24214.53","23912.73","24365.43","23761.83","16290885.00","1300.00"
"Wed Jul 15 2026 11:33:00 GMT+0530 (India Standard Time)","24210.00","24219.80","24203.00","24216.10","24176.36","24211.79","24140.93","24247.22","24105.50","24282.65","24070.07","24063.63","24118.27","23967.37","24214.53","23912.73","24365.43","23761.83","16292965.00","15405.00"
"Wed Jul 15 2026 11:34:00 GMT+0530 (India Standard Time)","24216.10","24218.00","24207.30","24209.90","24176.47","24211.90","24141.04","24247.33","24105.61","24282.76","24070.18","24063.63","24118.27","23967.37","24214.53","23912.73","24365.43","23761.83","16293030.00","4095.00"
"Wed Jul 15 2026 11:35:00 GMT+0530 (India Standard Time)","24209.90","24220.00","24205.30","24218.20","24176.82","24212.28","24141.37","24247.73","24105.92","24283.18","24070.46","24063.63","24118.27","23967.37","24214.53","23912.73","24365.43","23761.83","16293290.00","11635.00"
"Wed Jul 15 2026 11:36:00 GMT+0530 (India Standard Time)","24218.20","24218.50","24205.00","24205.00","24176.88","24212.33","24141.43","24247.78","24105.99","24283.23","24070.54","24063.63","24118.27","23967.37","24214.53","23912.73","24365.43","23761.83","16294720.00","2340.00"
"Wed Jul 15 2026 11:37:00 GMT+0530 (India Standard Time)","24205.00","24212.10","24202.40","24212.10","24176.97","24212.41","24141.53","24247.85","24106.09","24283.29","24070.65","24063.63","24118.27","23967.37","24214.53","23912.73","24365.43","23761.83","16293680.00","3445.00"
"Wed Jul 15 2026 11:38:00 GMT+0530 (India Standard Time)","24212.10","24212.10","24197.90","24208.60","24177.04","24212.47","24141.62","24247.89","24106.19","24283.32","24070.77","24063.63","24118.27","23967.37","24214.53","23912.73","24365.43","23761.83","16296020.00","3250.00"
"Wed Jul 15 2026 11:39:00 GMT+0530 (India Standard Time)","24208.60","24208.60","24195.00","24200.00","24177.10","24212.50","24141.69","24247.90","24106.29","24283.31","24070.89","24063.63","24118.27","23967.37","24214.53","23912.73","24365.43","23761.83","16294460.00","2860.00"
"Wed Jul 15 2026 11:40:00 GMT+0530 (India Standard Time)","24200.00","24200.00","24186.00","24195.00","24177.13","24212.50","24141.75","24247.88","24106.37","24283.26","24070.99","24063.63","24118.27","23967.37","24214.53","23912.73","24365.43","23761.83","16295110.00","2340.00"
"Wed Jul 15 2026 11:41:00 GMT+0530 (India Standard Time)","24195.00","24195.00","24184.70","24186.40","24177.23","24212.47","24141.98","24247.71","24106.74","24282.96","24071.50","24063.63","24118.27","23967.37","24214.53","23912.73","24365.43","23761.83","16294980.00","11050.00"
"Wed Jul 15 2026 11:42:00 GMT+0530 (India Standard Time)","24186.40","24190.00","24182.60","24182.60","24177.24","24212.46","24142.01","24247.68","24106.79","24282.90","24071.57","24063.63","24118.27","23967.37","24214.53","23912.73","24365.43","23761.83","16295240.00","1690.00"
"Wed Jul 15 2026 11:43:00 GMT+0530 (India Standard Time)","24182.60","24189.80","24178.00","24178.00","24177.25","24212.42","24142.07","24247.60","24106.89","24282.78","24071.72","24063.63","24118.27","23967.37","24214.53","23912.73","24365.43","23761.83","16295045.00","3380.00"
"Wed Jul 15 2026 11:44:00 GMT+0530 (India Standard Time)","24178.00","24189.90","24172.00","24172.00","24177.25","24212.39","24142.11","24247.52","24106.98","24282.66","24071.84","24063.63","24118.27","23967.37","24214.53","23912.73","24365.43","23761.83","16294590.00","2990.00"
"Wed Jul 15 2026 11:45:00 GMT+0530 (India Standard Time)","24182.80","24183.90","24170.20","24182.00","24177.25","24212.36","24142.15","24247.46","24107.04","24282.56","24071.94","24063.63","24118.27","23967.37","24214.53","23912.73","24365.43","23761.83","16295305.00","2405.00"
"Wed Jul 15 2026 11:46:00 GMT+0530 (India Standard Time)","24182.00","24185.00","24177.70","24180.00","24177.26","24212.34","24142.17","24247.43","24107.08","24282.51","24072.00","24063.63","24118.27","23967.37","24214.53","23912.73","24365.43","23761.83","16294525.00","1365.00"
"Wed Jul 15 2026 11:47:00 GMT+0530 (India Standard Time)","24180.00","24186.00","24175.00","24180.00","24177.26","24212.32","24142.20","24247.38","24107.14","24282.44","24072.08","24063.63","24118.27","23967.37","24214.53","23912.73","24365.43","23761.83","16293225.00","2015.00"
"Wed Jul 15 2026 11:48:00 GMT+0530 (India Standard Time)","24180.00","24180.00","24175.00","24180.00","24177.26","24212.30","24142.23","24247.33","24107.19","24282.36","24072.16","24063.63","24118.27","23967.37","24214.53","23912.73","24365.43","23761.83","16293810.00","1885.00"
"Wed Jul 15 2026 11:49:00 GMT+0530 (India Standard Time)","24180.00","24180.00","24175.00","24180.00","24177.26","24212.28","24142.25","24247.29","24107.23","24282.31","24072.22","24063.63","24118.27","23967.37","24214.53","23912.73","24365.43","23761.83","16293680.00","1365.00"
"Wed Jul 15 2026 11:50:00 GMT+0530 (India Standard Time)","24176.80","24180.00","24171.30","24171.40","24177.26","24212.24","24142.28","24247.22","24107.30","24282.20","24072.32","24063.63","24118.27","23967.37","24214.53","23912.73","24365.43","23761.83","16294460.00","2665.00"
"Wed Jul 15 2026 11:51:00 GMT+0530 (India Standard Time)","24171.40","24179.90","24166.00","24171.10","24177.23","24212.11","24142.35","24246.99","24107.46","24281.88","24072.58","24063.63","24118.27","23967.37","24214.53","23912.73","24365.43","23761.83","16294460.00","7540.00"
"Wed Jul 15 2026 11:52:00 GMT+0530 (India Standard Time)","24171.10","24179.90","24170.00","24179.00","24177.23","24212.04","24142.41","24246.85","24107.60","24281.67","24072.78","24063.63","24118.27","23967.37","24214.53","23912.73","24365.43","23761.83","16293615.00","5200.00"
"Wed Jul 15 2026 11:53:00 GMT+0530 (India Standard Time)","24179.00","24185.00","24175.30","24185.00","24177.23","24212.02","24142.44","24246.82","24107.65","24281.61","24072.86","24063.63","24118.27","23967.37","24214.53","23912.73","24365.43","23761.83","16293615.00","1755.00"
"Wed Jul 15 2026 11:54:00 GMT+0530 (India Standard Time)","24185.00","24185.00","24176.60","24176.60","24177.23","24212.00","24142.47","24246.77","24107.70","24281.54","24072.93","24063.63","24118.27","23967.37","24214.53","23912.73","24365.43","23761.83","16294395.00","1885.00"
"Wed Jul 15 2026 11:55:00 GMT+0530 (India Standard Time)","24176.60","24187.00","24176.60","24187.00","24177.30","24211.89","24142.71","24246.48","24108.12","24281.07","24073.54","24063.63","24118.27","23967.37","24214.53","23912.73","24365.43","23761.83","16298035.00","14300.00"
"Wed Jul 15 2026 11:56:00 GMT+0530 (India Standard Time)","24187.00","24195.00","24181.40","24194.50","24177.34","24211.88","24142.81","24246.42","24108.27","24280.96","24073.73","24063.63","24118.27","23967.37","24214.53","23912.73","24365.43","23761.83","16297515.00","4485.00"
"Wed Jul 15 2026 11:57:00 GMT+0530 (India Standard Time)","24194.50","24195.60","24182.00","24192.20","24177.46","24211.86","24143.05","24246.27","24108.65","24280.67","24074.25","24063.63","24118.27","23967.37","24214.53","23912.73","24365.43","23761.83","16288285.00","12285.00"
"Wed Jul 15 2026 11:58:00 GMT+0530 (India Standard Time)","24192.20","24192.20","24181.00","24186.90","24177.46","24211.86","24143.07","24246.25","24108.68","24280.64","24074.29","24063.63","24118.27","23967.37","24214.53","23912.73","24365.43","23761.83","16285750.00","975.00"
"Wed Jul 15 2026 11:59:00 GMT+0530 (India Standard Time)","24186.90","24186.90","24180.00","24182.00","24177.47","24211.84","24143.10","24246.22","24108.73","24280.59","24074.35","24063.63","24118.27","23967.37","24214.53","23912.73","24365.43","23761.83","16286335.00","1625.00"
"Wed Jul 15 2026 12:00:00 GMT+0530 (India Standard Time)","24182.00","24189.00","24182.00","24188.90","24177.48","24211.84","24143.12","24246.20","24108.76","24280.56","24074.40","24063.63","24118.27","23967.37","24214.53","23912.73","24365.43","23761.83","16286725.00","1105.00"
"Wed Jul 15 2026 12:01:00 GMT+0530 (India Standard Time)","24188.90","24188.90","24185.00","24185.00","24177.48","24211.84","24143.13","24246.19","24108.77","24280.54","24074.42","24063.63","24118.27","23967.37","24214.53","23912.73","24365.43","23761.83","16286660.00","520.00"
"Wed Jul 15 2026 12:02:00 GMT+0530 (India Standard Time)","24185.00","24185.00","24182.10","24182.10","24177.48","24211.83","24143.14","24246.18","24108.79","24280.53","24074.44","24063.63","24118.27","23967.37","24214.53","23912.73","24365.43","23761.83","16287050.00","520.00"
"Wed Jul 15 2026 12:03:00 GMT+0530 (India Standard Time)","24182.10","24182.10","24176.00","24176.00","24177.48","24211.81","24143.16","24246.14","24108.83","24280.46","24074.51","24063.63","24118.27","23967.37","24214.53","23912.73","24365.43","23761.83","16286725.00","1690.00"
"Wed Jul 15 2026 12:04:00 GMT+0530 (India Standard Time)","24176.00","24182.10","24173.40","24182.10","24177.49","24211.78","24143.20","24246.07","24108.90","24280.36","24074.61","24063.63","24118.27","23967.37","24214.53","23912.73","24365.43","23761.83","16287570.00","2730.00"
"Wed Jul 15 2026 12:05:00 GMT+0530 (India Standard Time)","24182.10","24189.00","24182.10","24189.00","24177.50","24211.77","24143.23","24246.04","24108.95","24280.32","24074.68","24063.63","24118.27","23967.37","24214.53","23912.73","24365.43","23761.83","16287960.00","1690.00"
"Wed Jul 15 2026 12:06:00 GMT+0530 (India Standard Time)","24189.00","24189.90","24182.10","24186.00","24177.50","24211.77","24143.24","24246.03","24108.98","24280.29","24074.72","24063.63","24118.27","23967.37","24214.53","23912.73","24365.43","23761.83","16285945.00","845.00"
"Wed Jul 15 2026 12:07:00 GMT+0530 (India Standard Time)","24186.00","24186.00","24182.20","24185.00","24177.51","24211.76","24143.26","24246.01","24109.01","24280.26","24074.76","24063.63","24118.27","23967.37","24214.53","23912.73","24365.43","23761.83","16285945.00","1105.00"
"Wed Jul 15 2026 12:08:00 GMT+0530 (India Standard Time)","24185.00","24189.90","24183.00","24189.90","24177.52","24211.75","24143.30","24245.98","24109.07","24280.21","24074.84","24063.63","24118.27","23967.37","24214.53","23912.73","24365.43","23761.83","16285750.00","1950.00"
"Wed Jul 15 2026 12:09:00 GMT+0530 (India Standard Time)","24189.90","24189.90","24183.70","24183.70","24177.53","24211.75","24143.30","24245.97","24109.08","24280.20","24074.85","24063.63","24118.27","23967.37","24214.53","23912.73","24365.43","23761.83","16285750.00","260.00"
"Wed Jul 15 2026 12:10:00 GMT+0530 (India Standard Time)","24183.70","24184.00","24176.00","24176.00","24177.53","24211.72","24143.34","24245.91","24109.15","24280.10","24074.95","24063.63","24118.27","23967.37","24214.53","23912.73","24365.43","23761.83","16285685.00","2665.00"
"Wed Jul 15 2026 12:11:00 GMT+0530 (India Standard Time)","24176.00","24181.00","24175.30","24175.30","24177.53","24211.71","24143.34","24245.90","24109.16","24280.08","24074.98","24063.63","24118.27","23967.37","24214.53","23912.73","24365.43","23761.83","16284645.00","585.00"
"Wed Jul 15 2026 12:12:00 GMT+0530 (India Standard Time)","24175.30","24185.00","24175.30","24179.80","24177.53","24211.70","24143.36","24245.87","24109.19","24280.04","24075.02","24063.63","24118.27","23967.37","24214.53","23912.73","24365.43","23761.83","16284580.00","1040.00"
"Wed Jul 15 2026 12:13:00 GMT+0530 (India Standard Time)","24179.80","24189.80","24177.20","24189.80","24177.55","24211.68","24143.41","24245.82","24109.27","24279.96","24075.14","24063.63","24118.27","23967.37","24214.53","23912.73","24365.43","23761.83","16283605.00","2925.00"
"Wed Jul 15 2026 12:14:00 GMT+0530 (India Standard Time)","24189.80","24189.90","24181.30","24189.90","24177.55","24211.68","24143.43","24245.80","24109.30","24279.93","24075.18","24063.63","24118.27","23967.37","24214.53","23912.73","24365.43","23761.83","16283280.00","1040.00"
"Wed Jul 15 2026 12:15:00 GMT+0530 (India Standard Time)","24189.90","24193.90","24186.90","24193.90","24177.56","24211.68","24143.45","24245.79","24109.34","24279.91","24075.22","24063.63","24118.27","23967.37","24214.53","23912.73","24365.43","23761.83","16283150.00","1105.00"
"Wed Jul 15 2026 12:16:00 GMT+0530 (India Standard Time)","24193.90","24193.90","24188.10","24190.00","24177.57","24211.68","24143.47","24245.78","24109.36","24279.89","24075.25","24063.63","24118.27","23967.37","24214.53","23912.73","24365.43","23761.83","16283150.00","715.00"
"Wed Jul 15 2026 12:17:00 GMT+0530 (India Standard Time)","24190.00","24190.00","24183.00","24184.40","24177.59","24211.67","24143.50","24245.75","24109.42","24279.83","24075.34","24063.63","24118.27","23967.37","24214.53","23912.73","24365.43","23761.83","16283020.00","2275.00"
"Wed Jul 15 2026 12:18:00 GMT+0530 (India Standard Time)","24184.40","24189.00","24184.40","24188.00","24177.59","24211.66","24143.52","24245.74","24109.44","24279.81","24075.37","24063.63","24118.27","23967.37","24214.53","23912.73","24365.43","23761.83","16283605.00","650.00"
"Wed Jul 15 2026 12:19:00 GMT+0530 (India Standard Time)","24188.00","24193.90","24186.00","24193.90","24177.62","24211.66","24143.58","24245.70","24109.54","24279.74","24075.50","24063.63","24118.27","23967.37","24214.53","23912.73","24365.43","23761.83","16283605.00","3315.00"
"Wed Jul 15 2026 12:20:00 GMT+0530 (India Standard Time)","24193.90","24195.00","24185.70","24186.00","24177.64","24211.66","24143.62","24245.67","24109.61","24279.69","24075.59","24063.63","24118.27","23967.37","24214.53","23912.73","24365.43","23761.83","16285295.00","2080.00"
"Wed Jul 15 2026 12:21:00 GMT+0530 (India Standard Time)","24186.00","24195.00","24180.00","24180.00","24177.65","24211.64","24143.66","24245.63","24109.67","24279.63","24075.67","24063.63","24118.27","23967.37","24214.53","23912.73","24365.43","23761.83","16285165.00","2080.00"
"Wed Jul 15 2026 12:22:00 GMT+0530 (India Standard Time)","24180.00","24193.90","24180.00","24189.00","24177.67","24211.63","24143.71","24245.59","24109.75","24279.55","24075.80","24063.63","24118.27","23967.37","24214.53","23912.73","24365.43","23761.83","16284970.00","3055.00"
"Wed Jul 15 2026 12:23:00 GMT+0530 (India Standard Time)","24189.00","24189.40","24176.00","24176.00","24177.67","24211.62","24143.73","24245.56","24109.79","24279.51","24075.84","24063.63","24118.27","23967.37","24214.53","23912.73","24365.43","23761.83","16284125.00","1235.00"
"Wed Jul 15 2026 12:24:00 GMT+0530 (India Standard Time)","24176.00","24182.00","24175.40","24182.00","24177.68","24211.60","24143.75","24245.53","24109.82","24279.46","24075.89","24063.63","24118.27","23967.37","24214.53","23912.73","24365.43","23761.83","16284450.00","1235.00"
"Wed Jul 15 2026 12:25:00 GMT+0530 (India Standard Time)","24182.00","24187.00","24178.10","24181.70","24177.68","24211.60","24143.76","24245.52","24109.84","24279.43","24075.92","24063.63","24118.27","23967.37","24214.53","23912.73","24365.43","23761.83","16284450.00","910.00"
"Wed Jul 15 2026 12:26:00 GMT+0530 (India Standard Time)","24181.70","24189.90","24180.00","24180.20","24177.69","24211.58","24143.79","24245.48","24109.89","24279.37","24076.00","24063.63","24118.27","23967.37","24214.53","23912.73","24365.43","23761.83","16284125.00","1885.00"
"Wed Jul 15 2026 12:27:00 GMT+0530 (India Standard Time)","24180.20","24187.60","24175.00","24183.60","24177.69","24211.57","24143.81","24245.45","24109.94","24279.32","24076.06","24063.63","24118.27","23967.37","24214.53","23912.73","24365.43","23761.83","16284385.00","1625.00"
"Wed Jul 15 2026 12:28:00 GMT+0530 (India Standard Time)","24183.60","24184.60","24171.00","24182.50","24177.70","24211.53","24143.86","24245.36","24110.03","24279.19","24076.20","24063.63","24118.27","23967.37","24214.53","23912.73","24365.43","23761.83","16284060.00","3705.00"
"Wed Jul 15 2026 12:29:00 GMT+0530 (India Standard Time)","24182.50","24182.50","24168.10","24178.20","24177.69","24211.50","24143.89","24245.31","24110.08","24279.11","24076.27","24063.63","24118.27","23967.37","24214.53","23912.73","24365.43","23761.83","16283995.00","2145.00"
"Wed Jul 15 2026 12:30:00 GMT+0530 (India Standard Time)","24178.20","24180.40","24162.60","24167.50","24177.65","24211.37","24143.93","24245.09","24110.22","24278.81","24076.50","24063.63","24118.27","23967.37","24214.53","23912.73","24365.43","23761.83","16287245.00","7800.00"
"Wed Jul 15 2026 12:31:00 GMT+0530 (India Standard Time)","24167.50","24179.40","24165.00","24179.40","24177.65","24211.35","24143.95","24245.05","24110.24","24278.76","24076.54","24063.63","24118.27","23967.37","24214.53","23912.73","24365.43","23761.83","16287245.00","1365.00"
"Wed Jul 15 2026 12:32:00 GMT+0530 (India Standard Time)","24179.40","24179.40","24167.00","24177.00","24177.65","24211.33","24143.96","24245.02","24110.27","24278.71","24076.58","24063.63","24118.27","23967.37","24214.53","23912.73","24365.43","23761.83","16287700.00","1300.00"
"Wed Jul 15 2026 12:33:00 GMT+0530 (India Standard Time)","24177.00","24177.00","24158.30","24169.50","24177.55","24211.08","24144.02","24244.62","24110.49","24278.15","24076.96","24063.63","24118.27","23967.37","24214.53","23912.73","24365.43","23761.83","16285685.00","14430.00"
"Wed Jul 15 2026 12:34:00 GMT+0530 (India Standard Time)","24169.50","24169.50","24159.50","24159.70","24177.47","24210.92","24144.02","24244.37","24110.56","24277.83","24077.11","24063.63","24118.27","23967.37","24214.53","23912.73","24365.43","23761.83","16285360.00","8385.00"
"Wed Jul 15 2026 12:35:00 GMT+0530 (India Standard Time)","24159.70","24167.00","24154.40","24154.90","24177.33","24210.69","24143.96","24244.06","24110.60","24277.42","24077.23","24063.63","24118.27","23967.37","24214.53","23912.73","24365.43","23761.83","16283995.00","11050.00"
"Wed Jul 15 2026 12:36:00 GMT+0530 (India Standard Time)","24155.50","24163.00","24151.60","24153.00","24177.10","24210.36","24143.84","24243.62","24110.58","24276.88","24077.32","24063.63","24118.27","23967.37","24214.53","23912.73","24365.43","23761.83","16283995.00","15600.00"
"Wed Jul 15 2026 12:37:00 GMT+0530 (India Standard Time)","24153.00","24163.00","24152.00","24163.00","24177.06","24210.30","24143.83","24243.54","24110.59","24276.77","24077.35","24063.63","24118.27","23967.37","24214.53","23912.73","24365.43","23761.83","16288545.00","2990.00"
"Wed Jul 15 2026 12:38:00 GMT+0530 (India Standard Time)","24163.00","24165.00","24147.00","24147.00","24176.86","24210.03","24143.69","24243.20","24110.52","24276.37","24077.35","24063.63","24118.27","23967.37","24214.53","23912.73","24365.43","23761.83","16289975.00","12545.00"
"Wed Jul 15 2026 12:39:00 GMT+0530 (India Standard Time)","24148.80","24149.00","24135.00","24136.20","24176.35","24209.57","24143.14","24242.79","24109.92","24276.01","24076.70","24063.63","24118.27","23967.37","24214.53","23912.73","24365.43","23761.83","16289975.00","20800.00"
"Wed Jul 15 2026 12:40:00 GMT+0530 (India Standard Time)","24136.10","24145.00","24134.90","24135.50","24175.77","24209.06","24142.48","24242.35","24109.19","24275.64","24075.91","24063.63","24118.27","23967.37","24214.53","23912.73","24365.43","23761.83","16288350.00","23530.00"
"Wed Jul 15 2026 12:41:00 GMT+0530 (India Standard Time)","24135.20","24150.00","24132.90","24146.00","24175.38","24208.66","24142.09","24241.94","24108.81","24275.22","24075.53","24063.63","24118.27","23967.37","24214.53","23912.73","24365.43","23761.83","16288545.00","18850.00"
"Wed Jul 15 2026 12:42:00 GMT+0530 (India Standard Time)","24146.00","24152.70","24146.00","24148.60","24175.29","24208.56","24142.03","24241.82","24108.77","24275.08","24075.51","24063.63","24118.27","23967.37","24214.53","23912.73","24365.43","23761.83","16282175.00","4875.00"
"Wed Jul 15 2026 12:43:00 GMT+0530 (India Standard Time)","24148.60","24160.00","24148.00","24160.00","24175.25","24208.48","24142.01","24241.72","24108.78","24274.95","24075.54","24063.63","24118.27","23967.37","24214.53","23912.73","24365.43","23761.83","16283865.00","3705.00"
"Wed Jul 15 2026 12:44:00 GMT+0530 (India Standard Time)","24160.00","24165.00","24152.60","24164.50","24175.22","24208.43","24142.01","24241.65","24108.80","24274.86","24075.59","24063.63","24118.27","23967.37","24214.53","23912.73","24365.43","23761.83","16285165.00","2795.00"
"Wed Jul 15 2026 12:45:00 GMT+0530 (India Standard Time)","24164.50","24164.50","24152.80","24153.00","24175.18","24208.37","24142.00","24241.55","24108.81","24274.74","24075.62","24063.63","24118.27","23967.37","24214.53","23912.73","24365.43","23761.83","16286595.00","3445.00"
"Wed Jul 15 2026 12:46:00 GMT+0530 (India Standard Time)","24153.00","24164.10","24151.50","24152.10","24175.06","24208.17","24141.94","24241.29","24108.83","24274.40","24075.71","24063.63","24118.27","23967.37","24214.53","23912.73","24365.43","23761.83","16287765.00","10140.00"
"Wed Jul 15 2026 12:47:00 GMT+0530 (India Standard Time)","24152.00","24161.00","24147.30","24155.00","24174.87","24207.89","24141.85","24240.92","24108.83","24273.94","24075.80","24063.63","24118.27","23967.37","24214.53","23912.73","24365.43","23761.83","16290430.00","14430.00"
"Wed Jul 15 2026 12:48:00 GMT+0530 (India Standard Time)","24155.00","24163.60","24148.90","24150.10","24174.85","24207.87","24141.84","24240.88","24108.82","24273.89","24075.81","24063.63","24118.27","23967.37","24214.53","23912.73","24365.43","23761.83","16289845.00","1430.00"
"Wed Jul 15 2026 12:49:00 GMT+0530 (India Standard Time)","24150.10","24155.90","24145.00","24147.00","24174.74","24207.73","24141.76","24240.71","24108.77","24273.70","24075.79","24063.63","24118.27","23967.37","24214.53","23912.73","24365.43","23761.83","16289715.00","6825.00"
"Wed Jul 15 2026 12:50:00 GMT+0530 (India Standard Time)","24147.00","24149.90","24137.60","24142.90","24174.56","24207.54","24141.59","24240.51","24108.61","24273.49","24075.64","24063.63","24118.27","23967.37","24214.53","23912.73","24365.43","23761.83","16289780.00","9360.00"
"Wed Jul 15 2026 12:51:00 GMT+0530 (India Standard Time)","24142.90","24155.90","24142.90","24146.00","24174.55","24207.52","24141.57","24240.49","24108.60","24273.46","24075.63","24063.63","24118.27","23967.37","24214.53","23912.73","24365.43","23761.83","16295305.00","1040.00"
"Wed Jul 15 2026 12:52:00 GMT+0530 (India Standard Time)","24146.00","24155.60","24140.00","24140.00","24174.43","24207.38","24141.47","24240.34","24108.51","24273.30","24075.55","24063.63","24118.27","23967.37","24214.53","23912.73","24365.43","23761.83","16295500.00","6500.00"
"Wed Jul 15 2026 12:53:00 GMT+0530 (India Standard Time)","24140.00","24149.30","24130.10","24130.10","24174.16","24207.15","24141.16","24240.15","24108.17","24273.14","24075.17","24063.63","24118.27","23967.37","24214.53","23912.73","24365.43","23761.83","16298685.00","11635.00"
"Wed Jul 15 2026 12:54:00 GMT+0530 (India Standard Time)","24130.10","24139.00","24121.00","24121.00","24173.69","24206.85","24140.53","24240.01","24107.37","24273.17","24074.21","24063.63","24118.27","23967.37","24214.53","23912.73","24365.43","23761.83","16302390.00","16250.00"
"Wed Jul 15 2026 12:55:00 GMT+0530 (India Standard Time)","24123.00","24127.90","24091.00","24091.00","24171.31","24206.30","24136.31","24241.29","24101.32","24276.29","24066.33","24063.63","24118.27","23967.37","24214.53","23912.73","24365.43","23761.83","16302975.00","57720.00"
"Wed Jul 15 2026 12:56:00 GMT+0530 (India Standard Time)","24091.00","24091.00","24026.00","24026.00","24164.08","24208.74","24119.43","24253.39","24074.78","24298.04","24030.12","24063.63","24118.27","23967.37","24214.53","23912.73","24365.43","23761.83","16304145.00","105755.00"
"Wed Jul 15 2026 12:57:00 GMT+0530 (India Standard Time)","24029.70","24050.50","24000.00","24012.50","24158.37","24210.32","24106.41","24262.28","24054.45","24314.24","24002.49","24063.63","24118.27","23967.37","24214.53","23912.73","24365.43","23761.83","16308825.00","75335.00"
"Wed Jul 15 2026 12:58:00 GMT+0530 (India Standard Time)","24012.50","24059.20","23993.10","24059.20","24155.55","24210.05","24101.06","24264.55","24046.56","24319.04","23992.06","24063.63","24118.27","23967.37","24214.53","23912.73","24365.43","23761.83","16316820.00","44785.00"
"Wed Jul 15 2026 12:59:00 GMT+0530 (India Standard Time)","24059.20","24065.00","24031.10","24036.60","24153.28","24209.47","24097.09","24265.66","24040.90","24321.85","23984.72","24063.63","24118.27","23967.37","24214.53","23912.73","24365.43","23761.83","16307135.00","40235.00"
"Wed Jul 15 2026 13:00:00 GMT+0530 (India Standard Time)","24036.60","24063.00","24020.10","24060.00","24150.95","24208.64","24093.27","24266.33","24035.58","24324.02","23977.89","24063.63","24118.27","23967.37","24214.53","23912.73","24365.43","23761.83","16326375.00","44395.00"
"Wed Jul 15 2026 13:01:00 GMT+0530 (India Standard Time)","24060.00","24068.00","24041.90","24050.00","24150.03","24208.22","24091.85","24266.40","24033.66","24324.59","23975.48","24063.63","24118.27","23967.37","24214.53","23912.73","24365.43","23761.83","16341910.00","19175.00"
"Wed Jul 15 2026 13:02:00 GMT+0530 (India Standard Time)","24050.00","24072.30","24050.00","24068.10","24149.45","24207.87","24091.03","24266.29","24032.61","24324.71","23974.19","24063.63","24118.27","23967.37","24214.53","23912.73","24365.43","23761.83","16342365.00","13780.00"
"Wed Jul 15 2026 13:03:00 GMT+0530 (India Standard Time)","24065.70","24070.00","24055.00","24066.00","24148.06","24207.01","24089.11","24265.96","24030.17","24324.90","23971.22","24063.63","24118.27","23967.37","24214.53","23912.73","24365.43","23761.83","16343275.00","33735.00"
"Wed Jul 15 2026 13:04:00 GMT+0530 (India Standard Time)","24066.00","24070.00","24055.30","24060.00","24147.14","24206.44","24087.85","24265.74","24028.55","24325.04","23969.25","24063.63","24118.27","23967.37","24214.53","23912.73","24365.43","23761.83","16351725.00","22360.00"
"Wed Jul 15 2026 13:05:00 GMT+0530 (India Standard Time)","24065.00","24065.00","24054.00","24059.90","24146.79","24206.23","24087.35","24265.66","24027.91","24325.10","23968.47","24063.63","24118.27","23967.37","24214.53","23912.73","24365.43","23761.83","16363360.00","8580.00"
"Wed Jul 15 2026 13:06:00 GMT+0530 (India Standard Time)","24059.90","24060.00","24055.00","24056.30","24146.34","24205.96","24086.71","24265.59","24027.08","24325.22","23967.45","24063.63","24118.27","23967.37","24214.53","23912.73","24365.43","23761.83","16368820.00","10725.00"
"Wed Jul 15 2026 13:07:00 GMT+0530 (India Standard Time)","24055.00","24057.00","24044.00","24044.00","24145.90","24205.75","24086.05","24265.60","24026.20","24325.45","23966.35","24063.63","24118.27","23967.37","24214.53","23912.73","24365.43","23761.83","16374930.00","9425.00"
"Wed Jul 15 2026 13:08:00 GMT+0530 (India Standard Time)","24044.00","24050.00","24032.90","24049.90","24145.27","24205.47","24085.08","24265.66","24024.89","24325.86","23964.69","24063.63","24118.27","23967.37","24214.53","23912.73","24365.43","23761.83","16380325.00","13260.00"
"Wed Jul 15 2026 13:09:00 GMT+0530 (India Standard Time)","24049.90","24049.90","24040.00","24042.10","24144.94","24205.31","24084.56","24265.69","24024.19","24326.06","23963.81","24063.63","24118.27","23967.37","24214.53","23912.73","24365.43","23761.83","16382405.00","7150.00"
"Wed Jul 15 2026 13:10:00 GMT+0530 (India Standard Time)","24042.10","24044.10","24030.00","24039.10","24144.44","24205.11","24083.76","24265.79","24023.09","24326.47","23962.41","24063.63","24118.27","23967.37","24214.53","23912.73","24365.43","23761.83","16385525.00","10075.00"
"Wed Jul 15 2026 13:11:00 GMT+0530 (India Standard Time)","24039.10","24039.10","24036.00","24039.00","24143.98","24204.92","24083.04","24265.87","24022.09","24326.81","23961.15","24063.63","24118.27","23967.37","24214.53","23912.73","24365.43","23761.83","16387800.00","9360.00"
"Wed Jul 15 2026 13:12:00 GMT+0530 (India Standard Time)","24039.00","24050.00","24039.00","24041.00","24143.38","24204.64","24082.13","24265.89","24020.88","24327.14","23959.63","24063.63","24118.27","23967.37","24214.53","23912.73","24365.43","23761.83","16386175.00","12935.00"
"Wed Jul 15 2026 13:13:00 GMT+0530 (India Standard Time)","24041.00","24041.90","24030.20","24030.50","24142.82","24204.41","24081.23","24266.01","24019.64","24327.60","23958.05","24063.63","24118.27","23967.37","24214.53","23912.73","24365.43","23761.83","16389035.00","11310.00"
"Wed Jul 15 2026 13:14:00 GMT+0530 (India Standard Time)","24030.50","24040.00","24030.00","24040.00","24142.43","24204.25","24080.62","24266.06","24018.80","24327.87","23956.99","24063.63","24118.27","23967.37","24214.53","23912.73","24365.43","23761.83","16395860.00","8125.00"
"Wed Jul 15 2026 13:15:00 GMT+0530 (India Standard Time)","24040.00","24063.00","24031.60","24051.50","24141.88","24203.93","24079.83","24265.97","24017.78","24328.02","23955.74","24063.63","24118.27","23967.37","24214.53","23912.73","24365.43","23761.83","16399305.00","13065.00"
"Wed Jul 15 2026 13:16:00 GMT+0530 (India Standard Time)","24051.50","24065.00","24049.00","24060.00","24141.60","24203.73","24079.47","24265.86","24017.33","24328.00","23955.20","24063.63","24118.27","23967.37","24214.53","23912.73","24365.43","23761.83","16382860.00","7410.00"
"Wed Jul 15 2026 13:17:00 GMT+0530 (India Standard Time)","24060.00","24060.00","24050.70","24052.30","24141.26","24203.51","24079.01","24265.76","24016.76","24328.01","23954.52","24063.63","24118.27","23967.37","24214.53","23912.73","24365.43","23761.83","16386435.00","8645.00"
"Wed Jul 15 2026 13:18:00 GMT+0530 (India Standard Time)","24052.30","24072.90","24050.00","24072.00","24140.82","24203.16","24078.49","24265.50","24016.15","24327.83","23953.82","24063.63","24118.27","23967.37","24214.53","23912.73","24365.43","23761.83","16393325.00","12870.00"
"Wed Jul 15 2026 13:19:00 GMT+0530 (India Standard Time)","24072.00","24085.00","24069.60","24080.00","24140.37","24202.71","24078.04","24265.05","24015.70","24327.38","23953.36","24063.63","24118.27","23967.37","24214.53","23912.73","24365.43","23761.83","16399695.00","16315.00"
"Wed Jul 15 2026 13:20:00 GMT+0530 (India Standard Time)","24080.00","24083.00","24075.00","24075.80","24140.08","24202.42","24077.74","24264.75","24015.41","24327.09","23953.07","24063.63","24118.27","23967.37","24214.53","23912.73","24365.43","23761.83","16401970.00","10725.00"
"Wed Jul 15 2026 13:21:00 GMT+0530 (India Standard Time)","24075.80","24080.00","24074.00","24074.00","24139.88","24202.22","24077.53","24264.56","24015.19","24326.90","23952.85","24063.63","24118.27","23967.37","24214.53","23912.73","24365.43","23761.83","16407495.00","7215.00"
"Wed Jul 15 2026 13:22:00 GMT+0530 (India Standard Time)","24074.00","24078.70","24070.00","24074.90","24139.81","24202.15","24077.46","24264.50","24015.11","24326.84","23952.77","24063.63","24118.27","23967.37","24214.53","23912.73","24365.43","23761.83","16410485.00","2470.00"
"Wed Jul 15 2026 13:23:00 GMT+0530 (India Standard Time)","24074.90","24075.00","24065.00","24070.00","24139.70","24202.06","24077.34","24264.41","24014.99","24326.77","23952.63","24063.63","24118.27","23967.37","24214.53","23912.73","24365.43","23761.83","16411135.00","3445.00"
"Wed Jul 15 2026 13:24:00 GMT+0530 (India Standard Time)","24070.00","24070.00","24060.70","24070.00","24139.63","24202.00","24077.26","24264.37","24014.90","24326.74","23952.53","24063.63","24118.27","23967.37","24214.53","23912.73","24365.43","23761.83","16411525.00","2145.00"
"Wed Jul 15 2026 13:25:00 GMT+0530 (India Standard Time)","24070.00","24070.00","24056.50","24058.10","24139.51","24201.90","24077.11","24264.30","24014.72","24326.70","23952.32","24063.63","24118.27","23967.37","24214.53","23912.73","24365.43","23761.83","16412695.00","3640.00"
"Wed Jul 15 2026 13:26:00 GMT+0530 (India Standard Time)","24058.10","24070.00","24058.10","24060.10","24139.31","24201.74","24076.87","24264.18","24014.43","24326.62","23951.99","24063.63","24118.27","23967.37","24214.53","23912.73","24365.43","23761.83","16414060.00","6045.00"
"Wed Jul 15 2026 13:27:00 GMT+0530 (India Standard Time)","24060.10","24069.00","24059.90","24059.90","24139.25","24201.70","24076.80","24264.15","24014.35","24326.60","23951.90","24063.63","24118.27","23967.37","24214.53","23912.73","24365.43","23761.83","16416400.00","1755.00"
"Wed Jul 15 2026 13:28:00 GMT+0530 (India Standard Time)","24059.30","24066.00","24058.10","24066.00","24139.16","24201.63","24076.69","24264.09","24014.23","24326.56","23951.76","24063.63","24118.27","23967.37","24214.53","23912.73","24365.43","23761.83","16417180.00","2665.00"
"Wed Jul 15 2026 13:29:00 GMT+0530 (India Standard Time)","24066.00","24069.00","24063.10","24065.00","24139.10","24201.57","24076.62","24264.05","24014.15","24326.53","23951.67","24063.63","24118.27","23967.37","24214.53","23912.73","24365.43","23761.83","16417830.00","1950.00"
"Wed Jul 15 2026 13:30:00 GMT+0530 (India Standard Time)","24065.00","24066.50","24062.00","24063.00","24139.00","24201.50","24076.51","24263.99","24014.01","24326.48","23951.52","24063.63","24118.27","23967.37","24214.53","23912.73","24365.43","23761.83","16418480.00","2990.00"
"Wed Jul 15 2026 13:31:00 GMT+0530 (India Standard Time)","24062.00","24070.00","24060.00","24065.00","24138.94","24201.44","24076.43","24263.95","24013.93","24326.45","23951.42","24063.63","24118.27","23967.37","24214.53","23912.73","24365.43","23761.83","16419390.00","1950.00"
"Wed Jul 15 2026 13:32:00 GMT+0530 (India Standard Time)","24065.00","24070.00","24060.00","24066.00","24138.90","24201.41","24076.39","24263.92","24013.88","24326.44","23951.37","24063.63","24118.27","23967.37","24214.53","23912.73","24365.43","23761.83","16419455.00","1105.00"
"Wed Jul 15 2026 13:33:00 GMT+0530 (India Standard Time)","24066.00","24069.00","24060.00","24060.10","24138.86","24201.38","24076.35","24263.90","24013.83","24326.42","23951.31","24063.63","24118.27","23967.37","24214.53","23912.73","24365.43","23761.83","16419910.00","1170.00"
"Wed Jul 15 2026 13:34:00 GMT+0530 (India Standard Time)","24060.10","24064.00","24055.00","24060.00","24138.79","24201.33","24076.26","24263.86","24013.72","24326.40","23951.19","24063.63","24118.27","23967.37","24214.53","23912.73","24365.43","23761.83","16420365.00","2080.00"
"Wed Jul 15 2026 13:35:00 GMT+0530 (India Standard Time)","24060.00","24066.00","24055.00","24055.00","24138.69","24201.25","24076.13","24263.81","24013.57","24326.37","23951.01","24063.63","24118.27","23967.37","24214.53","23912.73","24365.43","23761.83","16420105.00","2990.00"
"Wed Jul 15 2026 13:36:00 GMT+0530 (India Standard Time)","24055.00","24068.80","24055.00","24068.60","24138.65","24201.22","24076.08","24263.79","24013.52","24326.36","23950.95","24063.63","24118.27","23967.37","24214.53","23912.73","24365.43","23761.83","16420820.00","1170.00"
"Wed Jul 15 2026 13:37:00 GMT+0530 (India Standard Time)","24068.60","24068.60","24050.60","24053.10","24138.21","24200.89","24075.52","24263.57","24012.84","24326.26","23950.15","24063.63","24118.27","23967.37","24214.53","23912.73","24365.43","23761.83","16420690.00","12805.00"
"Wed Jul 15 2026 13:38:00 GMT+0530 (India Standard Time)","24053.10","24065.60","24045.20","24045.40","24138.04","24200.78","24075.30","24263.52","24012.57","24326.25","23949.83","24063.63","24118.27","23967.37","24214.53","23912.73","24365.43","23761.83","16428620.00","4485.00"
"Wed Jul 15 2026 13:39:00 GMT+0530 (India Standard Time)","24045.40","24063.10","24045.30","24062.90","24137.97","24200.73","24075.22","24263.48","24012.46","24326.24","23949.71","24063.63","24118.27","23967.37","24214.53","23912.73","24365.43","23761.83","16428295.00","1950.00"
"Wed Jul 15 2026 13:40:00 GMT+0530 (India Standard Time)","24062.90","24062.90","24050.00","24050.00","24137.94","24200.71","24075.18","24263.47","24012.42","24326.23","23949.65","24063.63","24118.27","23967.37","24214.53","23912.73","24365.43","23761.83","16428815.00","845.00"
"Wed Jul 15 2026 13:41:00 GMT+0530 (India Standard Time)","24050.00","24059.90","24045.00","24045.00","24137.88","24200.66","24075.09","24263.45","24012.31","24326.23","23949.52","24063.63","24118.27","23967.37","24214.53","23912.73","24365.43","23761.83","16429465.00","1755.00"
"Wed Jul 15 2026 13:42:00 GMT+0530 (India Standard Time)","24045.00","24055.00","24040.90","24055.00","24137.67","24200.53","24074.82","24263.38","24011.96","24326.24","23949.10","24063.63","24118.27","23967.37","24214.53","23912.73","24365.43","23761.83","16429530.00","5525.00"
"Wed Jul 15 2026 13:43:00 GMT+0530 (India Standard Time)","24055.00","24055.00","24041.10","24042.90","24137.57","24200.46","24074.68","24263.36","24011.78","24326.25","23948.89","24063.63","24118.27","23967.37","24214.53","23912.73","24365.43","23761.83","16428425.00","2600.00"
"Wed Jul 15 2026 13:44:00 GMT+0530 (India Standard Time)","24042.90","24054.90","24040.60","24054.90","24137.41","24200.36","24074.47","24263.31","24011.52","24326.25","23948.57","24063.63","24118.27","23967.37","24214.53","23912.73","24365.43","23761.83","16428230.00","4225.00"
"Wed Jul 15 2026 13:45:00 GMT+0530 (India Standard Time)","24054.90","24055.90","24039.20","24042.60","24136.14","24199.56","24072.72","24262.98","24009.30","24326.40","23945.88","24063.63","24118.27","23967.37","24214.53","23912.73","24365.43","23761.83","16429400.00","33215.00"
"Wed Jul 15 2026 13:46:00 GMT+0530 (India Standard Time)","24050.00","24059.60","24044.40","24052.00","24136.08","24199.52","24072.65","24262.95","24009.21","24326.39","23945.77","24063.63","24118.27","23967.37","24214.53","23912.73","24365.43","23761.83","16440645.00","1625.00"
"Wed Jul 15 2026 13:47:00 GMT+0530 (India Standard Time)","24059.00","24061.00","24051.50","24061.00","24135.99","24199.44","24072.53","24262.90","24009.08","24326.36","23945.62","24063.63","24118.27","23967.37","24214.53","23912.73","24365.43","23761.83","16440645.00","2860.00"
"Wed Jul 15 2026 13:48:00 GMT+0530 (India Standard Time)","24061.00","24065.00","24060.00","24065.00","24135.94","24199.40","24072.48","24262.86","24009.01","24326.33","23945.55","24063.63","24118.27","23967.37","24214.53","23912.73","24365.43","23761.83","16441425.00","1625.00"
"Wed Jul 15 2026 13:49:00 GMT+0530 (India Standard Time)","24065.00","24070.00","24060.00","24066.40","24135.84","24199.31","24072.36","24262.78","24008.89","24326.26","23945.42","24063.63","24118.27","23967.37","24214.53","23912.73","24365.43","23761.83","16442335.00","3445.00"
"Wed Jul 15 2026 13:50:00 GMT+0530 (India Standard Time)","24066.40","24070.30","24057.10","24061.40","24135.37","24198.90","24071.83","24262.44","24008.29","24325.98","23944.76","24063.63","24118.27","23967.37","24214.53","23912.73","24365.43","23761.83","16445065.00","15535.00"
"Wed Jul 15 2026 13:51:00 GMT+0530 (India Standard Time)","24060.00","24060.00","24042.00","24042.00","24135.02","24198.67","24071.38","24262.32","24007.73","24325.96","23944.08","24063.63","24118.27","23967.37","24214.53","23912.73","24365.43","23761.83","16448185.00","9555.00"
"Wed Jul 15 2026 13:52:00 GMT+0530 (India Standard Time)","24042.00","24053.20","24041.00","24052.30","24134.79","24198.51","24071.08","24262.23","24007.36","24325.95","23943.64","24063.63","24118.27","23967.37","24214.53","23912.73","24365.43","23761.83","16449095.00","6435.00"
"Wed Jul 15 2026 13:53:00 GMT+0530 (India Standard Time)","24049.90","24052.00","24030.60","24034.20","24134.18","24198.15","24070.21","24262.12","24006.25","24326.09","23942.28","24063.63","24118.27","23967.37","24214.53","23912.73","24365.43","23761.83","16448835.00","15535.00"
"Wed Jul 15 2026 13:54:00 GMT+0530 (India Standard Time)","24034.20","24054.00","24034.20","24041.10","24133.97","24198.02","24069.92","24262.06","24005.88","24326.11","23941.83","24063.63","24118.27","23967.37","24214.53","23912.73","24365.43","23761.83","16448315.00","5785.00"
"Wed Jul 15 2026 13:55:00 GMT+0530 (India Standard Time)","24051.30","24053.10","24041.10","24053.10","24133.74","24197.85","24069.63","24261.96","24005.52","24326.08","23941.41","24063.63","24118.27","23967.37","24214.53","23912.73","24365.43","23761.83","16445585.00","6565.00"
"Wed Jul 15 2026 13:56:00 GMT+0530 (India Standard Time)","24053.10","24058.80","24048.10","24050.00","24133.52","24197.69","24069.36","24261.85","24005.20","24326.01","23941.03","24063.63","24118.27","23967.37","24214.53","23912.73","24365.43","23761.83","16444025.00","6630.00"
"Wed Jul 15 2026 13:57:00 GMT+0530 (India Standard Time)","24050.00","24060.00","24050.00","24060.00","24133.48","24197.65","24069.31","24261.82","24005.14","24326.00","23940.97","24063.63","24118.27","23967.37","24214.53","23912.73","24365.43","23761.83","16443115.00","1365.00"
"Wed Jul 15 2026 13:58:00 GMT+0530 (India Standard Time)","24060.00","24069.80","24058.40","24063.00","24133.41","24197.58","24069.23","24261.76","24005.05","24325.94","23940.87","24063.63","24118.27","23967.37","24214.53","23912.73","24365.43","23761.83","16442920.00","2600.00"
"Wed Jul 15 2026 13:59:00 GMT+0530 (India Standard Time)","24063.00","24080.00","24063.00","24080.00","24133.24","24197.40","24069.08","24261.57","24004.91","24325.73","23940.75","24063.63","24118.27","23967.37","24214.53","23912.73","24365.43","23761.83","16443115.00","6955.00"
"Wed Jul 15 2026 14:00:00 GMT+0530 (India Standard Time)","24080.00","24085.00","24076.00","24081.40","24132.92","24197.02","24068.83","24261.12","24004.73","24325.22","23940.63","24063.63","24118.27","23967.37","24214.53","23912.73","24365.43","23761.83","16442985.00","15015.00"
"Wed Jul 15 2026 14:01:00 GMT+0530 (India Standard Time)","24081.40","24082.00","24076.00","24078.10","24132.85","24196.94","24068.77","24261.03","24004.68","24325.11","23940.59","24063.63","24118.27","23967.37","24214.53","23912.73","24365.43","23761.83","16445715.00","3250.00"
"Wed Jul 15 2026 14:02:00 GMT+0530 (India Standard Time)","24078.10","24078.10","24071.80","24071.80","24132.77","24196.85","24068.69","24260.93","24004.61","24325.01","23940.53","24063.63","24118.27","23967.37","24214.53","23912.73","24365.43","23761.83","16443960.00","3380.00"
"Wed Jul 15 2026 14:03:00 GMT+0530 (India Standard Time)","24071.80","24074.00","24070.00","24073.00","24132.74","24196.82","24068.67","24260.90","24004.59","24324.98","23940.51","24063.63","24118.27","23967.37","24214.53","23912.73","24365.43","23761.83","16445325.00","1235.00"
"Wed Jul 15 2026 14:04:00 GMT+0530 (India Standard Time)","24073.00","24073.00","24070.00","24072.00","24132.72","24196.80","24068.64","24260.87","24004.56","24324.95","23940.49","24063.63","24118.27","23967.37","24214.53","23912.73","24365.43","23761.83","16445845.00","1040.00"
"Wed Jul 15 2026 14:05:00 GMT+0530 (India Standard Time)","24072.00","24074.90","24070.00","24074.90","24132.66","24196.74","24068.59","24260.81","24004.52","24324.88","23940.44","24063.63","24118.27","23967.37","24214.53","23912.73","24365.43","23761.83","16446755.00","2340.00"
"Wed Jul 15 2026 14:06:00 GMT+0530 (India Standard Time)","24074.90","24075.00","24066.10","24072.50","24132.61","24196.68","24068.54","24260.75","24004.47","24324.82","23940.40","24063.63","24118.27","23967.37","24214.53","23912.73","24365.43","23761.83","16448510.00","2275.00"
"Wed Jul 15 2026 14:07:00 GMT+0530 (India Standard Time)","24072.50","24079.00","24072.50","24075.00","24132.33","24196.36","24068.29","24260.40","24004.25","24324.44","23940.21","24063.63","24118.27","23967.37","24214.53","23912.73","24365.43","23761.83","16448640.00","12285.00"
"Wed Jul 15 2026 14:08:00 GMT+0530 (India Standard Time)","24075.00","24096.90","24073.40","24096.90","24132.14","24196.10","24068.18","24260.06","24004.22","24324.02","23940.26","24063.63","24118.27","23967.37","24214.53","23912.73","24365.43","23761.83","16454100.00","11180.00"
"Wed Jul 15 2026 14:09:00 GMT+0530 (India Standard Time)","24096.00","24097.00","24086.30","24090.00","24132.07","24196.01","24068.14","24259.94","24004.21","24323.87","23940.28","24063.63","24118.27","23967.37","24214.53","23912.73","24365.43","23761.83","16450135.00","3835.00"
"Wed Jul 15 2026 14:10:00 GMT+0530 (India Standard Time)","24090.00","24090.10","24080.00","24084.80","24132.00","24195.91","24068.09","24259.81","24004.18","24323.72","23940.27","24063.63","24118.27","23967.37","24214.53","23912.73","24365.43","23761.83","16450460.00","4095.00"
"Wed Jul 15 2026 14:11:00 GMT+0530 (India Standard Time)","24084.80","24084.80","24075.00","24082.00","24131.96","24195.86","24068.06","24259.76","24004.16","24323.66","23940.26","24063.63","24118.27","23967.37","24214.53","23912.73","24365.43","23761.83","16451175.00","1950.00"
"Wed Jul 15 2026 14:12:00 GMT+0530 (India Standard Time)","24089.00","24089.00","24075.00","24082.00","24131.92","24195.81","24068.03","24259.70","24004.14","24323.59","23940.25","24063.63","24118.27","23967.37","24214.53","23912.73","24365.43","23761.83","16452020.00","1950.00"
"Wed Jul 15 2026 14:13:00 GMT+0530 (India Standard Time)","24082.00","24082.10","24075.00","24082.10","24131.87","24195.75","24067.99","24259.63","24004.11","24323.51","23940.23","24063.63","24118.27","23967.37","24214.53","23912.73","24365.43","23761.83","16452475.00","2275.00"
"Wed Jul 15 2026 14:14:00 GMT+0530 (India Standard Time)","24082.10","24085.00","24079.80","24082.10","24131.85","24195.73","24067.98","24259.60","24004.10","24323.48","23940.23","24063.63","24118.27","23967.37","24214.53","23912.73","24365.43","23761.83","16452865.00","975.00"
"Wed Jul 15 2026 14:15:00 GMT+0530 (India Standard Time)","24082.10","24090.00","24080.50","24090.00","24131.83","24195.69","24067.96","24259.56","24004.10","24323.42","23940.23","24063.63","24118.27","23967.37","24214.53","23912.73","24365.43","23761.83","16453060.00","1495.00"
"Wed Jul 15 2026 14:16:00 GMT+0530 (India Standard Time)","24090.00","24098.00","24090.00","24090.10","24131.65","24195.43","24067.88","24259.21","24004.10","24322.98","23940.32","24063.63","24118.27","23967.37","24214.53","23912.73","24365.43","23761.83","16452995.00","11375.00"
"Wed Jul 15 2026 14:17:00 GMT+0530 (India Standard Time)","24090.10","24093.00","24079.80","24079.80","24131.60","24195.36","24067.84","24259.12","24004.08","24322.88","23940.32","24063.63","24118.27","23967.37","24214.53","23912.73","24365.43","23761.83","16455530.00","2795.00"
"Wed Jul 15 2026 14:18:00 GMT+0530 (India Standard Time)","24079.80","24084.30","24072.60","24074.20","24131.55","24195.30","24067.79","24259.05","24004.04","24322.80","23940.29","24063.63","24118.27","23967.37","24214.53","23912.73","24365.43","23761.83","16456570.00","2535.00"
"Wed Jul 15 2026 14:19:00 GMT+0530 (India Standard Time)","24074.20","24083.40","24072.00","24072.50","24131.52","24195.27","24067.77","24259.02","24004.02","24322.77","23940.27","24063.63","24118.27","23967.37","24214.53","23912.73","24365.43","23761.83","16457090.00","1235.00"
"Wed Jul 15 2026 14:20:00 GMT+0530 (India Standard Time)","24072.50","24083.90","24071.10","24071.20","24131.49","24195.24","24067.75","24258.98","24004.00","24322.73","23940.26","24063.63","24118.27","23967.37","24214.53","23912.73","24365.43","23761.83","16457805.00","1300.00"
"Wed Jul 15 2026 14:21:00 GMT+0530 (India Standard Time)","24071.20","24083.00","24071.10","24083.00","24131.47","24195.21","24067.73","24258.96","24003.99","24322.70","23940.25","24063.63","24118.27","23967.37","24214.53","23912.73","24365.43","23761.83","16457805.00","910.00"
"Wed Jul 15 2026 14:22:00 GMT+0530 (India Standard Time)","24083.00","24083.00","24070.50","24083.00","24131.36","24195.09","24067.64","24258.81","24003.92","24322.53","23940.20","24063.63","24118.27","23967.37","24214.53","23912.73","24365.43","23761.83","16457935.00","5265.00"
"Wed Jul 15 2026 14:23:00 GMT+0530 (India Standard Time)","24083.00","24083.00","24073.10","24075.00","24131.34","24195.06","24067.63","24258.78","24003.91","24322.50","23940.19","24063.63","24118.27","23967.37","24214.53","23912.73","24365.43","23761.83","16460795.00","975.00"
"Wed Jul 15 2026 14:24:00 GMT+0530 (India Standard Time)","24075.00","24080.40","24070.00","24074.30","24131.27","24194.98","24067.57","24258.69","24003.86","24322.40","23940.15","24063.63","24118.27","23967.37","24214.53","23912.73","24365.43","23761.83","16461575.00","3185.00"
"Wed Jul 15 2026 14:25:00 GMT+0530 (India Standard Time)","24074.30","24075.00","24065.00","24070.00","24131.23","24194.94","24067.53","24258.65","24003.82","24322.36","23940.11","24063.63","24118.27","23967.37","24214.53","23912.73","24365.43","23761.83","16462095.00","1690.00"
"Wed Jul 15 2026 14:26:00 GMT+0530 (India Standard Time)","24070.00","24070.00","24060.20","24060.20","24131.20","24194.91","24067.50","24258.62","24003.79","24322.33","23940.08","24063.63","24118.27","23967.37","24214.53","23912.73","24365.43","23761.83","16461705.00","1105.00"
"Wed Jul 15 2026 14:27:00 GMT+0530 (India Standard Time)","24060.20","24079.10","24060.20","24069.80","24131.16","24194.87","24067.45","24258.57","24003.75","24322.28","23940.04","24063.63","24118.27","23967.37","24214.53","23912.73","24365.43","23761.83","16461965.00","1885.00"
"Wed Jul 15 2026 14:28:00 GMT+0530 (India Standard Time)","24069.80","24075.00","24065.10","24070.00","24131.12","24194.83","24067.41","24258.53","24003.71","24322.24","23940.00","24063.63","24118.27","23967.37","24214.53","23912.73","24365.43","23761.83","16461445.00","1690.00"
"Wed Jul 15 2026 14:29:00 GMT+0530 (India Standard Time)","24079.00","24079.00","24065.10","24079.00","24131.05","24194.74","24067.35","24258.44","24003.65","24322.14","23939.96","24063.63","24118.27","23967.37","24214.53","23912.73","24365.43","23761.83","16462940.00","3315.00"
"Wed Jul 15 2026 14:30:00 GMT+0530 (India Standard Time)","24079.00","24079.00","24066.50","24070.00","24130.98","24194.67","24067.28","24258.36","24003.59","24322.05","23939.90","24063.63","24118.27","23967.37","24214.53","23912.73","24365.43","23761.83","16462095.00","3055.00"
"Wed Jul 15 2026 14:31:00 GMT+0530 (India Standard Time)","24070.00","24074.20","24061.90","24073.30","24130.96","24194.65","24067.26","24258.34","24003.57","24322.03","23939.88","24063.63","24118.27","23967.37","24214.53","23912.73","24365.43","23761.83","16462875.00","910.00"
"Wed Jul 15 2026 14:32:00 GMT+0530 (India Standard Time)","24073.30","24075.00","24064.00","24075.00","24130.94","24194.63","24067.25","24258.32","24003.56","24322.01","23939.87","24063.63","24118.27","23967.37","24214.53","23912.73","24365.43","23761.83","16462810.00","845.00"
"Wed Jul 15 2026 14:33:00 GMT+0530 (India Standard Time)","24075.00","24079.00","24067.90","24075.00","24130.91","24194.60","24067.23","24258.29","24003.54","24321.98","23939.85","24063.63","24118.27","23967.37","24214.53","23912.73","24365.43","23761.83","16462745.00","975.00"
"Wed Jul 15 2026 14:34:00 GMT+0530 (India Standard Time)","24075.00","24078.90","24068.10","24078.90","24130.89","24194.57","24067.20","24258.25","24003.52","24321.94","23939.83","24063.63","24118.27","23967.37","24214.53","23912.73","24365.43","23761.83","16462680.00","1365.00"
"Wed Jul 15 2026 14:35:00 GMT+0530 (India Standard Time)","24078.90","24079.10","24070.00","24079.10","24130.86","24194.54","24067.18","24258.22","24003.50","24321.90","23939.82","24063.63","24118.27","23967.37","24214.53","23912.73","24365.43","23761.83","16463005.00","1105.00"
"Wed Jul 15 2026 14:36:00 GMT+0530 (India Standard Time)","24079.10","24083.00","24073.10","24079.00","24130.69","24194.33","24067.04","24257.98","24003.40","24321.62","23939.75","24063.63","24118.27","23967.37","24214.53","23912.73","24365.43","23761.83","16462355.00","8645.00"
"Wed Jul 15 2026 14:37:00 GMT+0530 (India Standard Time)","24079.00","24085.00","24079.00","24080.50","24130.63","24194.26","24067.00","24257.90","24003.37","24321.53","23939.74","24063.63","24118.27","23967.37","24214.53","23912.73","24365.43","23761.83","16458390.00","2860.00"
"Wed Jul 15 2026 14:38:00 GMT+0530 (India Standard Time)","24080.50","24095.00","24080.50","24095.00","24130.58","24194.19","24066.98","24257.80","24003.37","24321.41","23939.76","24063.63","24118.27","23967.37","24214.53","23912.73","24365.43","23761.83","16458585.00","3120.00"
"Wed Jul 15 2026 14:39:00 GMT+0530 (India Standard Time)","24095.00","24100.00","24090.50","24100.00","24130.48","24194.02","24066.94","24257.55","24003.40","24321.09","23939.87","24063.63","24118.27","23967.37","24214.53","23912.73","24365.43","23761.83","16427060.00","8125.00"
"Wed Jul 15 2026 14:40:00 GMT+0530 (India Standard Time)","24100.00","24103.10","24095.00","24100.00","24130.34","24193.77","24066.91","24257.19","24003.48","24320.62","23940.05","24063.63","24118.27","23967.37","24214.53","23912.73","24365.43","23761.83","16424525.00","11895.00"
"Wed Jul 15 2026 14:41:00 GMT+0530 (India Standard Time)","24100.00","24105.00","24093.00","24099.00","24130.26","24193.64","24066.89","24257.01","24003.52","24320.38","23940.15","24063.63","24118.27","23967.37","24214.53","23912.73","24365.43","23761.83","16424200.00","6175.00"
"Wed Jul 15 2026 14:42:00 GMT+0530 (India Standard Time)","24099.00","24099.00","24090.00","24090.00","24130.24","24193.59","24066.88","24256.95","24003.52","24320.31","23940.17","24063.63","24118.27","23967.37","24214.53","23912.73","24365.43","23761.83","16424265.00","1950.00"
"Wed Jul 15 2026 14:43:00 GMT+0530 (India Standard Time)","24090.00","24100.00","24088.00","24089.10","24130.22","24193.57","24066.87","24256.92","24003.53","24320.27","23940.18","24063.63","24118.27","23967.37","24214.53","23912.73","24365.43","23761.83","16424135.00","1040.00"
"Wed Jul 15 2026 14:44:00 GMT+0530 (India Standard Time)","24089.10","24099.00","24089.10","24096.90","24130.20","24193.54","24066.87","24256.88","24003.53","24320.21","23940.19","24063.63","24118.27","23967.37","24214.53","23912.73","24365.43","23761.83","16424200.00","1365.00"
"Wed Jul 15 2026 14:45:00 GMT+0530 (India Standard Time)","24096.90","24099.90","24089.30","24089.30","24130.11","24193.39","24066.83","24256.68","24003.54","24319.96","23940.26","24063.63","24118.27","23967.37","24214.53","23912.73","24365.43","23761.83","16423485.00","6630.00"
"Wed Jul 15 2026 14:46:00 GMT+0530 (India Standard Time)","24089.30","24099.00","24089.30","24098.00","24130.09","24193.36","24066.82","24256.63","24003.55","24319.91","23940.27","24063.63","24118.27","23967.37","24214.53","23912.73","24365.43","23761.83","16424850.00","1495.00"
"Wed Jul 15 2026 14:47:00 GMT+0530 (India Standard Time)","24098.00","24098.00","24085.00","24085.00","24130.05","24193.30","24066.80","24256.55","24003.54","24319.81","23940.29","24063.63","24118.27","23967.37","24214.53","23912.73","24365.43","23761.83","16425435.00","2730.00"
"Wed Jul 15 2026 14:48:00 GMT+0530 (India Standard Time)","24085.00","24085.00","24072.00","24080.00","24130.01","24193.26","24066.77","24256.51","24003.52","24319.75","23940.28","24063.63","24118.27","23967.37","24214.53","23912.73","24365.43","23761.83","16419390.00","1755.00"
"Wed Jul 15 2026 14:49:00 GMT+0530 (India Standard Time)","24080.00","24084.80","24074.80","24075.10","24129.95","24193.19","24066.72","24256.42","24003.49","24319.65","23940.25","24063.63","24118.27","23967.37","24214.53","23912.73","24365.43","23761.83","16419780.00","3120.00"
"Wed Jul 15 2026 14:50:00 GMT+0530 (India Standard Time)","24075.10","24082.90","24070.00","24080.00","24129.90","24193.12","24066.68","24256.35","24003.45","24319.57","23940.23","24063.63","24118.27","23967.37","24214.53","23912.73","24365.43","23761.83","16419715.00","2730.00"
"Wed Jul 15 2026 14:51:00 GMT+0530 (India Standard Time)","24080.00","24080.00","24071.00","24072.00","24129.87","24193.09","24066.65","24256.31","24003.43","24319.53","23940.21","24063.63","24118.27","23967.37","24214.53","23912.73","24365.43","23761.83","16420300.00","1430.00"
"Wed Jul 15 2026 14:52:00 GMT+0530 (India Standard Time)","24072.00","24075.00","24065.00","24065.00","24129.80","24193.01","24066.58","24256.23","24003.36","24319.45","23940.15","24063.63","24118.27","23967.37","24214.53","23912.73","24365.43","23761.83","16415880.00","3120.00"
"Wed Jul 15 2026 14:53:00 GMT+0530 (India Standard Time)","24065.00","24075.00","24065.00","24065.80","24129.76","24192.98","24066.54","24256.19","24003.33","24319.41","23940.11","24063.63","24118.27","23967.37","24214.53","23912.73","24365.43","23761.83","16414320.00","1625.00"
"Wed Jul 15 2026 14:54:00 GMT+0530 (India Standard Time)","24070.00","24079.90","24066.00","24075.00","24129.70","24192.91","24066.49","24256.12","24003.28","24319.32","23940.07","24063.63","24118.27","23967.37","24214.53","23912.73","24365.43","23761.83","16412370.00","2925.00"
"Wed Jul 15 2026 14:55:00 GMT+0530 (India Standard Time)","24075.00","24079.00","24066.00","24066.00","24129.63","24192.83","24066.43","24256.04","24003.22","24319.24","23940.02","24063.63","24118.27","23967.37","24214.53","23912.73","24365.43","23761.83","16413605.00","3055.00"
"Wed Jul 15 2026 14:56:00 GMT+0530 (India Standard Time)","24066.00","24074.00","24066.00","24073.50","24129.61","24192.82","24066.41","24256.02","24003.21","24319.22","23940.00","24063.63","24118.27","23967.37","24214.53","23912.73","24365.43","23761.83","16413865.00","715.00"
"Wed Jul 15 2026 14:57:00 GMT+0530 (India Standard Time)","24073.50","24073.50","24068.00","24068.00","24129.55","24192.75","24066.35","24255.95","24003.15","24319.15","23939.95","24063.63","24118.27","23967.37","24214.53","23912.73","24365.43","23761.83","16414970.00","2925.00"
"Wed Jul 15 2026 14:58:00 GMT+0530 (India Standard Time)","24068.00","24074.00","24065.00","24069.50","24129.51","24192.71","24066.31","24255.91","24003.12","24319.10","23939.92","24063.63","24118.27","23967.37","24214.53","23912.73","24365.43","23761.83","16417180.00","1690.00"
"Wed Jul 15 2026 14:59:00 GMT+0530 (India Standard Time)","24069.50","24070.00","24055.30","24058.10","24129.31","24192.52","24066.10","24255.74","24002.88","24318.95","23939.67","24063.63","24118.27","23967.37","24214.53","23912.73","24365.43","23761.83","16419520.00","7865.00"
"Wed Jul 15 2026 15:00:00 GMT+0530 (India Standard Time)","24056.80","24083.40","24047.00","24064.50","24128.71","24191.94","24065.49","24255.16","24002.27","24318.38","23939.05","24063.63","24118.27","23967.37","24214.53","23912.73","24365.43","23761.83","16422705.00","25025.00"
"Wed Jul 15 2026 15:01:00 GMT+0530 (India Standard Time)","24064.50","24064.50","24054.50","24058.80","24128.58","24191.81","24065.35","24255.05","24002.11","24318.28","23938.88","24063.63","24118.27","23967.37","24214.53","23912.73","24365.43","23761.83","16423680.00","5265.00"
"Wed Jul 15 2026 15:02:00 GMT+0530 (India Standard Time)","24058.80","24063.50","24045.80","24051.00","24128.30","24191.58","24065.02","24254.86","24001.74","24318.14","23938.46","24063.63","24118.27","23967.37","24214.53","23912.73","24365.43","23761.83","16427580.00","10075.00"
"Wed Jul 15 2026 15:03:00 GMT+0530 (India Standard Time)","24051.00","24065.00","24051.00","24054.00","24128.13","24191.43","24064.83","24254.74","24001.53","24318.04","23938.23","24063.63","24118.27","23967.37","24214.53","23912.73","24365.43","23761.83","16429985.00","6435.00"
"Wed Jul 15 2026 15:04:00 GMT+0530 (India Standard Time)","24054.00","24065.00","24054.00","24060.70","24128.01","24191.32","24064.70","24254.63","24001.39","24317.94","23938.08","24063.63","24118.27","23967.37","24214.53","23912.73","24365.43","23761.83","16432130.00","4810.00"
"Wed Jul 15 2026 15:05:00 GMT+0530 (India Standard Time)","24060.70","24065.00","24060.00","24063.50","24127.94","24191.25","24064.63","24254.56","24001.31","24317.88","23938.00","24063.63","24118.27","23967.37","24214.53","23912.73","24365.43","23761.83","16434015.00","3055.00"
"Wed Jul 15 2026 15:06:00 GMT+0530 (India Standard Time)","24063.50","24068.80","24060.10","24068.00","24127.76","24191.07","24064.45","24254.38","24001.14","24317.69","23937.83","24063.63","24118.27","23967.37","24214.53","23912.73","24365.43","23761.83","16432780.00","7800.00"
"Wed Jul 15 2026 15:07:00 GMT+0530 (India Standard Time)","24068.00","24075.00","24062.60","24070.40","24127.68","24190.98","24064.37","24254.28","24001.07","24317.59","23937.77","24063.63","24118.27","23967.37","24214.53","23912.73","24365.43","23761.83","16425825.00","3965.00"
"Wed Jul 15 2026 15:08:00 GMT+0530 (India Standard Time)","24070.40","24075.00","24062.50","24065.00","24127.62","24190.92","24064.32","24254.22","24001.02","24317.52","23937.72","24063.63","24118.27","23967.37","24214.53","23912.73","24365.43","23761.83","16426410.00","2665.00"
"Wed Jul 15 2026 15:09:00 GMT+0530 (India Standard Time)","24065.00","24073.60","24062.00","24062.00","24127.58","24190.88","24064.28","24254.18","24000.98","24317.48","23937.68","24063.63","24118.27","23967.37","24214.53","23912.73","24365.43","23761.83","16426670.00","1625.00"
"Wed Jul 15 2026 15:10:00 GMT+0530 (India Standard Time)","24062.00","24070.50","24060.30","24064.80","24127.51","24190.81","24064.21","24254.11","24000.92","24317.41","23937.62","24063.63","24118.27","23967.37","24214.53","23912.73","24365.43","23761.83","16426865.00","3055.00"
"Wed Jul 15 2026 15:11:00 GMT+0530 (India Standard Time)","24064.80","24070.00","24061.60","24062.00","24127.44","24190.74","24064.14","24254.04","24000.85","24317.33","23937.55","24063.63","24118.27","23967.37","24214.53","23912.73","24365.43","23761.83","16427515.00","3120.00"
"Wed Jul 15 2026 15:12:00 GMT+0530 (India Standard Time)","24062.00","24073.50","24062.00","24062.50","24127.39","24190.68","24064.09","24253.98","24000.80","24317.28","23937.50","24063.63","24118.27","23967.37","24214.53","23912.73","24365.43","23761.83","16428685.00","2405.00"
"Wed Jul 15 2026 15:13:00 GMT+0530 (India Standard Time)","24062.50","24072.20","24062.50","24072.20","24127.32","24190.61","24064.03","24253.90","24000.74","24317.19","23937.45","24063.63","24118.27","23967.37","24214.53","23912.73","24365.43","23761.83","16428815.00","3315.00"
"Wed Jul 15 2026 15:14:00 GMT+0530 (India Standard Time)","24072.20","24078.00","24063.10","24078.00","24127.26","24190.54","24063.98","24253.82","24000.70","24317.10","23937.41","24063.63","24118.27","23967.37","24214.53","23912.73","24365.43","23761.83","16430960.00","2990.00"
"Wed Jul 15 2026 15:15:00 GMT+0530 (India Standard Time)","24070.00","24078.00","24063.00","24070.00","24127.15","24190.42","24063.88","24253.69","24000.61","24316.96","23937.34","24063.63","24118.27","23967.37","24214.53","23912.73","24365.43","23761.83","16430635.00","5135.00"
"Wed Jul 15 2026 15:16:00 GMT+0530 (India Standard Time)","24070.00","24070.00","24060.00","24060.00","24126.97","24190.24","24063.70","24253.51","24000.43","24316.79","23937.16","24063.63","24118.27","23967.37","24214.53","23912.73","24365.43","23761.83","16432065.00","7865.00"
"Wed Jul 15 2026 15:17:00 GMT+0530 (India Standard Time)","24060.00","24068.70","24060.00","24067.10","24126.91","24190.18","24063.64","24253.45","24000.37","24316.72","23937.10","24063.63","24118.27","23967.37","24214.53","23912.73","24365.43","23761.83","16432325.00","2795.00"
"Wed Jul 15 2026 15:18:00 GMT+0530 (India Standard Time)","24067.10","24069.50","24061.00","24065.10","24126.88","24190.15","24063.61","24253.42","24000.34","24316.69","23937.07","24063.63","24118.27","23967.37","24214.53","23912.73","24365.43","23761.83","16433040.00","1365.00"
"Wed Jul 15 2026 15:19:00 GMT+0530 (India Standard Time)","24065.10","24075.00","24065.10","24075.00","24126.79","24190.05","24063.53","24253.30","24000.28","24316.56","23937.02","24063.63","24118.27","23967.37","24214.53","23912.73","24365.43","23761.83","16432390.00","4485.00"
"Wed Jul 15 2026 15:20:00 GMT+0530 (India Standard Time)","24075.00","24079.90","24070.50","24078.80","24126.64","24189.86","24063.42","24253.08","24000.19","24316.30","23936.97","24063.63","24118.27","23967.37","24214.53","23912.73","24365.43","23761.83","16434080.00","8580.00"
"Wed Jul 15 2026 15:21:00 GMT+0530 (India Standard Time)","24078.80","24078.80","24070.40","24070.40","24126.48","24189.67","24063.28","24252.87","24000.09","24316.06","23936.90","24063.63","24118.27","23967.37","24214.53","23912.73","24365.43","23761.83","16433885.00","8320.00"
"Wed Jul 15 2026 15:22:00 GMT+0530 (India Standard Time)","24070.40","24072.90","24061.00","24066.90","24126.15","24189.32","24062.97","24252.49","23999.80","24315.67","23936.63","24063.63","24118.27","23967.37","24214.53","23912.73","24365.43","23761.83","16429270.00","15665.00"
"Wed Jul 15 2026 15:23:00 GMT+0530 (India Standard Time)","24066.90","24073.00","24065.30","24066.00","24125.97","24189.13","24062.81","24252.29","23999.65","24315.44","23936.50","24063.63","24118.27","23967.37","24214.53","23912.73","24365.43","23761.83","16429335.00","8580.00"
"Wed Jul 15 2026 15:24:00 GMT+0530 (India Standard Time)","24066.40","24074.80","24066.40","24073.90","24125.83","24188.97","24062.70","24252.11","23999.56","24315.24","23936.42","24063.63","24118.27","23967.37","24214.53","23912.73","24365.43","23761.83","16429270.00","7215.00"
"Wed Jul 15 2026 15:25:00 GMT+0530 (India Standard Time)","24073.90","24077.00","24071.90","24075.20","24125.70","24188.81","24062.59","24251.91","23999.48","24315.02","23936.37","24063.63","24118.27","23967.37","24214.53","23912.73","24365.43","23761.83","16429855.00","7475.00"
"Wed Jul 15 2026 15:26:00 GMT+0530 (India Standard Time)","24074.10","24079.90","24072.00","24077.00","24125.58","24188.66","24062.50","24251.74","23999.42","24314.82","23936.34","24063.63","24118.27","23967.37","24214.53","23912.73","24365.43","23761.83","16429660.00","6695.00"
"Wed Jul 15 2026 15:27:00 GMT+0530 (India Standard Time)","24072.10","24077.30","24071.60","24075.00","24125.18","24188.17","24062.19","24251.16","23999.20","24314.15","23936.20","24063.63","24118.27","23967.37","24214.53","23912.73","24365.43","23761.83","16434600.00","22685.00"
"Wed Jul 15 2026 15:28:00 GMT+0530 (India Standard Time)","24075.00","24075.90","24070.00","24074.00","24124.80","24187.72","24061.89","24250.64","23998.97","24313.55","23936.05","24063.63","24118.27","23967.37","24214.53","23912.73","24365.43","23761.83","16431350.00","20995.00"
"Wed Jul 15 2026 15:29:00 GMT+0530 (India Standard Time)","24072.00","24077.90","24071.00","24072.00","24124.58","24187.45","24061.71","24250.32","23998.84","24313.19","23935.97","24063.63","24118.27","23967.37","24214.53","23912.73","24365.43","23761.83","16429530.00","12610.00"
"Thu Jul 16 2026 09:15:00 GMT+0530 (India Standard Time)","24120.00","24148.00","24115.00","24127.90","24130.30","24130.30","24130.30","24130.30","24130.30","24130.30","24130.30","24097.77","24202.43","23967.33","24332.87","23862.67","24567.97","23627.57","16322735.00","32955.00"
"Thu Jul 16 2026 09:16:00 GMT+0530 (India Standard Time)","24127.90","24148.70","24127.90","24148.00","24134.90","24140.42","24129.37","24145.94","24123.85","24151.46","24118.33","24097.77","24202.43","23967.33","24332.87","23862.67","24567.97","23627.57","16314090.00","22815.00"
"Thu Jul 16 2026 09:17:00 GMT+0530 (India Standard Time)","24148.00","24168.00","24147.70","24155.10","24143.77","24155.39","24132.15","24167.01","24120.53","24178.63","24108.91","24097.77","24202.43","23967.33","24332.87","23862.67","24567.97","23627.57","16314090.00","37570.00"
"Thu Jul 16 2026 09:18:00 GMT+0530 (India Standard Time)","24155.10","24174.00","24155.10","24169.90","24153.27","24167.49","24139.04","24181.71","24124.82","24195.94","24110.59","24097.77","24202.43","23967.33","24332.87","23862.67","24567.97","23627.57","16308175.00","67860.00"
"Thu Jul 16 2026 09:19:00 GMT+0530 (India Standard Time)","24169.90","24180.00","24169.60","24178.00","24158.11","24173.76","24142.46","24189.41","24126.80","24205.06","24111.15","24097.77","24202.43","23967.33","24332.87","23862.67","24567.97","23627.57","16301025.00","43940.00"
"Thu Jul 16 2026 09:20:00 GMT+0530 (India Standard Time)","24178.00","24191.30","24167.80","24169.70","24161.00","24176.81","24145.19","24192.63","24129.37","24208.44","24113.56","24097.77","24202.43","23967.33","24332.87","23862.67","24567.97","23627.57","16293095.00","38870.00"
"Thu Jul 16 2026 09:21:00 GMT+0530 (India Standard Time)","24169.70","24169.70","24150.00","24150.00","24160.68","24175.96","24145.40","24191.24","24130.12","24206.52","24114.84","24097.77","24202.43","23967.33","24332.87","23862.67","24567.97","23627.57","16291730.00","18850.00"
"Thu Jul 16 2026 09:22:00 GMT+0530 (India Standard Time)","24150.00","24166.00","24149.50","24160.50","24160.60","24175.59","24145.62","24190.58","24130.63","24205.57","24115.64","24097.77","24202.43","23967.33","24332.87","23862.67","24567.97","23627.57","16297385.00","10465.00"
"Thu Jul 16 2026 09:23:00 GMT+0530 (India Standard Time)","24160.50","24166.00","24160.00","24162.40","24160.70","24175.36","24146.04","24190.03","24131.37","24204.69","24116.71","24097.77","24202.43","23967.33","24332.87","23862.67","24567.97","23627.57","16287245.00","12545.00"
"Thu Jul 16 2026 09:24:00 GMT+0530 (India Standard Time)","24162.40","24165.50","24160.00","24164.30","24160.82","24175.15","24146.50","24189.47","24132.18","24203.79","24117.86","24097.77","24202.43","23967.33","24332.87","23862.67","24567.97","23627.57","16291275.00","14235.00"
"Thu Jul 16 2026 09:25:00 GMT+0530 (India Standard Time)","24164.30","24170.00","24152.80","24152.80","24160.70","24174.62","24146.77","24188.55","24132.84","24202.48","24118.91","24097.77","24202.43","23967.33","24332.87","23862.67","24567.97","23627.57","16298880.00","17680.00"
"Thu Jul 16 2026 09:26:00 GMT+0530 (India Standard Time)","24152.80","24164.00","24152.80","24158.20","24160.65","24174.46","24146.85","24188.26","24133.04","24202.06","24119.24","24097.77","24202.43","23967.33","24332.87","23862.67","24567.97","23627.57","16281070.00","5915.00"
"Thu Jul 16 2026 09:27:00 GMT+0530 (India Standard Time)","24158.20","24164.00","24150.70","24152.60","24160.53","24174.18","24146.88","24187.83","24133.23","24201.47","24119.58","24097.77","24202.43","23967.33","24332.87","23862.67","24567.97","23627.57","16282825.00","8450.00"
"Thu Jul 16 2026 09:28:00 GMT+0530 (India Standard Time)","24152.60","24155.10","24142.00","24146.60","24160.34","24173.97","24146.70","24187.60","24133.07","24201.23","24119.44","24097.77","24202.43","23967.33","24332.87","23862.67","24567.97","23627.57","16286920.00","5135.00"
"Thu Jul 16 2026 09:29:00 GMT+0530 (India Standard Time)","24146.00","24154.90","24135.10","24150.10","24159.92","24173.55","24146.30","24187.18","24132.67","24200.80","24119.04","24097.77","24202.43","23967.33","24332.87","23862.67","24567.97","23627.57","16288935.00","10530.00"
"Thu Jul 16 2026 09:30:00 GMT+0530 (India Standard Time)","24150.10","24167.10","24150.10","24164.00","24159.95","24173.18","24146.72","24186.41","24133.49","24199.64","24120.26","24097.77","24202.43","23967.33","24332.87","23862.67","24567.97","23627.57","16252730.00","21190.00"
"Thu Jul 16 2026 09:31:00 GMT+0530 (India Standard Time)","24164.00","24164.00","24151.60","24155.10","24159.84","24172.83","24146.84","24185.83","24133.84","24198.83","24120.85","24097.77","24202.43","23967.33","24332.87","23862.67","24567.97","23627.57","16253315.00","14105.00"
"Thu Jul 16 2026 09:32:00 GMT+0530 (India Standard Time)","24159.00","24160.00","24155.00","24157.20","24159.77","24172.60","24146.94","24185.43","24134.11","24198.26","24121.28","24097.77","24202.43","23967.33","24332.87","23862.67","24567.97","23627.57","16252665.00","10400.00"
"Thu Jul 16 2026 09:33:00 GMT+0530 (India Standard Time)","24157.20","24159.40","24146.00","24149.00","24159.52","24172.24","24146.81","24184.95","24134.09","24197.67","24121.38","24097.77","24202.43","23967.33","24332.87","23862.67","24567.97","23627.57","16250650.00","12155.00"
"Thu Jul 16 2026 09:34:00 GMT+0530 (India Standard Time)","24149.00","24150.00","24131.00","24140.00","24159.18","24172.04","24146.33","24184.89","24133.47","24197.75","24120.62","24097.77","24202.43","23967.33","24332.87","23862.67","24567.97","23627.57","16254095.00","7345.00"
"Thu Jul 16 2026 09:35:00 GMT+0530 (India Standard Time)","24140.00","24140.00","24132.00","24138.70","24158.80","24171.87","24145.73","24184.94","24132.66","24198.01","24119.60","24097.77","24202.43","23967.33","24332.87","23862.67","24567.97","23627.57","16241550.00","7215.00"
"Thu Jul 16 2026 09:36:00 GMT+0530 (India Standard Time)","24138.70","24139.60","24121.90","24123.30","24157.79","24171.75","24143.83","24185.71","24129.87","24199.68","24115.91","24097.77","24202.43","23967.33","24332.87","23862.67","24567.97","23627.57","16244410.00","14365.00"
"Thu Jul 16 2026 09:37:00 GMT+0530 (India Standard Time)","24123.30","24144.90","24123.30","24138.70","24157.12","24171.39","24142.86","24185.65","24128.60","24199.91","24114.34","24097.77","24202.43","23967.33","24332.87","23862.67","24567.97","23627.57","16236220.00","13520.00"
"Thu Jul 16 2026 09:38:00 GMT+0530 (India Standard Time)","24138.70","24139.70","24125.50","24131.50","24156.61","24171.16","24142.06","24185.71","24127.52","24200.26","24112.97","24097.77","24202.43","23967.33","24332.87","23862.67","24567.97","23627.57","16239470.00","9360.00"
"Thu Jul 16 2026 09:39:00 GMT+0530 (India Standard Time)","24131.50","24137.30","24125.00","24130.50","24156.24","24171.00","24141.47","24185.77","24126.70","24200.54","24111.93","24097.77","24202.43","23967.33","24332.87","23862.67","24567.97","23627.57","16238950.00","6825.00"
"Thu Jul 16 2026 09:40:00 GMT+0530 (India Standard Time)","24130.50","24137.00","24124.30","24128.70","24155.70","24170.78","24140.62","24185.86","24125.55","24200.94","24110.47","24097.77","24202.43","23967.33","24332.87","23862.67","24567.97","23627.57","16222310.00","9620.00"
"Thu Jul 16 2026 09:41:00 GMT+0530 (India Standard Time)","24128.70","24144.90","24128.60","24131.10","24154.86","24170.19","24139.53","24185.52","24124.20","24200.85","24108.87","24097.77","24202.43","23967.33","24332.87","23862.67","24567.97","23627.57","16226340.00","20020.00"
"Thu Jul 16 2026 09:42:00 GMT+0530 (India Standard Time)","24131.10","24155.00","24131.10","24145.10","24154.74","24170.03","24139.45","24185.32","24124.16","24200.61","24108.87","24097.77","24202.43","23967.33","24332.87","23862.67","24567.97","23627.57","16239990.00","5460.00"
"Thu Jul 16 2026 09:43:00 GMT+0530 (India Standard Time)","24145.10","24162.70","24145.10","24160.00","24154.76","24169.92","24139.59","24185.08","24124.43","24200.25","24109.27","24097.77","24202.43","23967.33","24332.87","23862.67","24567.97","23627.57","16221985.00","8515.00"
"Thu Jul 16 2026 09:44:00 GMT+0530 (India Standard Time)","24160.00","24163.00","24146.10","24155.00","24154.76","24169.82","24139.70","24184.87","24124.64","24199.93","24109.58","24097.77","24202.43","23967.33","24332.87","23862.67","24567.97","23627.57","16225820.00","7020.00"
"Thu Jul 16 2026 09:45:00 GMT+0530 (India Standard Time)","24155.00","24164.00","24152.00","24162.00","24154.94","24169.72","24140.16","24184.50","24125.38","24199.28","24110.60","24097.77","24202.43","23967.33","24332.87","23862.67","24567.97","23627.57","16219905.00","21645.00"
"Thu Jul 16 2026 09:46:00 GMT+0530 (India Standard Time)","24162.00","24162.10","24155.00","24158.60","24154.96","24169.70","24140.23","24184.44","24125.49","24199.17","24110.75","24097.77","24202.43","23967.33","24332.87","23862.67","24567.97","23627.57","16218540.00","3315.00"
"Thu Jul 16 2026 09:47:00 GMT+0530 (India Standard Time)","24158.60","24164.00","24154.90","24157.10","24155.04","24169.63","24140.45","24184.22","24125.86","24198.81","24111.27","24097.77","24202.43","23967.33","24332.87","23862.67","24567.97","23627.57","16220555.00","11570.00"
"Thu Jul 16 2026 09:48:00 GMT+0530 (India Standard Time)","24157.10","24157.10","24150.10","24150.20","24155.03","24169.58","24140.47","24184.14","24125.92","24198.69","24111.36","24097.77","24202.43","23967.33","24332.87","23862.67","24567.97","23627.57","16223415.00","2795.00"
"Thu Jul 16 2026 09:49:00 GMT+0530 (India Standard Time)","24150.20","24151.90","24142.00","24142.50","24154.89","24169.39","24140.40","24183.89","24125.90","24198.38","24111.40","24097.77","24202.43","23967.33","24332.87","23862.67","24567.97","23627.57","16215095.00","7930.00"
"Thu Jul 16 2026 09:50:00 GMT+0530 (India Standard Time)","24143.00","24145.70","24142.00","24143.80","24154.69","24169.12","24140.25","24183.56","24125.81","24198.00","24111.37","24097.77","24202.43","23967.33","24332.87","23862.67","24567.97","23627.57","16202875.00","10790.00"
"Thu Jul 16 2026 09:51:00 GMT+0530 (India Standard Time)","24143.80","24147.60","24135.60","24139.40","24154.45","24168.88","24140.03","24183.30","24125.60","24197.73","24111.18","24097.77","24202.43","23967.33","24332.87","23862.67","24567.97","23627.57","16202355.00","9815.00"
"Thu Jul 16 2026 09:52:00 GMT+0530 (India Standard Time)","24139.40","24140.00","24135.00","24135.10","24154.41","24168.85","24139.98","24183.28","24125.54","24197.71","24111.11","24097.77","24202.43","23967.33","24332.87","23862.67","24567.97","23627.57","16200145.00","1365.00"
"Thu Jul 16 2026 09:53:00 GMT+0530 (India Standard Time)","24135.10","24141.70","24133.30","24141.70","24154.23","24168.67","24139.78","24183.12","24125.33","24197.57","24110.89","24097.77","24202.43","23967.33","24332.87","23862.67","24567.97","23627.57","16200080.00","7020.00"
"Thu Jul 16 2026 09:54:00 GMT+0530 (India Standard Time)","24141.70","24147.00","24136.00","24147.00","24154.20","24168.64","24139.76","24183.07","24125.32","24197.51","24110.88","24097.77","24202.43","23967.33","24332.87","23862.67","24567.97","23627.57","16193450.00","1560.00"
"Thu Jul 16 2026 09:55:00 GMT+0530 (India Standard Time)","24147.00","24160.00","24141.00","24160.00","24154.19","24168.54","24139.84","24182.89","24125.50","24197.23","24111.15","24097.77","24202.43","23967.33","24332.87","23862.67","24567.97","23627.57","16194295.00","7540.00"
"Thu Jul 16 2026 09:56:00 GMT+0530 (India Standard Time)","24160.00","24164.00","24150.00","24151.50","24154.20","24168.46","24139.95","24182.72","24125.69","24196.97","24111.43","24097.77","24202.43","23967.33","24332.87","23862.67","24567.97","23627.57","16194620.00","7670.00"
"Thu Jul 16 2026 09:57:00 GMT+0530 (India Standard Time)","24151.50","24163.60","24150.20","24163.50","24154.27","24168.44","24140.11","24182.61","24125.94","24196.77","24111.77","24097.77","24202.43","23967.33","24332.87","23862.67","24567.97","23627.57","16194425.00","8775.00"
"Thu Jul 16 2026 09:58:00 GMT+0530 (India Standard Time)","24163.50","24165.00","24153.50","24165.00","24154.35","24168.46","24140.25","24182.56","24126.14","24196.67","24112.03","24097.77","24202.43","23967.33","24332.87","23862.67","24567.97","23627.57","16194035.00","7020.00"
"Thu Jul 16 2026 09:59:00 GMT+0530 (India Standard Time)","24165.00","24165.00","24153.80","24155.00","24154.37","24168.44","24140.31","24182.50","24126.24","24196.57","24112.18","24097.77","24202.43","23967.33","24332.87","23862.67","24567.97","23627.57","16188315.00","3835.00"
"Thu Jul 16 2026 10:00:00 GMT+0530 (India Standard Time)","24155.00","24155.00","24146.20","24150.00","24154.35","24168.38","24140.32","24182.42","24126.29","24196.45","24112.26","24097.77","24202.43","23967.33","24332.87","23862.67","24567.97","23627.57","16173170.00","3250.00"
"Thu Jul 16 2026 10:01:00 GMT+0530 (India Standard Time)","24150.00","24154.80","24146.40","24148.10","24154.33","24168.34","24140.33","24182.34","24126.32","24196.35","24112.32","24097.77","24202.43","23967.33","24332.87","23862.67","24567.97","23627.57","16173430.00","2730.00"
"Thu Jul 16 2026 10:02:00 GMT+0530 (India Standard Time)","24148.10","24160.00","24148.10","24150.40","24154.32","24168.29","24140.36","24182.25","24126.40","24196.21","24112.44","24097.77","24202.43","23967.33","24332.87","23862.67","24567.97","23627.57","16172845.00","3900.00"
"Thu Jul 16 2026 10:03:00 GMT+0530 (India Standard Time)","24150.40","24159.00","24143.80","24150.40","24154.31","24168.24","24140.38","24182.17","24126.45","24196.10","24112.51","24097.77","24202.43","23967.33","24332.87","23862.67","24567.97","23627.57","16172390.00","3055.00"
"Thu Jul 16 2026 10:04:00 GMT+0530 (India Standard Time)","24150.40","24155.00","24150.10","24153.00","24154.30","24168.21","24140.39","24182.12","24126.48","24196.03","24112.57","24097.77","24202.43","23967.33","24332.87","23862.67","24567.97","23627.57","16172260.00","2015.00"
"Thu Jul 16 2026 10:05:00 GMT+0530 (India Standard Time)","24153.00","24153.00","24140.00","24140.90","24154.25","24168.13","24140.36","24182.02","24126.47","24195.91","24112.58","24097.77","24202.43","23967.33","24332.87","23862.67","24567.97","23627.57","16165370.00","3835.00"
"Thu Jul 16 2026 10:06:00 GMT+0530 (India Standard Time)","24140.90","24149.30","24140.00","24149.00","24154.22","24168.10","24140.35","24181.98","24126.47","24195.85","24112.60","24097.77","24202.43","23967.33","24332.87","23862.67","24567.97","23627.57","16165240.00","1690.00"
"Thu Jul 16 2026 10:07:00 GMT+0530 (India Standard Time)","24149.00","24149.00","24138.70","24144.60","24154.16","24168.02","24140.31","24181.87","24126.45","24195.73","24112.59","24097.77","24202.43","23967.33","24332.87","23862.67","24567.97","23627.57","16165305.00","4095.00"
"Thu Jul 16 2026 10:08:00 GMT+0530 (India Standard Time)","24144.60","24149.00","24140.50","24149.00","24154.14","24167.98","24140.30","24181.83","24126.45","24195.67","24112.61","24097.77","24202.43","23967.33","24332.87","23862.67","24567.97","23627.57","16161860.00","1755.00"
"Thu Jul 16 2026 10:09:00 GMT+0530 (India Standard Time)","24149.00","24149.00","24141.00","24141.00","24154.11","24167.95","24140.28","24181.78","24126.44","24195.62","24112.61","24097.77","24202.43","23967.33","24332.87","23862.67","24567.97","23627.57","16157960.00","1755.00"
"Thu Jul 16 2026 10:10:00 GMT+0530 (India Standard Time)","24141.00","24150.00","24136.00","24143.70","24154.04","24167.86","24140.23","24181.68","24126.41","24195.50","24112.59","24097.77","24202.43","23967.33","24332.87","23862.67","24567.97","23627.57","16157960.00","4095.00"
"Thu Jul 16 2026 10:11:00 GMT+0530 (India Standard Time)","24143.70","24143.70","24136.50","24140.00","24154.03","24167.85","24140.21","24181.66","24126.39","24195.48","24112.57","24097.77","24202.43","23967.33","24332.87","23862.67","24567.97","23627.57","16157310.00","780.00"
"Thu Jul 16 2026 10:12:00 GMT+0530 (India Standard Time)","24140.00","24144.10","24135.60","24141.70","24153.92","24167.73","24140.10","24181.55","24126.29","24195.37","24112.47","24097.77","24202.43","23967.33","24332.87","23862.67","24567.97","23627.57","16157050.00","5330.00"
"Thu Jul 16 2026 10:13:00 GMT+0530 (India Standard Time)","24141.70","24145.00","24136.00","24136.00","24153.86","24167.68","24140.04","24181.50","24126.22","24195.32","24112.40","24097.77","24202.43","23967.33","24332.87","23862.67","24567.97","23627.57","16153410.00","2470.00"
"Thu Jul 16 2026 10:14:00 GMT+0530 (India Standard Time)","24136.00","24148.00","24136.00","24148.00","24153.85","24167.67","24140.04","24181.49","24126.22","24195.30","24112.40","24097.77","24202.43","23967.33","24332.87","23862.67","24567.97","23627.57","16154060.00","715.00"
"Thu Jul 16 2026 10:15:00 GMT+0530 (India Standard Time)","24148.00","24150.00","24136.20","24143.20","24153.81","24167.61","24140.00","24181.42","24126.20","24195.23","24112.39","24097.77","24202.43","23967.33","24332.87","23862.67","24567.97","23627.57","16152370.00","2730.00"
"Thu Jul 16 2026 10:16:00 GMT+0530 (India Standard Time)","24143.20","24155.00","24143.20","24153.00","24153.79","24167.55","24140.02","24181.32","24126.26","24195.09","24112.49","24097.77","24202.43","23967.33","24332.87","23862.67","24567.97","23627.57","16152305.00","4160.00"
"Thu Jul 16 2026 10:17:00 GMT+0530 (India Standard Time)","24153.00","24156.90","24144.40","24155.00","24153.76","24167.39","24140.12","24181.02","24126.49","24194.65","24112.86","24097.77","24202.43","23967.33","24332.87","23862.67","24567.97","23627.57","16152045.00","13585.00"
"Thu Jul 16 2026 10:18:00 GMT+0530 (India Standard Time)","24147.70","24154.30","24145.00","24154.00","24153.75","24167.37","24140.13","24180.99","24126.51","24194.61","24112.89","24097.77","24202.43","23967.33","24332.87","23862.67","24567.97","23627.57","16143595.00","1235.00"
"Thu Jul 16 2026 10:19:00 GMT+0530 (India Standard Time)","24154.00","24155.00","24146.20","24149.40","24153.74","24167.35","24140.14","24180.95","24126.53","24194.55","24112.93","24097.77","24202.43","23967.33","24332.87","23862.67","24567.97","23627.57","16134495.00","1690.00"
"Thu Jul 16 2026 10:20:00 GMT+0530 (India Standard Time)","24149.00","24153.80","24143.10","24147.50","24153.72","24167.31","24140.14","24180.89","24126.55","24194.47","24112.97","24097.77","24202.43","23967.33","24332.87","23862.67","24567.97","23627.57","16134365.00","2470.00"
"Thu Jul 16 2026 10:21:00 GMT+0530 (India Standard Time)","24147.50","24147.50","24144.00","24147.00","24153.71","24167.29","24140.14","24180.87","24126.56","24194.45","24112.98","24097.77","24202.43","23967.33","24332.87","23862.67","24567.97","23627.57","16134430.00","650.00"
"Thu Jul 16 2026 10:22:00 GMT+0530 (India Standard Time)","24147.00","24151.40","24144.90","24150.10","24153.71","24167.27","24140.14","24180.84","24126.57","24194.41","24113.00","24097.77","24202.43","23967.33","24332.87","23862.67","24567.97","23627.57","16134495.00","1300.00"
"Thu Jul 16 2026 10:23:00 GMT+0530 (India Standard Time)","24150.10","24150.10","24145.00","24145.80","24153.68","24167.23","24140.13","24180.78","24126.58","24194.33","24113.03","24097.77","24202.43","23967.33","24332.87","23862.67","24567.97","23627.57","16134300.00","2665.00"
"Thu Jul 16 2026 10:24:00 GMT+0530 (India Standard Time)","24145.80","24152.40","24138.60","24144.00","24153.64","24167.17","24140.11","24180.70","24126.58","24194.24","24113.05","24097.77","24202.43","23967.33","24332.87","23862.67","24567.97","23627.57","16130855.00","3120.00"
"Thu Jul 16 2026 10:25:00 GMT+0530 (India Standard Time)","24144.00","24152.50","24138.00","24142.00","24153.60","24167.11","24140.08","24180.63","24126.57","24194.14","24113.05","24097.77","24202.43","23967.33","24332.87","23862.67","24567.97","23627.57","16129490.00","3315.00"
"Thu Jul 16 2026 10:26:00 GMT+0530 (India Standard Time)","24142.00","24146.80","24135.00","24135.00","24153.55","24167.07","24140.03","24180.59","24126.51","24194.10","24112.99","24097.77","24202.43","23967.33","24332.87","23862.67","24567.97","23627.57","16130400.00","2405.00"
"Thu Jul 16 2026 10:27:00 GMT+0530 (India Standard Time)","24135.00","24136.90","24125.00","24129.60","24153.32","24166.96","24139.68","24180.61","24126.04","24194.25","24112.40","24097.77","24202.43","23967.33","24332.87","23862.67","24567.97","23627.57","16130920.00","6955.00"
"Thu Jul 16 2026 10:28:00 GMT+0530 (India Standard Time)","24129.60","24146.60","24124.60","24146.60","24153.00","24166.65","24139.36","24180.30","24125.71","24193.95","24112.06","24097.77","24202.43","23967.33","24332.87","23862.67","24567.97","23627.57","16129555.00","16640.00"
"Thu Jul 16 2026 10:29:00 GMT+0530 (India Standard Time)","24146.60","24149.50","24135.80","24148.70","24152.84","24166.41","24139.28","24179.97","24125.71","24193.54","24112.15","24097.77","24202.43","23967.33","24332.87","23862.67","24567.97","23627.57","16131960.00","14365.00"
"Thu Jul 16 2026 10:30:00 GMT+0530 (India Standard Time)","24148.70","24148.70","24135.10","24145.00","24152.44","24165.87","24139.01","24179.30","24125.58","24192.73","24112.15","24097.77","24202.43","23967.33","24332.87","23862.67","24567.97","23627.57","16136055.00","31395.00"
"Thu Jul 16 2026 10:31:00 GMT+0530 (India Standard Time)","24145.00","24149.80","24143.00","24149.40","24152.23","24165.41","24139.05","24178.59","24125.87","24191.77","24112.69","24097.77","24202.43","23967.33","24332.87","23862.67","24567.97","23627.57","16140930.00","34710.00"
"Thu Jul 16 2026 10:32:00 GMT+0530 (India Standard Time)","24149.40","24149.40","24135.80","24146.90","24152.21","24165.38","24139.04","24178.54","24125.87","24191.71","24112.70","24097.77","24202.43","23967.33","24332.87","23862.67","24567.97","23627.57","16144505.00","2080.00"
"Thu Jul 16 2026 10:33:00 GMT+0530 (India Standard Time)","24146.90","24146.90","24144.70","24145.70","24152.18","24165.33","24139.03","24178.47","24125.88","24191.62","24112.74","24097.77","24202.43","23967.33","24332.87","23862.67","24567.97","23627.57","16145350.00","3575.00"
"Thu Jul 16 2026 10:34:00 GMT+0530 (India Standard Time)","24145.70","24147.60","24140.00","24145.00","24152.02","24165.08","24138.95","24178.14","24125.89","24191.20","24112.83","24097.77","24202.43","23967.33","24332.87","23862.67","24567.97","23627.57","16145090.00","17030.00"
"Thu Jul 16 2026 10:35:00 GMT+0530 (India Standard Time)","24145.00","24145.20","24135.00","24135.00","24151.08","24164.15","24138.01","24177.21","24124.95","24190.28","24111.88","24097.77","24202.43","23967.33","24332.87","23862.67","24567.97","23627.57","16154450.00","61685.00"
"Thu Jul 16 2026 10:36:00 GMT+0530 (India Standard Time)","24135.00","24145.00","24135.00","24137.40","24150.71","24163.73","24137.68","24176.76","24124.65","24189.79","24111.62","24097.77","24202.43","23967.33","24332.87","23862.67","24567.97","23627.57","16168425.00","28990.00"
"Thu Jul 16 2026 10:37:00 GMT+0530 (India Standard Time)","24137.40","24145.00","24137.40","24145.00","24150.32","24163.15","24137.48","24175.99","24124.64","24188.83","24111.81","24097.77","24202.43","23967.33","24332.87","23862.67","24567.97","23627.57","16134040.00","45630.00"
"Thu Jul 16 2026 10:38:00 GMT+0530 (India Standard Time)","24145.00","24145.00","24134.00","24145.00","24149.70","24162.29","24137.10","24174.88","24124.51","24187.47","24111.92","24097.77","24202.43","23967.33","24332.87","23862.67","24567.97","23627.57","16161665.00","72345.00"
"Thu Jul 16 2026 10:39:00 GMT+0530 (India Standard Time)","24145.00","24146.00","24138.00","24144.80","24149.34","24161.69","24136.99","24174.04","24124.64","24186.39","24112.29","24097.77","24202.43","23967.33","24332.87","23862.67","24567.97","23627.57","16168490.00","57590.00"
"Thu Jul 16 2026 10:40:00 GMT+0530 (India Standard Time)","24144.80","24145.00","24136.60","24136.80","24149.33","24161.68","24136.98","24174.03","24124.63","24186.38","24112.29","24097.77","24202.43","23967.33","24332.87","23862.67","24567.97","23627.57","16169985.00","1040.00"
"Thu Jul 16 2026 10:41:00 GMT+0530 (India Standard Time)","24144.00","24150.00","24144.00","24150.00","24149.33","24161.67","24136.99","24174.00","24124.66","24186.34","24112.32","24097.77","24202.43","23967.33","24332.87","23862.67","24567.97","23627.57","16168750.00","2405.00"
"Thu Jul 16 2026 10:42:00 GMT+0530 (India Standard Time)","24150.00","24155.90","24150.00","24150.00","24149.35","24161.64","24137.05","24173.94","24124.76","24186.23","24112.47","24097.77","24202.43","23967.33","24332.87","23862.67","24567.97","23627.57","16107520.00","7930.00"
"Thu Jul 16 2026 10:43:00 GMT+0530 (India Standard Time)","24150.00","24153.90","24150.00","24153.90","24149.35","24161.64","24137.06","24173.93","24124.78","24186.21","24112.49","24097.77","24202.43","23967.33","24332.87","23862.67","24567.97","23627.57","16107585.00","1235.00"
"Thu Jul 16 2026 10:44:00 GMT+0530 (India Standard Time)","24153.90","24153.90","24150.10","24153.90","24149.36","24161.63","24137.09","24173.91","24124.81","24186.18","24112.54","24097.77","24202.43","23967.33","24332.87","23862.67","24567.97","23627.57","16105570.00","2730.00"
"Thu Jul 16 2026 10:45:00 GMT+0530 (India Standard Time)","24153.90","24160.00","24151.00","24156.50","24149.42","24161.65","24137.19","24173.88","24124.96","24186.12","24112.72","24097.77","24202.43","23967.33","24332.87","23862.67","24567.97","23627.57","16104075.00","10400.00"
"Thu Jul 16 2026 10:46:00 GMT+0530 (India Standard Time)","24156.50","24167.00","24150.10","24167.00","24149.49","24161.72","24137.26","24173.95","24125.03","24186.18","24112.80","24097.77","24202.43","23967.33","24332.87","23862.67","24567.97","23627.57","16105505.00","6370.00"
"Thu Jul 16 2026 10:47:00 GMT+0530 (India Standard Time)","24167.30","24174.00","24163.20","24170.40","24149.71","24162.05","24137.37","24174.39","24125.03","24186.73","24112.69","24097.77","24202.43","23967.33","24332.87","23862.67","24567.97","23627.57","15820805.00","13130.00"
"Thu Jul 16 2026 10:48:00 GMT+0530 (India Standard Time)","24170.50","24175.90","24170.20","24175.00","24149.92","24162.40","24137.43","24174.88","24124.95","24187.36","24112.47","24097.77","24202.43","23967.33","24332.87","23862.67","24567.97","23627.57","15815475.00","9815.00"
"Thu Jul 16 2026 10:49:00 GMT+0530 (India Standard Time)","24175.00","24178.00","24173.00","24175.50","24150.05","24162.64","24137.47","24175.23","24124.88","24187.82","24112.29","24097.77","24202.43","23967.33","24332.87","23862.67","24567.97","23627.57","15812745.00","6305.00"
"Thu Jul 16 2026 10:50:00 GMT+0530 (India Standard Time)","24175.50","24189.00","24173.10","24185.20","24150.98","24164.52","24137.45","24178.05","24123.92","24191.58","24110.38","24097.77","24202.43","23967.33","24332.87","23862.67","24567.97","23627.57","15806895.00","34320.00"
"Thu Jul 16 2026 10:51:00 GMT+0530 (India Standard Time)","24185.20","24188.00","24173.00","24180.10","24151.10","24164.74","24137.47","24178.37","24123.83","24192.01","24110.20","24097.77","24202.43","23967.33","24332.87","23862.67","24567.97","23627.57","15808780.00","4875.00"
"Thu Jul 16 2026 10:52:00 GMT+0530 (India Standard Time)","24180.10","24185.00","24180.10","24185.00","24151.23","24164.98","24137.47","24178.73","24123.72","24192.49","24109.97","24097.77","24202.43","23967.33","24332.87","23862.67","24567.97","23627.57","15801955.00","4615.00"
"Thu Jul 16 2026 10:53:00 GMT+0530 (India Standard Time)","24185.00","24189.00","24182.10","24189.00","24151.43","24165.41","24137.46","24179.38","24123.48","24193.36","24109.51","24097.77","24202.43","23967.33","24332.87","23862.67","24567.97","23627.57","15801565.00","7020.00"
"Thu Jul 16 2026 10:54:00 GMT+0530 (India Standard Time)","24189.00","24189.00","24183.00","24184.20","24151.67","24165.89","24137.46","24180.10","24123.24","24194.32","24109.03","24097.77","24202.43","23967.33","24332.87","23862.67","24567.97","23627.57","15796105.00","8710.00"
"Thu Jul 16 2026 10:55:00 GMT+0530 (India Standard Time)","24184.20","24190.00","24183.00","24188.00","24152.09","24166.72","24137.45","24181.36","24122.82","24196.00","24108.18","24097.77","24202.43","23967.33","24332.87","23862.67","24567.97","23627.57","15792985.00","14560.00"
"Thu Jul 16 2026 10:56:00 GMT+0530 (India Standard Time)","24188.00","24198.00","24188.00","24194.00","24152.75","24168.16","24137.34","24183.57","24121.92","24198.98","24106.51","24097.77","24202.43","23967.33","24332.87","23862.67","24567.97","23627.57","15787655.00","20085.00"
"Thu Jul 16 2026 10:57:00 GMT+0530 (India Standard Time)","24194.00","24199.00","24189.00","24196.00","24153.01","24168.72","24137.30","24184.43","24121.58","24200.14","24105.87","24097.77","24202.43","23967.33","24332.87","23862.67","24567.97","23627.57","15777515.00","7800.00"
"Thu Jul 16 2026 10:58:00 GMT+0530 (India Standard Time)","24196.00","24198.00","24193.00","24195.00","24153.21","24169.15","24137.27","24185.08","24121.33","24201.02","24105.39","24097.77","24202.43","23967.33","24332.87","23862.67","24567.97","23627.57","15776670.00","5980.00"
"Thu Jul 16 2026 10:59:00 GMT+0530 (India Standard Time)","24195.00","24199.00","24190.00","24197.80","24153.98","24170.77","24137.20","24187.56","24120.41","24204.35","24103.62","24097.77","24202.43","23967.33","24332.87","23862.67","24567.97","23627.57","15777255.00","23790.00"
"Thu Jul 16 2026 11:00:00 GMT+0530 (India Standard Time)","24197.80","24220.00","24197.80","24220.00","24156.77","24177.35","24136.18","24197.94","24115.60","24218.52","24095.01","24097.77","24202.43","23967.33","24332.87","23862.67","24567.97","23627.57","15779465.00","64480.00"
"Thu Jul 16 2026 11:01:00 GMT+0530 (India Standard Time)","24217.00","24219.80","24203.00","24214.00","24157.23","24178.35","24136.12","24199.46","24115.00","24220.58","24093.89","24097.77","24202.43","23967.33","24332.87","23862.67","24567.97","23627.57","15777905.00","11505.00"
"Thu Jul 16 2026 11:02:00 GMT+0530 (India Standard Time)","24215.00","24220.00","24200.00","24201.00","24157.85","24179.55","24136.16","24201.25","24114.46","24222.94","24092.76","24097.77","24202.43","23967.33","24332.87","23862.67","24567.97","23627.57","15769975.00","17290.00"
"Thu Jul 16 2026 11:03:00 GMT+0530 (India Standard Time)","24201.00","24214.90","24199.00","24205.00","24158.43","24180.63","24136.23","24202.82","24114.03","24225.02","24091.84","24097.77","24202.43","23967.33","24332.87","23862.67","24567.97","23627.57","15771730.00","16705.00"
"Thu Jul 16 2026 11:04:00 GMT+0530 (India Standard Time)","24205.00","24205.00","24197.10","24200.00","24158.66","24181.01","24136.30","24203.37","24113.95","24225.72","24091.60","24097.77","24202.43","23967.33","24332.87","23862.67","24567.97","23627.57","15773290.00","7670.00"
"Thu Jul 16 2026 11:05:00 GMT+0530 (India Standard Time)","24200.00","24209.00","24190.00","24197.80","24159.08","24181.70","24136.47","24204.31","24113.86","24226.92","24091.24","24097.77","24202.43","23967.33","24332.87","23862.67","24567.97","23627.57","15776605.00","15080.00"
"Thu Jul 16 2026 11:06:00 GMT+0530 (India Standard Time)","24197.80","24197.80","24185.00","24193.00","24159.27","24181.95","24136.58","24204.63","24113.90","24227.32","24091.22","24097.77","24202.43","23967.33","24332.87","23862.67","24567.97","23627.57","15781935.00","8060.00"
"Thu Jul 16 2026 11:07:00 GMT+0530 (India Standard Time)","24193.00","24197.00","24186.00","24197.00","24159.52","24182.31","24136.74","24205.10","24113.95","24227.89","24091.16","24097.77","24202.43","23967.33","24332.87","23862.67","24567.97","23627.57","15772185.00","10855.00"
"Thu Jul 16 2026 11:08:00 GMT+0530 (India Standard Time)","24197.00","24200.00","24187.40","24199.30","24159.74","24182.62","24136.85","24205.51","24113.96","24228.40","24091.07","24097.77","24202.43","23967.33","24332.87","23862.67","24567.97","23627.57","15777840.00","8580.00"
"Thu Jul 16 2026 11:09:00 GMT+0530 (India Standard Time)","24199.30","24200.00","24187.00","24192.00","24159.85","24182.79","24136.92","24205.72","24113.99","24228.65","24091.06","24097.77","24202.43","23967.33","24332.87","23862.67","24567.97","23627.57","15782260.00","5135.00"
"Thu Jul 16 2026 11:10:00 GMT+0530 (India Standard Time)","24192.00","24192.00","24185.10","24190.00","24159.93","24182.89","24136.98","24205.84","24114.03","24228.79","24091.08","24097.77","24202.43","23967.33","24332.87","23862.67","24567.97","23627.57","15784990.00","4030.00"
"Thu Jul 16 2026 11:11:00 GMT+0530 (India Standard Time)","24190.00","24198.00","24186.80","24198.00","24159.99","24182.96","24137.01","24205.94","24114.04","24228.91","24091.06","24097.77","24202.43","23967.33","24332.87","23862.67","24567.97","23627.57","15785835.00","2275.00"
"Thu Jul 16 2026 11:12:00 GMT+0530 (India Standard Time)","24198.00","24199.00","24185.20","24185.20","24160.11","24183.12","24137.10","24206.12","24114.10","24229.13","24091.09","24097.77","24202.43","23967.33","24332.87","23862.67","24567.97","23627.57","15781545.00","6110.00"
"Thu Jul 16 2026 11:13:00 GMT+0530 (India Standard Time)","24185.20","24197.00","24185.20","24190.10","24160.17","24183.19","24137.14","24206.21","24114.12","24229.24","24091.10","24097.77","24202.43","23967.33","24332.87","23862.67","24567.97","23627.57","15781675.00","2730.00"
"Thu Jul 16 2026 11:14:00 GMT+0530 (India Standard Time)","24190.10","24195.00","24180.00","24183.10","24160.32","24183.36","24137.28","24206.40","24114.24","24229.44","24091.20","24097.77","24202.43","23967.33","24332.87","23862.67","24567.97","23627.57","15784145.00","8580.00"
"Thu Jul 16 2026 11:15:00 GMT+0530 (India Standard Time)","24183.10","24190.00","24180.60","24190.00","24160.40","24183.46","24137.35","24206.51","24114.30","24229.56","24091.25","24097.77","24202.43","23967.33","24332.87","23862.67","24567.97","23627.57","15786745.00","4875.00"
"Thu Jul 16 2026 11:16:00 GMT+0530 (India Standard Time)","24190.00","24193.40","24181.20","24185.00","24160.46","24183.52","24137.40","24206.58","24114.34","24229.64","24091.28","24097.77","24202.43","23967.33","24332.87","23862.67","24567.97","23627.57","15785185.00","3185.00"
"Thu Jul 16 2026 11:17:00 GMT+0530 (India Standard Time)","24185.00","24190.30","24174.00","24180.00","24160.55","24183.60","24137.50","24206.65","24114.45","24229.70","24091.41","24097.77","24202.43","23967.33","24332.87","23862.67","24567.97","23627.57","15778165.00","6760.00"
"Thu Jul 16 2026 11:18:00 GMT+0530 (India Standard Time)","24180.00","24188.80","24174.20","24188.80","24160.61","24183.66","24137.56","24206.71","24114.51","24229.76","24091.46","24097.77","24202.43","23967.33","24332.87","23862.67","24567.97","23627.57","15779270.00","3575.00"
"Thu Jul 16 2026 11:19:00 GMT+0530 (India Standard Time)","24188.80","24188.80","24178.00","24178.10","24160.68","24183.73","24137.64","24206.77","24114.60","24229.81","24091.55","24097.77","24202.43","23967.33","24332.87","23862.67","24567.97","23627.57","15781935.00","5200.00"
"Thu Jul 16 2026 11:20:00 GMT+0530 (India Standard Time)","24178.10","24184.50","24176.00","24176.10","24160.73","24183.76","24137.70","24206.79","24114.67","24229.83","24091.63","24097.77","24202.43","23967.33","24332.87","23862.67","24567.97","23627.57","15782975.00","3965.00"
"Thu Jul 16 2026 11:21:00 GMT+0530 (India Standard Time)","24176.10","24187.70","24176.00","24186.30","24160.77","24183.81","24137.74","24206.84","24114.71","24229.87","24091.68","24097.77","24202.43","23967.33","24332.87","23862.67","24567.97","23627.57","15784015.00","2990.00"
"Thu Jul 16 2026 11:22:00 GMT+0530 (India Standard Time)","24186.30","24187.40","24176.10","24187.40","24160.81","24183.84","24137.77","24206.87","24114.74","24229.90","24091.71","24097.77","24202.43","23967.33","24332.87","23862.67","24567.97","23627.57","15781090.00","2015.00"
"Thu Jul 16 2026 11:23:00 GMT+0530 (India Standard Time)","24186.80","24187.60","24176.20","24176.20","24160.87","24183.89","24137.85","24206.91","24114.84","24229.93","24091.82","24097.77","24202.43","23967.33","24332.87","23862.67","24567.97","23627.57","15782650.00","5395.00"
"Thu Jul 16 2026 11:24:00 GMT+0530 (India Standard Time)","24176.20","24183.90","24176.20","24183.30","24160.90","24183.92","24137.89","24206.93","24114.87","24229.95","24091.86","24097.77","24202.43","23967.33","24332.87","23862.67","24567.97","23627.57","15784730.00","2210.00"
"Thu Jul 16 2026 11:25:00 GMT+0530 (India Standard Time)","24183.30","24184.00","24176.20","24182.80","24160.95","24183.96","24137.94","24206.97","24114.93","24229.97","24091.92","24097.77","24202.43","23967.33","24332.87","23862.67","24567.97","23627.57","15786355.00","3510.00"
"Thu Jul 16 2026 11:26:00 GMT+0530 (India Standard Time)","24182.80","24182.80","24176.90","24182.80","24160.97","24183.98","24137.97","24206.98","24114.96","24229.99","24091.96","24097.77","24202.43","23967.33","24332.87","23862.67","24567.97","23627.57","15788955.00","1950.00"
"Thu Jul 16 2026 11:27:00 GMT+0530 (India Standard Time)","24182.80","24186.00","24177.70","24185.00","24161.00","24184.01","24138.00","24207.01","24115.00","24230.01","24092.00","24097.77","24202.43","23967.33","24332.87","23862.67","24567.97","23627.57","15775695.00","2145.00"
"Thu Jul 16 2026 11:28:00 GMT+0530 (India Standard Time)","24185.00","24185.00","24175.10","24175.10","24161.06","24184.05","24138.07","24207.03","24115.09","24230.02","24092.10","24097.77","24202.43","23967.33","24332.87","23862.67","24567.97","23627.57","15777775.00","4875.00"
"Thu Jul 16 2026 11:29:00 GMT+0530 (India Standard Time)","24175.10","24178.00","24175.10","24177.00","24161.08","24184.06","24138.11","24207.04","24115.13","24230.02","24092.15","24097.77","24202.43","23967.33","24332.87","23862.67","24567.97","23627.57","15777840.00","2340.00"
"Thu Jul 16 2026 11:30:00 GMT+0530 (India Standard Time)","24177.00","24178.00","24172.10","24177.90","24161.12","24184.08","24138.15","24207.04","24115.19","24230.01","24092.22","24097.77","24202.43","23967.33","24332.87","23862.67","24567.97","23627.57","15780050.00","3315.00"
"Thu Jul 16 2026 11:31:00 GMT+0530 (India Standard Time)","24177.90","24188.30","24175.00","24177.90","24161.15","24184.11","24138.20","24207.07","24115.24","24230.02","24092.28","24097.77","24202.43","23967.33","24332.87","23862.67","24567.97","23627.57","15781415.00","2990.00"
"Thu Jul 16 2026 11:32:00 GMT+0530 (India Standard Time)","24177.90","24188.70","24177.90","24178.00","24161.18","24184.13","24138.23","24207.09","24115.27","24230.04","24092.32","24097.77","24202.43","23967.33","24332.87","23862.67","24567.97","23627.57","15775825.00","2080.00"
"Thu Jul 16 2026 11:33:00 GMT+0530 (India Standard Time)","24178.00","24187.00","24177.60","24184.80","24161.23","24184.19","24138.28","24207.14","24115.33","24230.09","24092.38","24097.77","24202.43","23967.33","24332.87","23862.67","24567.97","23627.57","15777580.00","3770.00"
"Thu Jul 16 2026 11:34:00 GMT+0530 (India Standard Time)","24184.80","24184.80","24179.20","24180.40","24161.27","24184.22","24138.33","24207.17","24115.38","24230.11","24092.43","24097.77","24202.43","23967.33","24332.87","23862.67","24567.97","23627.57","15779595.00","3055.00"
"Thu Jul 16 2026 11:35:00 GMT+0530 (India Standard Time)","24180.40","24185.00","24176.00","24185.00","24161.29","24184.23","24138.34","24207.18","24115.40","24230.12","24092.45","24097.77","24202.43","23967.33","24332.87","23862.67","24567.97","23627.57","15780180.00","975.00"
"Thu Jul 16 2026 11:36:00 GMT+0530 (India Standard Time)","24185.00","24187.60","24179.00","24187.00","24161.40","24184.34","24138.45","24207.29","24115.50","24230.24","24092.56","24097.77","24202.43","23967.33","24332.87","23862.67","24567.97","23627.57","15780635.00","7410.00"
"Thu Jul 16 2026 11:37:00 GMT+0530 (India Standard Time)","24187.00","24187.60","24172.00","24172.00","24161.54","24184.43","24138.65","24207.32","24115.76","24230.21","24092.86","24097.77","24202.43","23967.33","24332.87","23862.67","24567.97","23627.57","15773810.00","14105.00"
"Thu Jul 16 2026 11:38:00 GMT+0530 (India Standard Time)","24172.00","24190.00","24172.00","24185.30","24161.59","24184.48","24138.70","24207.36","24115.82","24230.25","24092.93","24097.77","24202.43","23967.33","24332.87","23862.67","24567.97","23627.57","15774655.00","3900.00"
"Thu Jul 16 2026 11:39:00 GMT+0530 (India Standard Time)","24185.30","24190.80","24178.40","24190.00","24161.65","24184.55","24138.76","24207.44","24115.87","24230.33","24092.98","24097.77","24202.43","23967.33","24332.87","23862.67","24567.97","23627.57","15777515.00","4030.00"
"Thu Jul 16 2026 11:40:00 GMT+0530 (India Standard Time)","24190.00","24192.00","24180.80","24191.10","24161.68","24184.57","24138.78","24207.47","24115.89","24230.36","24092.99","24097.77","24202.43","23967.33","24332.87","23862.67","24567.97","23627.57","15776280.00","1430.00"
"Thu Jul 16 2026 11:41:00 GMT+0530 (India Standard Time)","24191.10","24195.00","24183.00","24183.00","24161.73","24184.63","24138.83","24207.53","24115.93","24230.44","24093.03","24097.77","24202.43","23967.33","24332.87","23862.67","24567.97","23627.57","15777515.00","3510.00"
"Thu Jul 16 2026 11:42:00 GMT+0530 (India Standard Time)","24183.00","24194.80","24180.00","24180.00","24161.79","24184.69","24138.89","24207.59","24115.98","24230.49","24093.08","24097.77","24202.43","23967.33","24332.87","23862.67","24567.97","23627.57","15772055.00","3705.00"
"Thu Jul 16 2026 11:43:00 GMT+0530 (India Standard Time)","24180.00","24181.00","24175.00","24175.00","24161.81","24184.70","24138.92","24207.59","24116.03","24230.49","24093.14","24097.77","24202.43","23967.33","24332.87","23862.67","24567.97","23627.57","15771470.00","2470.00"
"Thu Jul 16 2026 11:44:00 GMT+0530 (India Standard Time)","24175.00","24177.00","24175.00","24177.00","24161.82","24184.71","24138.93","24207.59","24116.04","24230.48","24093.16","24097.77","24202.43","23967.33","24332.87","23862.67","24567.97","23627.57","15771925.00","910.00"
"Thu Jul 16 2026 11:45:00 GMT+0530 (India Standard Time)","24177.00","24181.90","24175.30","24181.60","24161.84","24184.72","24138.96","24207.60","24116.08","24230.49","24093.19","24097.77","24202.43","23967.33","24332.87","23862.67","24567.97","23627.57","15772445.00","1885.00"
"Thu Jul 16 2026 11:46:00 GMT+0530 (India Standard Time)","24181.60","24185.00","24175.70","24185.00","24161.86","24184.74","24138.98","24207.62","24116.10","24230.50","24093.22","24097.77","24202.43","23967.33","24332.87","23862.67","24567.97","23627.57","15771665.00","1820.00"
"Thu Jul 16 2026 11:47:00 GMT+0530 (India Standard Time)","24185.00","24185.00","24176.90","24184.50","24161.89","24184.76","24139.01","24207.64","24116.13","24230.52","24093.26","24097.77","24202.43","23967.33","24332.87","23862.67","24567.97","23627.57","15760160.00","1950.00"
"Thu Jul 16 2026 11:48:00 GMT+0530 (India Standard Time)","24184.50","24185.00","24177.70","24178.70","24161.91","24184.78","24139.04","24207.65","24116.17","24230.53","24093.30","24097.77","24202.43","23967.33","24332.87","23862.67","24567.97","23627.57","15760875.00","2210.00"
"Thu Jul 16 2026 11:49:00 GMT+0530 (India Standard Time)","24178.70","24184.20","24178.70","24183.70","24161.94","24184.81","24139.07","24207.68","24116.21","24230.54","24093.34","24097.77","24202.43","23967.33","24332.87","23862.67","24567.97","23627.57","15761005.00","2210.00"
"Thu Jul 16 2026 11:50:00 GMT+0530 (India Standard Time)","24183.70","24183.70","24173.50","24173.50","24161.98","24184.83","24139.13","24207.68","24116.28","24230.53","24093.42","24097.77","24202.43","23967.33","24332.87","23862.67","24567.97","23627.57","15763085.00","4030.00"
"Thu Jul 16 2026 11:51:00 GMT+0530 (India Standard Time)","24173.50","24173.50","24163.20","24166.30","24161.99","24184.82","24139.16","24207.65","24116.33","24230.47","24093.51","24097.77","24202.43","23967.33","24332.87","23862.67","24567.97","23627.57","15761850.00","3445.00"
"Thu Jul 16 2026 11:52:00 GMT+0530 (India Standard Time)","24166.30","24178.60","24166.30","24169.90","24162.00","24184.82","24139.19","24207.63","24116.37","24230.45","24093.55","24097.77","24202.43","23967.33","24332.87","23862.67","24567.97","23627.57","15756325.00","2080.00"
"Thu Jul 16 2026 11:53:00 GMT+0530 (India Standard Time)","24169.90","24179.40","24168.10","24178.60","24162.01","24184.82","24139.21","24207.63","24116.40","24230.44","24093.59","24097.77","24202.43","23967.33","24332.87","23862.67","24567.97","23627.57","15756650.00","1495.00"
"Thu Jul 16 2026 11:54:00 GMT+0530 (India Standard Time)","24168.40","24183.90","24168.40","24183.10","24162.03","24184.84","24139.23","24207.64","24116.42","24230.44","24093.62","24097.77","24202.43","23967.33","24332.87","23862.67","24567.97","23627.57","15757105.00","1625.00"
"Thu Jul 16 2026 11:55:00 GMT+0530 (India Standard Time)","24183.10","24183.10","24170.40","24180.60","24162.05","24184.85","24139.25","24207.64","24116.46","24230.44","24093.66","24097.77","24202.43","23967.33","24332.87","23862.67","24567.97","23627.57","15757365.00","2015.00"
"Thu Jul 16 2026 11:56:00 GMT+0530 (India Standard Time)","24180.60","24183.00","24171.70","24176.00","24162.07","24184.86","24139.29","24207.65","24116.50","24230.43","24093.71","24097.77","24202.43","23967.33","24332.87","23862.67","24567.97","23627.57","15756065.00","2340.00"
"Thu Jul 16 2026 11:57:00 GMT+0530 (India Standard Time)","24176.00","24182.00","24176.00","24180.00","24162.09","24184.87","24139.31","24207.66","24116.53","24230.44","24093.75","24097.77","24202.43","23967.33","24332.87","23862.67","24567.97","23627.57","15747550.00","1885.00"
"Thu Jul 16 2026 11:58:00 GMT+0530 (India Standard Time)","24180.00","24180.50","24171.00","24171.00","24162.11","24184.88","24139.35","24207.65","24116.58","24230.41","24093.82","24097.77","24202.43","23967.33","24332.87","23862.67","24567.97","23627.57","15748070.00","2990.00"
"Thu Jul 16 2026 11:59:00 GMT+0530 (India Standard Time)","24171.00","24179.90","24171.00","24179.80","24162.12","24184.88","24139.36","24207.65","24116.59","24230.41","24093.83","24097.77","24202.43","23967.33","24332.87","23862.67","24567.97","23627.57","15749565.00","650.00"
"Thu Jul 16 2026 12:00:00 GMT+0530 (India Standard Time)","24179.80","24184.00","24174.20","24179.20","24162.14","24184.90","24139.38","24207.66","24116.62","24230.41","24093.87","24097.77","24202.43","23967.33","24332.87","23862.67","24567.97","23627.57","15750410.00","1885.00"
"Thu Jul 16 2026 12:01:00 GMT+0530 (India Standard Time)","24179.20","24179.20","24170.00","24170.00","24162.16","24184.90","24139.43","24207.64","24116.69","24230.38","24093.95","24097.77","24202.43","23967.33","24332.87","23862.67","24567.97","23627.57","15752425.00","3640.00"
"Thu Jul 16 2026 12:02:00 GMT+0530 (India Standard Time)","24170.00","24174.80","24168.60","24168.60","24162.17","24184.90","24139.45","24207.63","24116.72","24230.36","24093.99","24097.77","24202.43","23967.33","24332.87","23862.67","24567.97","23627.57","15749305.00","1820.00"
"Thu Jul 16 2026 12:03:00 GMT+0530 (India Standard Time)","24168.60","24168.60","24160.10","24163.40","24162.18","24184.86","24139.50","24207.54","24116.83","24230.22","24094.15","24097.77","24202.43","23967.33","24332.87","23862.67","24567.97","23627.57","15748070.00","7150.00"
"Thu Jul 16 2026 12:04:00 GMT+0530 (India Standard Time)","24163.40","24163.80","24156.00","24158.90","24162.16","24184.76","24139.57","24207.36","24116.97","24229.96","24094.37","24097.77","24202.43","23967.33","24332.87","23862.67","24567.97","23627.57","15747355.00","11830.00"
"Thu Jul 16 2026 12:05:00 GMT+0530 (India Standard Time)","24158.90","24160.00","24153.10","24160.00","24162.16","24184.75","24139.57","24207.33","24116.99","24229.92","24094.40","24097.77","24202.43","23967.33","24332.87","23862.67","24567.97","23627.57","15747875.00","1755.00"
"Thu Jul 16 2026 12:06:00 GMT+0530 (India Standard Time)","24160.00","24160.00","24151.00","24159.30","24162.14","24184.69","24139.59","24207.24","24117.04","24229.79","24094.49","24097.77","24202.43","23967.33","24332.87","23862.67","24567.97","23627.57","15747745.00","5850.00"
"Thu Jul 16 2026 12:07:00 GMT+0530 (India Standard Time)","24159.30","24160.00","24150.10","24150.90","24162.12","24184.65","24139.59","24207.18","24117.06","24229.71","24094.54","24097.77","24202.43","23967.33","24332.87","23862.67","24567.97","23627.57","15735135.00","3445.00"
"Thu Jul 16 2026 12:08:00 GMT+0530 (India Standard Time)","24150.90","24160.00","24150.90","24160.00","24162.12","24184.64","24139.60","24207.16","24117.08","24229.68","24094.56","24097.77","24202.43","23967.33","24332.87","23862.67","24567.97","23627.57","15734615.00","1560.00"
"Thu Jul 16 2026 12:09:00 GMT+0530 (India Standard Time)","24160.00","24160.00","24153.40","24157.40","24162.12","24184.63","24139.60","24207.14","24117.09","24229.66","24094.57","24097.77","24202.43","23967.33","24332.87","23862.67","24567.97","23627.57","15734225.00","845.00"
"Thu Jul 16 2026 12:10:00 GMT+0530 (India Standard Time)","24157.40","24161.00","24155.00","24156.30","24162.11","24184.62","24139.60","24207.13","24117.09","24229.64","24094.59","24097.77","24202.43","23967.33","24332.87","23862.67","24567.97","23627.57","15734485.00","715.00"
"Thu Jul 16 2026 12:11:00 GMT+0530 (India Standard Time)","24156.30","24163.00","24156.30","24163.00","24162.11","24184.62","24139.61","24207.13","24117.10","24229.63","24094.59","24097.77","24202.43","23967.33","24332.87","23862.67","24567.97","23627.57","15734485.00","390.00"
"Thu Jul 16 2026 12:12:00 GMT+0530 (India Standard Time)","24163.00","24165.00","24160.00","24165.00","24162.11","24184.61","24139.62","24207.11","24117.12","24229.61","24094.62","24097.77","24202.43","23967.33","24332.87","23862.67","24567.97","23627.57","15730910.00","1235.00"
"Thu Jul 16 2026 12:13:00 GMT+0530 (India Standard Time)","24165.00","24165.00","24155.10","24157.40","24162.11","24184.59","24139.63","24207.07","24117.15","24229.55","24094.67","24097.77","24202.43","23967.33","24332.87","23862.67","24567.97","23627.57","15731885.00","2665.00"
"Thu Jul 16 2026 12:14:00 GMT+0530 (India Standard Time)","24157.40","24159.00","24152.00","24152.10","24162.10","24184.58","24139.63","24207.05","24117.16","24229.53","24094.68","24097.77","24202.43","23967.33","24332.87","23862.67","24567.97","23627.57","15732015.00","1040.00"
"Thu Jul 16 2026 12:15:00 GMT+0530 (India Standard Time)","24152.10","24160.00","24152.10","24160.00","24162.10","24184.57","24139.63","24207.03","24117.17","24229.50","24094.70","24097.77","24202.43","23967.33","24332.87","23862.67","24567.97","23627.57","15732405.00","1170.00"
"Thu Jul 16 2026 12:16:00 GMT+0530 (India Standard Time)","24160.00","24160.00","24155.00","24155.00","24162.10","24184.56","24139.63","24207.03","24117.17","24229.49","24094.71","24097.77","24202.43","23967.33","24332.87","23862.67","24567.97","23627.57","15732405.00","325.00"
"Thu Jul 16 2026 12:17:00 GMT+0530 (India Standard Time)","24155.00","24160.00","24155.00","24160.00","24162.10","24184.56","24139.64","24207.01","24117.18","24229.47","24094.72","24097.77","24202.43","23967.33","24332.87","23862.67","24567.97","23627.57","15732665.00","1040.00"
"Thu Jul 16 2026 12:18:00 GMT+0530 (India Standard Time)","24160.00","24160.00","24155.00","24155.00","24162.09","24184.54","24139.64","24206.99","24117.19","24229.44","24094.74","24097.77","24202.43","23967.33","24332.87","23862.67","24567.97","23627.57","15733315.00","1235.00"
"Thu Jul 16 2026 12:19:00 GMT+0530 (India Standard Time)","24155.00","24156.30","24152.10","24156.30","24162.09","24184.53","24139.64","24206.98","24117.20","24229.42","24094.76","24097.77","24202.43","23967.33","24332.87","23862.67","24567.97","23627.57","15733315.00","1040.00"
"Thu Jul 16 2026 12:20:00 GMT+0530 (India Standard Time)","24156.30","24159.90","24153.90","24156.00","24162.08","24184.52","24139.65","24206.95","24117.22","24229.39","24094.78","24097.77","24202.43","23967.33","24332.87","23862.67","24567.97","23627.57","15734290.00","1560.00"
"Thu Jul 16 2026 12:21:00 GMT+0530 (India Standard Time)","24156.00","24156.00","24153.30","24154.00","24162.08","24184.51","24139.65","24206.93","24117.22","24229.36","24094.80","24097.77","24202.43","23967.33","24332.87","23862.67","24567.97","23627.57","15734420.00","1105.00"
"Thu Jul 16 2026 12:22:00 GMT+0530 (India Standard Time)","24154.00","24164.90","24154.00","24157.00","24162.08","24184.50","24139.66","24206.92","24117.23","24229.34","24094.81","24097.77","24202.43","23967.33","24332.87","23862.67","24567.97","23627.57","15733315.00","910.00"
"Thu Jul 16 2026 12:23:00 GMT+0530 (India Standard Time)","24154.00","24165.00","24150.10","24163.20","24162.07","24184.47","24139.68","24206.86","24117.28","24229.25","24094.89","24097.77","24202.43","23967.33","24332.87","23862.67","24567.97","23627.57","15734030.00","4160.00"
"Thu Jul 16 2026 12:24:00 GMT+0530 (India Standard Time)","24163.20","24164.00","24152.00","24164.00","24162.07","24184.45","24139.69","24206.83","24117.31","24229.21","24094.93","24097.77","24202.43","23967.33","24332.87","23862.67","24567.97","23627.57","15734420.00","2275.00"
"Thu Jul 16 2026 12:25:00 GMT+0530 (India Standard Time)","24164.00","24175.00","24154.10","24174.00","24162.09","24184.43","24139.74","24206.78","24117.39","24229.12","24095.05","24097.77","24202.43","23967.33","24332.87","23862.67","24567.97","23627.57","15734095.00","5395.00"
"Thu Jul 16 2026 12:26:00 GMT+0530 (India Standard Time)","24174.00","24182.90","24167.20","24181.40","24162.11","24184.45","24139.78","24206.78","24117.44","24229.12","24095.11","24097.77","24202.43","23967.33","24332.87","23862.67","24567.97","23627.57","15734940.00","3055.00"
"Thu Jul 16 2026 12:27:00 GMT+0530 (India Standard Time)","24181.40","24181.40","24171.00","24179.40","24162.13","24184.46","24139.81","24206.79","24117.48","24229.11","24095.16","24097.77","24202.43","23967.33","24332.87","23862.67","24567.97","23627.57","15736240.00","2470.00"
"Thu Jul 16 2026 12:28:00 GMT+0530 (India Standard Time)","24179.40","24189.00","24172.00","24189.00","24162.18","24184.50","24139.85","24206.82","24117.53","24229.15","24095.20","24097.77","24202.43","23967.33","24332.87","23862.67","24567.97","23627.57","15735720.00","3250.00"
"Thu Jul 16 2026 12:29:00 GMT+0530 (India Standard Time)","24189.00","24191.80","24176.30","24190.70","24162.22","24184.55","24139.89","24206.88","24117.56","24229.20","24095.24","24097.77","24202.43","23967.33","24332.87","23862.67","24567.97","23627.57","15737215.00","3185.00"
"Thu Jul 16 2026 12:30:00 GMT+0530 (India Standard Time)","24190.70","24190.70","24176.20","24176.20","24162.27","24184.59","24139.95","24206.91","24117.63","24229.23","24095.31","24097.77","24202.43","23967.33","24332.87","23862.67","24567.97","23627.57","15738125.00","4095.00"
"Thu Jul 16 2026 12:31:00 GMT+0530 (India Standard Time)","24176.20","24183.30","24173.00","24183.30","24162.30","24184.61","24139.98","24206.92","24117.67","24229.23","24095.36","24097.77","24202.43","23967.33","24332.87","23862.67","24567.97","23627.57","15739750.00","3055.00"
"Thu Jul 16 2026 12:32:00 GMT+0530 (India Standard Time)","24183.30","24183.80","24174.70","24174.70","24162.32","24184.62","24140.02","24206.93","24117.71","24229.23","24095.41","24097.77","24202.43","23967.33","24332.87","23862.67","24567.97","23627.57","15741635.00","2665.00"
"Thu Jul 16 2026 12:33:00 GMT+0530 (India Standard Time)","24180.60","24180.60","24170.10","24174.90","24162.37","24184.65","24140.10","24206.92","24117.82","24229.19","24095.55","24097.77","24202.43","23967.33","24332.87","23862.67","24567.97","23627.57","15743715.00","6825.00"
"Thu Jul 16 2026 12:34:00 GMT+0530 (India Standard Time)","24174.90","24175.70","24166.00","24170.00","24162.39","24184.64","24140.13","24206.90","24117.88","24229.15","24095.63","24097.77","24202.43","23967.33","24332.87","23862.67","24567.97","23627.57","15743910.00","3575.00"
"Thu Jul 16 2026 12:35:00 GMT+0530 (India Standard Time)","24170.00","24178.40","24162.10","24175.00","24162.40","24184.64","24140.17","24206.88","24117.93","24229.12","24095.69","24097.77","24202.43","23967.33","24332.87","23862.67","24567.97","23627.57","15745860.00","2990.00"
"Thu Jul 16 2026 12:36:00 GMT+0530 (India Standard Time)","24175.00","24178.40","24165.60","24170.00","24162.42","24184.64","24140.20","24206.86","24117.98","24229.09","24095.75","24097.77","24202.43","23967.33","24332.87","23862.67","24567.97","23627.57","15747615.00","2925.00"
"Thu Jul 16 2026 12:37:00 GMT+0530 (India Standard Time)","24170.00","24175.60","24162.40","24162.40","24162.43","24184.63","24140.22","24206.83","24118.02","24229.04","24095.82","24097.77","24202.43","23967.33","24332.87","23862.67","24567.97","23627.57","15749175.00","3055.00"
"Thu Jul 16 2026 12:38:00 GMT+0530 (India Standard Time)","24162.40","24172.20","24161.00","24161.00","24162.43","24184.62","24140.24","24206.81","24118.05","24228.99","24095.87","24097.77","24202.43","23967.33","24332.87","23862.67","24567.97","23627.57","15749175.00","2470.00"
"Thu Jul 16 2026 12:39:00 GMT+0530 (India Standard Time)","24161.00","24171.90","24160.00","24160.50","24162.43","24184.61","24140.26","24206.78","24118.09","24228.95","24095.92","24097.77","24202.43","23967.33","24332.87","23862.67","24567.97","23627.57","15751775.00","2405.00"
"Thu Jul 16 2026 12:40:00 GMT+0530 (India Standard Time)","24160.50","24170.40","24160.00","24161.00","24162.44","24184.59","24140.28","24206.74","24118.13","24228.89","24095.98","24097.77","24202.43","23967.33","24332.87","23862.67","24567.97","23627.57","15752945.00","3185.00"
"Thu Jul 16 2026 12:41:00 GMT+0530 (India Standard Time)","24161.00","24169.90","24161.00","24161.00","24162.44","24184.57","24140.30","24206.71","24118.16","24228.85","24096.03","24097.77","24202.43","23967.33","24332.87","23862.67","24567.97","23627.57","15752945.00","2535.00"
"Thu Jul 16 2026 12:42:00 GMT+0530 (India Standard Time)","24161.00","24168.00","24151.00","24151.00","24162.43","24184.54","24140.31","24206.66","24118.20","24228.77","24096.08","24097.77","24202.43","23967.33","24332.87","23862.67","24567.97","23627.57","15755025.00","3640.00"
"Thu Jul 16 2026 12:43:00 GMT+0530 (India Standard Time)","24151.00","24160.00","24145.00","24154.30","24162.38","24184.44","24140.31","24206.51","24118.24","24228.58","24096.17","24097.77","24202.43","23967.33","24332.87","23862.67","24567.97","23627.57","15752815.00","9165.00"
"Thu Jul 16 2026 12:44:00 GMT+0530 (India Standard Time)","24154.30","24159.10","24145.10","24155.00","24162.36","24184.40","24140.31","24206.45","24118.26","24228.50","24096.21","24097.77","24202.43","23967.33","24332.87","23862.67","24567.97","23627.57","15752555.00","3900.00"
"Thu Jul 16 2026 12:45:00 GMT+0530 (India Standard Time)","24155.00","24158.20","24146.00","24158.00","24162.34","24184.37","24140.31","24206.39","24118.28","24228.42","24096.26","24097.77","24202.43","23967.33","24332.87","23862.67","24567.97","23627.57","15752555.00","3835.00"
"Thu Jul 16 2026 12:46:00 GMT+0530 (India Standard Time)","24158.00","24158.90","24147.00","24157.70","24162.33","24184.34","24140.31","24206.35","24118.30","24228.36","24096.29","24097.77","24202.43","23967.33","24332.87","23862.67","24567.97","23627.57","15754180.00","2990.00"
"Thu Jul 16 2026 12:47:00 GMT+0530 (India Standard Time)","24157.70","24158.60","24145.60","24156.20","24162.31","24184.31","24140.32","24206.30","24118.32","24228.29","24096.33","24097.77","24202.43","23967.33","24332.87","23862.67","24567.97","23627.57","15755545.00","3055.00"
"Thu Jul 16 2026 12:48:00 GMT+0530 (India Standard Time)","24156.20","24157.60","24145.10","24157.00","24162.29","24184.27","24140.32","24206.25","24118.34","24228.23","24096.36","24097.77","24202.43","23967.33","24332.87","23862.67","24567.97","23627.57","15756715.00","3380.00"
"Thu Jul 16 2026 12:49:00 GMT+0530 (India Standard Time)","24157.00","24157.00","24145.00","24156.80","24162.28","24184.24","24140.32","24206.20","24118.35","24228.16","24096.39","24097.77","24202.43","23967.33","24332.87","23862.67","24567.97","23627.57","15758340.00","3120.00"
"Thu Jul 16 2026 12:50:00 GMT+0530 (India Standard Time)","24156.80","24157.20","24145.00","24146.10","24162.25","24184.20","24140.31","24206.15","24118.36","24228.10","24096.41","24097.77","24202.43","23967.33","24332.87","23862.67","24567.97","23627.57","15760095.00","3120.00"
"Thu Jul 16 2026 12:51:00 GMT+0530 (India Standard Time)","24146.10","24157.20","24146.00","24155.00","24162.24","24184.17","24140.30","24206.10","24118.37","24228.03","24096.44","24097.77","24202.43","23967.33","24332.87","23862.67","24567.97","23627.57","15762760.00","3315.00"
"Thu Jul 16 2026 12:52:00 GMT+0530 (India Standard Time)","24155.00","24156.80","24145.00","24156.80","24162.22","24184.14","24140.30","24206.05","24118.39","24227.97","24096.47","24097.77","24202.43","23967.33","24332.87","23862.67","24567.97","23627.57","15763995.00","3185.00"
"Thu Jul 16 2026 12:53:00 GMT+0530 (India Standard Time)","24156.80","24156.80","24145.00","24150.00","24162.20","24184.10","24140.30","24206.00","24118.39","24227.90","24096.49","24097.77","24202.43","23967.33","24332.87","23862.67","24567.97","23627.57","15763995.00","3380.00"
"Thu Jul 16 2026 12:54:00 GMT+0530 (India Standard Time)","24150.00","24153.20","24140.00","24150.00","24162.14","24184.01","24140.26","24205.89","24118.39","24227.76","24096.51","24097.77","24202.43","23967.33","24332.87","23862.67","24567.97","23627.57","15765620.00","7540.00"
"Thu Jul 16 2026 12:55:00 GMT+0530 (India Standard Time)","24150.00","24152.00","24140.00","24151.20","24162.11","24183.98","24140.25","24205.84","24118.38","24227.71","24096.52","24097.77","24202.43","23967.33","24332.87","23862.67","24567.97","23627.57","15765555.00","2990.00"
"Thu Jul 16 2026 12:56:00 GMT+0530 (India Standard Time)","24151.20","24151.20","24142.00","24149.80","24162.09","24183.94","24140.23","24205.80","24118.38","24227.65","24096.52","24097.77","24202.43","23967.33","24332.87","23862.67","24567.97","23627.57","15766595.00","3120.00"
"Thu Jul 16 2026 12:57:00 GMT+0530 (India Standard Time)","24149.80","24150.20","24141.00","24141.00","24162.05","24183.90","24140.21","24205.75","24118.36","24227.60","24096.51","24097.77","24202.43","23967.33","24332.87","23862.67","24567.97","23627.57","15767505.00","3445.00"
"Thu Jul 16 2026 12:58:00 GMT+0530 (India Standard Time)","24141.00","24148.90","24140.10","24146.10","24162.02","24183.86","24140.18","24205.71","24118.34","24227.55","24096.50","24097.77","24202.43","23967.33","24332.87","23862.67","24567.97","23627.57","15767960.00","3185.00"
"Thu Jul 16 2026 12:59:00 GMT+0530 (India Standard Time)","24146.10","24146.80","24139.00","24140.00","24161.97","24183.81","24140.14","24205.65","24118.30","24227.48","24096.47","24097.77","24202.43","23967.33","24332.87","23862.67","24567.97","23627.57","15768480.00","4550.00"
"Thu Jul 16 2026 13:00:00 GMT+0530 (India Standard Time)","24140.00","24144.80","24125.00","24125.00","24161.60","24183.56","24139.64","24205.52","24117.68","24227.47","24095.72","24097.77","24202.43","23967.33","24332.87","23862.67","24567.97","23627.57","15769975.00","22880.00"
"Thu Jul 16 2026 13:01:00 GMT+0530 (India Standard Time)","24125.00","24144.00","24125.00","24133.00","24161.52","24183.49","24139.54","24205.47","24117.56","24227.45","24095.58","24097.77","24202.43","23967.33","24332.87","23862.67","24567.97","23627.57","15770365.00","5330.00"
"Thu Jul 16 2026 13:02:00 GMT+0530 (India Standard Time)","24131.10","24144.70","24130.00","24143.10","24161.46","24183.44","24139.48","24205.41","24117.50","24227.39","24095.52","24097.77","24202.43","23967.33","24332.87","23862.67","24567.97","23627.57","15772120.00","4875.00"
"Thu Jul 16 2026 13:03:00 GMT+0530 (India Standard Time)","24143.10","24144.00","24131.30","24143.20","24161.42","24183.40","24139.44","24205.38","24117.47","24227.36","24095.49","24097.77","24202.43","23967.33","24332.87","23862.67","24567.97","23627.57","15772705.00","3055.00"
"Thu Jul 16 2026 13:04:00 GMT+0530 (India Standard Time)","24143.20","24149.00","24131.00","24149.00","24161.39","24183.36","24139.42","24205.34","24117.45","24227.31","24095.47","24097.77","24202.43","23967.33","24332.87","23862.67","24567.97","23627.57","15774330.00","3120.00"
"Thu Jul 16 2026 13:05:00 GMT+0530 (India Standard Time)","24149.00","24150.20","24135.20","24148.90","24161.36","24183.33","24139.40","24205.29","24117.43","24227.25","24095.47","24097.77","24202.43","23967.33","24332.87","23862.67","24567.97","23627.57","15776150.00","3315.00"
"Thu Jul 16 2026 13:06:00 GMT+0530 (India Standard Time)","24148.90","24150.30","24136.00","24137.10","24161.33","24183.29","24139.37","24205.25","24117.40","24227.21","24095.44","24097.77","24202.43","23967.33","24332.87","23862.67","24567.97","23627.57","15777710.00","3120.00"
"Thu Jul 16 2026 13:07:00 GMT+0530 (India Standard Time)","24137.10","24150.80","24135.00","24135.10","24161.27","24183.23","24139.31","24205.19","24117.35","24227.14","24095.39","24097.77","24202.43","23967.33","24332.87","23862.67","24567.97","23627.57","15779725.00","5265.00"
"Thu Jul 16 2026 13:08:00 GMT+0530 (India Standard Time)","24135.10","24151.00","24135.10","24151.00","24161.25","24183.20","24139.29","24205.15","24117.34","24227.10","24095.39","24097.77","24202.43","23967.33","24332.87","23862.67","24567.97","23627.57","15783040.00","2730.00"
"Thu Jul 16 2026 13:09:00 GMT+0530 (India Standard Time)","24138.40","24151.20","24137.00","24138.00","24161.21","24183.16","24139.27","24205.10","24117.32","24227.05","24095.37","24097.77","24202.43","23967.33","24332.87","23862.67","24567.97","23627.57","15784990.00","3250.00"
"Thu Jul 16 2026 13:10:00 GMT+0530 (India Standard Time)","24148.30","24148.30","24131.00","24131.00","24161.15","24183.10","24139.20","24205.06","24117.25","24227.01","24095.29","24097.77","24202.43","23967.33","24332.87","23862.67","24567.97","23627.57","15786875.00","4680.00"
"Thu Jul 16 2026 13:11:00 GMT+0530 (India Standard Time)","24131.00","24146.00","24130.10","24143.00","24161.11","24183.06","24139.16","24205.01","24117.20","24226.96","24095.25","24097.77","24202.43","23967.33","24332.87","23862.67","24567.97","23627.57","15788435.00","3835.00"
"Thu Jul 16 2026 13:12:00 GMT+0530 (India Standard Time)","24131.00","24145.60","24130.10","24145.60","24161.06","24183.01","24139.11","24204.96","24117.16","24226.91","24095.22","24097.77","24202.43","23967.33","24332.87","23862.67","24567.97","23627.57","15790320.00","4160.00"
"Thu Jul 16 2026 13:13:00 GMT+0530 (India Standard Time)","24145.60","24147.00","24131.00","24146.50","24161.01","24182.96","24139.07","24204.90","24117.13","24226.84","24095.18","24097.77","24202.43","23967.33","24332.87","23862.67","24567.97","23627.57","15791815.00","4615.00"
"Thu Jul 16 2026 13:14:00 GMT+0530 (India Standard Time)","24146.50","24149.30","24134.00","24136.00","24160.96","24182.90","24139.02","24204.84","24117.08","24226.79","24095.14","24097.77","24202.43","23967.33","24332.87","23862.67","24567.97","23627.57","15794220.00","4810.00"
"Thu Jul 16 2026 13:15:00 GMT+0530 (India Standard Time)","24136.00","24142.90","24125.60","24133.00","24160.82","24182.79","24138.85","24204.76","24116.88","24226.73","24094.91","24097.77","24202.43","23967.33","24332.87","23862.67","24567.97","23627.57","15794870.00","9620.00"
"Thu Jul 16 2026 13:16:00 GMT+0530 (India Standard Time)","24133.00","24136.90","24125.00","24126.00","24160.73","24182.73","24138.72","24204.74","24116.72","24226.74","24094.71","24097.77","24202.43","23967.33","24332.87","23862.67","24567.97","23627.57","15793505.00","5850.00"
"Thu Jul 16 2026 13:17:00 GMT+0530 (India Standard Time)","24126.00","24137.60","24125.00","24135.60","24160.68","24182.70","24138.66","24204.71","24116.64","24226.73","24094.63","24097.77","24202.43","23967.33","24332.87","23862.67","24567.97","23627.57","15794545.00","3315.00"
"Thu Jul 16 2026 13:18:00 GMT+0530 (India Standard Time)","24135.60","24136.00","24125.00","24133.00","24160.63","24182.66","24138.60","24204.69","24116.57","24226.72","24094.53","24097.77","24202.43","23967.33","24332.87","23862.67","24567.97","23627.57","15797080.00","3250.00"
"Thu Jul 16 2026 13:19:00 GMT+0530 (India Standard Time)","24133.00","24136.60","24125.10","24136.60","24160.58","24182.62","24138.54","24204.67","24116.49","24226.71","24094.45","24097.77","24202.43","23967.33","24332.87","23862.67","24567.97","23627.57","15799550.00","3380.00"
"Thu Jul 16 2026 13:20:00 GMT+0530 (India Standard Time)","24136.60","24140.00","24126.00","24140.00","24160.53","24182.58","24138.47","24204.63","24116.42","24226.68","24094.37","24097.77","24202.43","23967.33","24332.87","23862.67","24567.97","23627.57","15801370.00","4160.00"
"Thu Jul 16 2026 13:21:00 GMT+0530 (India Standard Time)","24140.00","24141.00","24135.00","24139.30","24160.48","24182.53","24138.43","24204.58","24116.38","24226.63","24094.33","24097.77","24202.43","23967.33","24332.87","23862.67","24567.97","23627.57","15802670.00","3900.00"
"Thu Jul 16 2026 13:22:00 GMT+0530 (India Standard Time)","24141.00","24141.90","24131.00","24138.30","24160.43","24182.49","24138.38","24204.54","24116.32","24226.59","24094.27","24097.77","24202.43","23967.33","24332.87","23862.67","24567.97","23627.57","15805010.00","4030.00"
"Thu Jul 16 2026 13:23:00 GMT+0530 (India Standard Time)","24138.30","24138.30","24130.00","24131.00","24160.36","24182.43","24138.29","24204.50","24116.22","24226.57","24094.15","24097.77","24202.43","23967.33","24332.87","23862.67","24567.97","23627.57","15807220.00","5330.00"
"Thu Jul 16 2026 13:24:00 GMT+0530 (India Standard Time)","24131.00","24136.20","24130.00","24133.20","24160.27","24182.36","24138.19","24204.45","24116.10","24226.54","24094.01","24097.77","24202.43","23967.33","24332.87","23862.67","24567.97","23627.57","15809170.00","5980.00"
"Thu Jul 16 2026 13:25:00 GMT+0530 (India Standard Time)","24133.20","24133.30","24121.00","24121.00","24160.00","24182.21","24137.78","24204.43","24115.56","24226.65","24093.34","24097.77","24202.43","23967.33","24332.87","23862.67","24567.97","23627.57","15810665.00","15470.00"
"Thu Jul 16 2026 13:26:00 GMT+0530 (India Standard Time)","24121.00","24123.10","24115.10","24117.50","24159.61","24182.08","24137.13","24204.55","24114.66","24227.03","24092.18","24097.77","24202.43","23967.33","24332.87","23862.67","24567.97","23627.57","15813265.00","18655.00"
"Thu Jul 16 2026 13:27:00 GMT+0530 (India Standard Time)","24117.50","24123.90","24115.20","24118.00","24159.26","24181.94","24136.57","24204.63","24113.88","24227.32","24091.19","24097.77","24202.43","23967.33","24332.87","23862.67","24567.97","23627.57","15819895.00","17160.00"
"Thu Jul 16 2026 13:28:00 GMT+0530 (India Standard Time)","24118.00","24124.90","24116.10","24120.00","24159.15","24181.90","24136.40","24204.65","24113.65","24227.40","24090.90","24097.77","24202.43","23967.33","24332.87","23862.67","24567.97","23627.57","15822430.00","5590.00"
"Thu Jul 16 2026 13:29:00 GMT+0530 (India Standard Time)","24120.00","24124.50","24119.00","24123.90","24159.03","24181.84","24136.23","24204.64","24113.42","24227.45","24090.61","24097.77","24202.43","23967.33","24332.87","23862.67","24567.97","23627.57","15825225.00","6370.00"
"Thu Jul 16 2026 13:30:00 GMT+0530 (India Standard Time)","24120.00","24120.00","24085.00","24104.60","24157.26","24181.74","24132.78","24206.22","24108.30","24230.71","24083.82","24097.77","24202.43","23967.33","24332.87","23862.67","24567.97","23627.57","15828930.00","65780.00"
"Thu Jul 16 2026 13:31:00 GMT+0530 (India Standard Time)","24100.20","24102.30","24085.00","24090.00","24156.85","24181.79","24131.91","24206.73","24106.97","24231.67","24082.03","24097.77","24202.43","23967.33","24332.87","23862.67","24567.97","23627.57","15830555.00","13260.00"
"Thu Jul 16 2026 13:32:00 GMT+0530 (India Standard Time)","24090.00","24102.00","24085.00","24091.00","24156.54","24181.82","24131.27","24207.09","24105.99","24232.36","24080.72","24097.77","24202.43","23967.33","24332.87","23862.67","24567.97","23627.57","15833935.00","10075.00"
"Thu Jul 16 2026 13:33:00 GMT+0530 (India Standard Time)","24091.00","24102.00","24090.00","24091.00","24156.27","24181.82","24130.72","24207.37","24105.17","24232.92","24079.62","24097.77","24202.43","23967.33","24332.87","23862.67","24567.97","23627.57","15838420.00","9165.00"
"Thu Jul 16 2026 13:34:00 GMT+0530 (India Standard Time)","24091.00","24103.40","24091.00","24095.00","24155.90","24181.80","24130.00","24207.70","24104.10","24233.60","24078.21","24097.77","24202.43","23967.33","24332.87","23862.67","24567.97","23627.57","15840695.00","13130.00"
"Thu Jul 16 2026 13:35:00 GMT+0530 (India Standard Time)","24095.00","24100.80","24091.00","24095.10","24155.72","24181.79","24129.65","24207.86","24103.58","24233.92","24077.51","24097.77","24202.43","23967.33","24332.87","23862.67","24567.97","23627.57","15842190.00","6370.00"
"Thu Jul 16 2026 13:36:00 GMT+0530 (India Standard Time)","24095.10","24099.60","24092.00","24098.00","24155.58","24181.78","24129.39","24207.97","24103.20","24234.16","24077.00","24097.77","24202.43","23967.33","24332.87","23862.67","24567.97","23627.57","15844400.00","4940.00"
"Thu Jul 16 2026 13:37:00 GMT+0530 (India Standard Time)","24098.00","24098.00","24078.00","24080.00","24155.12","24181.84","24128.40","24208.56","24101.68","24235.28","24074.96","24097.77","24202.43","23967.33","24332.87","23862.67","24567.97","23627.57","15846480.00","14170.00"
"Thu Jul 16 2026 13:38:00 GMT+0530 (India Standard Time)","24080.00","24082.20","24071.00","24076.30","24154.31","24182.05","24126.58","24209.79","24098.84","24237.52","24071.10","24097.77","24202.43","23967.33","24332.87","23862.67","24567.97","23627.57","15847585.00","22230.00"
"Thu Jul 16 2026 13:39:00 GMT+0530 (India Standard Time)","24071.00","24080.00","24066.00","24070.00","24153.49","24182.28","24124.70","24211.07","24095.90","24239.86","24067.11","24097.77","24202.43","23967.33","24332.87","23862.67","24567.97","23627.57","15852655.00","21970.00"
"Thu Jul 16 2026 13:40:00 GMT+0530 (India Standard Time)","24070.00","24074.30","24055.20","24067.60","24152.60","24182.56","24122.64","24212.52","24092.68","24242.48","24062.72","24097.77","24202.43","23967.33","24332.87","23862.67","24567.97","23627.57","15861885.00","22360.00"
"Thu Jul 16 2026 13:41:00 GMT+0530 (India Standard Time)","24067.60","24070.00","24056.00","24063.30","24152.24","24182.67","24121.82","24213.10","24091.39","24243.53","24060.96","24097.77","24202.43","23967.33","24332.87","23862.67","24567.97","23627.57","15858895.00","8840.00"
"Thu Jul 16 2026 13:42:00 GMT+0530 (India Standard Time)","24063.30","24069.80","24060.50","24069.20","24151.95","24182.73","24121.17","24213.52","24090.39","24244.30","24059.61","24097.77","24202.43","23967.33","24332.87","23862.67","24567.97","23627.57","15859870.00","7540.00"
"Thu Jul 16 2026 13:43:00 GMT+0530 (India Standard Time)","24069.20","24071.70","24061.00","24067.50","24151.73","24182.78","24120.69","24213.82","24089.65","24244.86","24058.61","24097.77","24202.43","23967.33","24332.87","23862.67","24567.97","23627.57","15862405.00","5720.00"
"Thu Jul 16 2026 13:44:00 GMT+0530 (India Standard Time)","24067.50","24068.70","24059.80","24059.80","24151.19","24182.90","24119.48","24214.61","24087.77","24246.33","24056.06","24097.77","24202.43","23967.33","24332.87","23862.67","24567.97","23627.57","15865590.00","13650.00"
"Thu Jul 16 2026 13:45:00 GMT+0530 (India Standard Time)","24059.80","24068.00","24059.60","24066.30","24150.67","24182.99","24118.35","24215.31","24086.04","24247.62","24053.72","24097.77","24202.43","23967.33","24332.87","23862.67","24567.97","23627.57","15862535.00","13650.00"
"Thu Jul 16 2026 13:46:00 GMT+0530 (India Standard Time)","24066.30","24071.40","24064.30","24070.00","24150.23","24183.02","24117.45","24215.80","24084.66","24248.59","24051.88","24097.77","24202.43","23967.33","24332.87","23862.67","24567.97","23627.57","15863835.00","12220.00"
"Thu Jul 16 2026 13:47:00 GMT+0530 (India Standard Time)","24070.00","24072.00","24065.00","24069.90","24149.97","24183.02","24116.91","24216.08","24083.85","24249.14","24050.80","24097.77","24202.43","23967.33","24332.87","23862.67","24567.97","23627.57","15866175.00","7410.00"
"Thu Jul 16 2026 13:48:00 GMT+0530 (India Standard Time)","24069.90","24070.60","24064.70","24070.00","24149.74","24183.03","24116.45","24216.32","24083.15","24249.61","24049.86","24097.77","24202.43","23967.33","24332.87","23862.67","24567.97","23627.57","15868515.00","6435.00"
"Thu Jul 16 2026 13:49:00 GMT+0530 (India Standard Time)","24070.00","24070.00","24065.10","24067.60","24149.50","24183.03","24115.96","24216.57","24082.42","24250.11","24048.88","24097.77","24202.43","23967.33","24332.87","23862.67","24567.97","23627.57","15872805.00","6760.00"
"Thu Jul 16 2026 13:50:00 GMT+0530 (India Standard Time)","24066.10","24073.50","24065.80","24069.90","24149.08","24183.02","24115.14","24216.96","24081.20","24250.90","24047.26","24097.77","24202.43","23967.33","24332.87","23862.67","24567.97","23627.57","15875015.00","12025.00"
"Thu Jul 16 2026 13:51:00 GMT+0530 (India Standard Time)","24069.90","24075.60","24068.80","24075.60","24148.68","24182.97","24114.39","24217.26","24080.11","24251.55","24045.82","24097.77","24202.43","23967.33","24332.87","23862.67","24567.97","23627.57","15877095.00","12090.00"
"Thu Jul 16 2026 13:52:00 GMT+0530 (India Standard Time)","24078.70","24088.40","24071.20","24080.00","24148.42","24182.91","24113.94","24217.39","24079.45","24251.88","24044.97","24097.77","24202.43","23967.33","24332.87","23862.67","24567.97","23627.57","15877225.00","8840.00"
"Thu Jul 16 2026 13:53:00 GMT+0530 (India Standard Time)","24080.00","24090.00","24075.20","24075.20","24148.26","24182.87","24113.66","24217.47","24079.06","24252.07","24044.46","24097.77","24202.43","23967.33","24332.87","23862.67","24567.97","23627.57","15879565.00","5395.00"
"Thu Jul 16 2026 13:54:00 GMT+0530 (India Standard Time)","24075.20","24087.40","24070.40","24074.00","24148.08","24182.82","24113.33","24217.57","24078.58","24252.32","24043.84","24097.77","24202.43","23967.33","24332.87","23862.67","24567.97","23627.57","15881580.00","6175.00"
"Thu Jul 16 2026 13:55:00 GMT+0530 (India Standard Time)","24074.00","24094.40","24074.00","24094.40","24147.96","24182.78","24113.15","24217.59","24078.33","24252.40","24043.52","24097.77","24202.43","23967.33","24332.87","23862.67","24567.97","23627.57","15884115.00","4485.00"
"Thu Jul 16 2026 13:56:00 GMT+0530 (India Standard Time)","24091.00","24101.00","24082.70","24090.00","24147.70","24182.65","24112.76","24217.59","24077.82","24252.53","24042.87","24097.77","24202.43","23967.33","24332.87","23862.67","24567.97","23627.57","15885870.00","10660.00"
"Thu Jul 16 2026 13:57:00 GMT+0530 (India Standard Time)","24090.00","24098.00","24090.00","24095.00","24147.58","24182.58","24112.58","24217.57","24077.58","24252.57","24042.58","24097.77","24202.43","23967.33","24332.87","23862.67","24567.97","23627.57","15883985.00","5655.00"
"Thu Jul 16 2026 13:58:00 GMT+0530 (India Standard Time)","24095.00","24099.00","24090.00","24090.50","24147.49","24182.53","24112.45","24217.57","24077.41","24252.61","24042.37","24097.77","24202.43","23967.33","24332.87","23862.67","24567.97","23627.57","15885480.00","3900.00"
"Thu Jul 16 2026 13:59:00 GMT+0530 (India Standard Time)","24090.50","24105.00","24090.00","24099.00","24147.41","24182.48","24112.34","24217.54","24077.28","24252.61","24042.21","24097.77","24202.43","23967.33","24332.87","23862.67","24567.97","23627.57","15886585.00","3705.00"
"Thu Jul 16 2026 14:00:00 GMT+0530 (India Standard Time)","24099.00","24107.00","24090.00","24091.30","24147.27","24182.39","24112.15","24217.51","24077.03","24252.63","24041.91","24097.77","24202.43","23967.33","24332.87","23862.67","24567.97","23627.57","15888275.00","6435.00"
"Thu Jul 16 2026 14:01:00 GMT+0530 (India Standard Time)","24091.30","24105.50","24091.30","24103.60","24147.20","24182.34","24112.06","24217.48","24076.92","24252.63","24041.78","24097.77","24202.43","23967.33","24332.87","23862.67","24567.97","23627.57","15889185.00","3510.00"
"Thu Jul 16 2026 14:02:00 GMT+0530 (India Standard Time)","24103.60","24109.80","24095.00","24107.20","24147.12","24182.28","24111.97","24217.44","24076.81","24252.60","24041.65","24097.77","24202.43","23967.33","24332.87","23862.67","24567.97","23627.57","15890875.00","4225.00"
"Thu Jul 16 2026 14:03:00 GMT+0530 (India Standard Time)","24107.20","24108.00","24095.00","24095.00","24147.03","24182.22","24111.85","24217.40","24076.66","24252.59","24041.48","24097.77","24202.43","23967.33","24332.87","23862.67","24567.97","23627.57","15892825.00","4550.00"
"Thu Jul 16 2026 14:04:00 GMT+0530 (India Standard Time)","24095.00","24106.70","24092.50","24103.30","24146.96","24182.17","24111.76","24217.37","24076.55","24252.58","24041.35","24097.77","24202.43","23967.33","24332.87","23862.67","24567.97","23627.57","15895035.00","3575.00"
"Thu Jul 16 2026 14:05:00 GMT+0530 (India Standard Time)","24103.30","24106.00","24092.50","24106.00","24146.89","24182.11","24111.66","24217.34","24076.44","24252.56","24041.22","24097.77","24202.43","23967.33","24332.87","23862.67","24567.97","23627.57","15895945.00","3965.00"
"Thu Jul 16 2026 14:06:00 GMT+0530 (India Standard Time)","24106.00","24110.00","24093.10","24110.00","24146.79","24182.03","24111.55","24217.28","24076.31","24252.52","24041.07","24097.77","24202.43","23967.33","24332.87","23862.67","24567.97","23627.57","15896790.00","5460.00"
"Thu Jul 16 2026 14:07:00 GMT+0530 (India Standard Time)","24098.50","24110.00","24098.10","24106.60","24146.70","24181.96","24111.44","24217.21","24076.18","24252.47","24040.92","24097.77","24202.43","23967.33","24332.87","23862.67","24567.97","23627.57","15900300.00","5460.00"
"Thu Jul 16 2026 14:08:00 GMT+0530 (India Standard Time)","24106.60","24108.20","24098.00","24100.00","24146.62","24181.90","24111.34","24217.17","24076.06","24252.45","24040.79","24097.77","24202.43","23967.33","24332.87","23862.67","24567.97","23627.57","15901925.00","4225.00"
"Thu Jul 16 2026 14:09:00 GMT+0530 (India Standard Time)","24100.00","24103.80","24092.50","24100.00","24146.53","24181.83","24111.22","24217.14","24075.91","24252.44","24040.61","24097.77","24202.43","23967.33","24332.87","23862.67","24567.97","23627.57","15903420.00","4680.00"
"Thu Jul 16 2026 14:10:00 GMT+0530 (India Standard Time)","24100.00","24100.00","24092.00","24092.50","24146.45","24181.78","24111.11","24217.12","24075.77","24252.46","24040.44","24097.77","24202.43","23967.33","24332.87","23862.67","24567.97","23627.57","15903420.00","3705.00"
"Thu Jul 16 2026 14:11:00 GMT+0530 (India Standard Time)","24100.00","24105.60","24092.00","24103.60","24146.35","24181.71","24110.98","24217.07","24075.62","24252.44","24040.26","24097.77","24202.43","23967.33","24332.87","23862.67","24567.97","23627.57","15903420.00","5200.00"
"Thu Jul 16 2026 14:12:00 GMT+0530 (India Standard Time)","24103.60","24106.30","24092.00","24099.80","24146.27","24181.65","24110.88","24217.04","24075.49","24252.42","24040.11","24097.77","24202.43","23967.33","24332.87","23862.67","24567.97","23627.57","15904980.00","4225.00"
"Thu Jul 16 2026 14:13:00 GMT+0530 (India Standard Time)","24099.80","24109.90","24095.00","24095.00","24146.20","24181.60","24110.79","24217.01","24075.39","24252.41","24039.99","24097.77","24202.43","23967.33","24332.87","23862.67","24567.97","23627.57","15906540.00","3510.00"
"Thu Jul 16 2026 14:14:00 GMT+0530 (India Standard Time)","24095.00","24107.50","24095.00","24100.00","24146.11","24181.54","24110.68","24216.96","24075.26","24252.39","24039.83","24097.77","24202.43","23967.33","24332.87","23862.67","24567.97","23627.57","15907450.00","4745.00"
"Thu Jul 16 2026 14:15:00 GMT+0530 (India Standard Time)","24100.00","24105.00","24092.50","24104.70","24146.04","24181.48","24110.60","24216.93","24075.15","24252.37","24039.71","24097.77","24202.43","23967.33","24332.87","23862.67","24567.97","23627.57","15909075.00","3770.00"
"Thu Jul 16 2026 14:16:00 GMT+0530 (India Standard Time)","24104.70","24110.00","24092.80","24110.00","24145.94","24181.40","24110.48","24216.86","24075.02","24252.32","24039.56","24097.77","24202.43","23967.33","24332.87","23862.67","24567.97","23627.57","15910180.00","5980.00"
"Thu Jul 16 2026 14:17:00 GMT+0530 (India Standard Time)","24110.00","24119.00","24098.00","24109.00","24145.81","24181.28","24110.34","24216.74","24074.88","24252.21","24039.41","24097.77","24202.43","23967.33","24332.87","23862.67","24567.97","23627.57","15912065.00","8515.00"
"Thu Jul 16 2026 14:18:00 GMT+0530 (India Standard Time)","24109.00","24120.80","24107.80","24117.10","24145.61","24181.05","24110.18","24216.49","24074.74","24251.92","24039.30","24097.77","24202.43","23967.33","24332.87","23862.67","24567.97","23627.57","15913105.00","15860.00"
"Thu Jul 16 2026 14:19:00 GMT+0530 (India Standard Time)","24110.00","24117.90","24110.00","24115.80","24145.56","24180.99","24110.13","24216.42","24074.70","24251.85","24039.27","24097.77","24202.43","23967.33","24332.87","23862.67","24567.97","23627.57","15907710.00","3965.00"
"Thu Jul 16 2026 14:20:00 GMT+0530 (India Standard Time)","24115.80","24115.80","24097.10","24110.40","24145.47","24180.91","24110.04","24216.35","24074.60","24251.78","24039.17","24097.77","24202.43","23967.33","24332.87","23862.67","24567.97","23627.57","15908685.00","5850.00"
"Thu Jul 16 2026 14:21:00 GMT+0530 (India Standard Time)","24110.40","24111.60","24091.30","24104.40","24145.40","24180.85","24109.95","24216.30","24074.50","24251.75","24039.05","24097.77","24202.43","23967.33","24332.87","23862.67","24567.97","23627.57","15910180.00","4030.00"
"Thu Jul 16 2026 14:22:00 GMT+0530 (India Standard Time)","24104.40","24104.90","24090.70","24093.50","24145.35","24180.82","24109.88","24216.28","24074.41","24251.75","24038.94","24097.77","24202.43","23967.33","24332.87","23862.67","24567.97","23627.57","15677415.00","2795.00"
"Thu Jul 16 2026 14:23:00 GMT+0530 (India Standard Time)","24093.50","24106.80","24092.50","24104.50","24145.29","24180.77","24109.81","24216.25","24074.33","24251.73","24038.85","24097.77","24202.43","23967.33","24332.87","23862.67","24567.97","23627.57","15671110.00","3185.00"
"Thu Jul 16 2026 14:24:00 GMT+0530 (India Standard Time)","24104.50","24106.70","24092.70","24104.10","24145.22","24180.72","24109.73","24216.21","24074.23","24251.71","24038.74","24097.77","24202.43","23967.33","24332.87","23862.67","24567.97","23627.57","15671370.00","3965.00"
"Thu Jul 16 2026 14:25:00 GMT+0530 (India Standard Time)","24104.10","24104.80","24090.00","24103.40","24145.14","24180.66","24109.62","24216.17","24074.10","24251.69","24038.59","24097.77","24202.43","23967.33","24332.87","23862.67","24567.97","23627.57","15672865.00","4550.00"
"Thu Jul 16 2026 14:26:00 GMT+0530 (India Standard Time)","24103.40","24103.60","24093.00","24102.80","24145.08","24180.61","24109.55","24216.14","24074.02","24251.67","24038.49","24097.77","24202.43","23967.33","24332.87","23862.67","24567.97","23627.57","15673905.00","3250.00"
"Thu Jul 16 2026 14:27:00 GMT+0530 (India Standard Time)","24102.80","24104.70","24093.00","24099.20","24145.03","24180.57","24109.49","24216.12","24073.94","24251.66","24038.40","24097.77","24202.43","23967.33","24332.87","23862.67","24567.97","23627.57","15674425.00","2665.00"
"Thu Jul 16 2026 14:28:00 GMT+0530 (India Standard Time)","24099.20","24101.20","24093.00","24099.40","24144.94","24180.51","24109.37","24216.08","24073.80","24251.65","24038.23","24097.77","24202.43","23967.33","24332.87","23862.67","24567.97","23627.57","15667470.00","4810.00"
"Thu Jul 16 2026 14:29:00 GMT+0530 (India Standard Time)","24099.40","24104.50","24098.30","24103.30","24144.65","24180.27","24109.03","24215.90","24073.40","24251.52","24037.78","24097.77","24202.43","23967.33","24332.87","23862.67","24567.97","23627.57","15666690.00","16965.00"
"Thu Jul 16 2026 14:30:00 GMT+0530 (India Standard Time)","24103.80","24110.70","24097.40","24109.90","24144.44","24180.08","24108.80","24215.72","24073.16","24251.36","24037.52","24097.77","24202.43","23967.33","24332.87","23862.67","24567.97","23627.57","15669355.00","13780.00"
"Thu Jul 16 2026 14:31:00 GMT+0530 (India Standard Time)","24109.90","24110.10","24105.00","24105.00","24144.36","24180.00","24108.71","24215.65","24073.07","24251.29","24037.43","24097.77","24202.43","23967.33","24332.87","23862.67","24567.97","23627.57","15672410.00","5590.00"
"Thu Jul 16 2026 14:32:00 GMT+0530 (India Standard Time)","24105.00","24114.90","24104.70","24114.90","24144.30","24179.94","24108.66","24215.58","24073.02","24251.22","24037.38","24097.77","24202.43","23967.33","24332.87","23862.67","24567.97","23627.57","15674555.00","4420.00"
"Thu Jul 16 2026 14:33:00 GMT+0530 (India Standard Time)","24114.90","24114.90","24105.00","24108.30","24144.25","24179.89","24108.61","24215.52","24072.97","24251.16","24037.33","24097.77","24202.43","23967.33","24332.87","23862.67","24567.97","23627.57","15665845.00","4030.00"
"Thu Jul 16 2026 14:34:00 GMT+0530 (India Standard Time)","24108.30","24112.30","24100.00","24108.00","24144.16","24179.80","24108.51","24215.44","24072.87","24251.08","24037.23","24097.77","24202.43","23967.33","24332.87","23862.67","24567.97","23627.57","15668380.00","6240.00"
"Thu Jul 16 2026 14:35:00 GMT+0530 (India Standard Time)","24107.60","24110.60","24105.70","24109.10","24144.11","24179.75","24108.47","24215.40","24072.82","24251.04","24037.18","24097.77","24202.43","23967.33","24332.87","23862.67","24567.97","23627.57","15669095.00","3250.00"
"Thu Jul 16 2026 14:36:00 GMT+0530 (India Standard Time)","24109.10","24111.40","24103.60","24105.70","24144.05","24179.70","24108.41","24215.34","24072.76","24250.99","24037.12","24097.77","24202.43","23967.33","24332.87","23862.67","24567.97","23627.57","15664740.00","3965.00"
"Thu Jul 16 2026 14:37:00 GMT+0530 (India Standard Time)","24105.70","24107.50","24100.00","24104.90","24143.98","24179.63","24108.33","24215.29","24072.67","24250.94","24037.02","24097.77","24202.43","23967.33","24332.87","23862.67","24567.97","23627.57","15660255.00","4745.00"
"Thu Jul 16 2026 14:38:00 GMT+0530 (India Standard Time)","24104.90","24106.30","24102.20","24102.20","24143.90","24179.57","24108.24","24215.23","24072.58","24250.89","24036.92","24097.77","24202.43","23967.33","24332.87","23862.67","24567.97","23627.57","15652325.00","4745.00"
"Thu Jul 16 2026 14:39:00 GMT+0530 (India Standard Time)","24102.20","24105.90","24102.20","24104.30","24143.85","24179.51","24108.18","24215.18","24072.51","24250.85","24036.84","24097.77","24202.43","23967.33","24332.87","23862.67","24567.97","23627.57","15654990.00","3835.00"
"Thu Jul 16 2026 14:40:00 GMT+0530 (India Standard Time)","24106.00","24106.90","24097.10","24098.90","24143.74","24179.43","24108.05","24215.12","24072.36","24250.80","24036.67","24097.77","24202.43","23967.33","24332.87","23862.67","24567.97","23627.57","15658565.00","6565.00"
"Thu Jul 16 2026 14:41:00 GMT+0530 (India Standard Time)","24098.80","24105.00","24090.00","24105.00","24143.54","24179.27","24107.80","24215.00","24072.07","24250.73","24036.34","24097.77","24202.43","23967.33","24332.87","23862.67","24567.97","23627.57","15663700.00","11960.00"
"Thu Jul 16 2026 14:42:00 GMT+0530 (India Standard Time)","24106.10","24113.50","24095.00","24112.00","24143.43","24179.16","24107.69","24214.89","24071.96","24250.62","24036.23","24097.77","24202.43","23967.33","24332.87","23862.67","24567.97","23627.57","15672150.00","7800.00"
"Thu Jul 16 2026 14:43:00 GMT+0530 (India Standard Time)","24112.00","24112.90","24103.00","24103.00","24143.34","24179.08","24107.61","24214.81","24071.87","24250.55","24036.13","24097.77","24202.43","23967.33","24332.87","23862.67","24567.97","23627.57","15658240.00","5915.00"
"Thu Jul 16 2026 14:44:00 GMT+0530 (India Standard Time)","24103.00","24113.90","24100.10","24113.00","24143.27","24179.00","24107.53","24214.73","24071.80","24250.47","24036.07","24097.77","24202.43","23967.33","24332.87","23862.67","24567.97","23627.57","15659735.00","5655.00"
"Thu Jul 16 2026 14:45:00 GMT+0530 (India Standard Time)","24113.00","24113.60","24099.00","24100.30","24143.21","24178.95","24107.47","24214.68","24071.73","24250.42","24035.99","24097.77","24202.43","23967.33","24332.87","23862.67","24567.97","23627.57","15661360.00","3965.00"
"Thu Jul 16 2026 14:46:00 GMT+0530 (India Standard Time)","24100.30","24113.30","24100.00","24111.00","24143.16","24178.90","24107.43","24214.64","24071.69","24250.38","24035.95","24097.77","24202.43","23967.33","24332.87","23862.67","24567.97","23627.57","15663310.00","3250.00"
"Thu Jul 16 2026 14:47:00 GMT+0530 (India Standard Time)","24111.00","24113.90","24102.00","24113.90","24143.12","24178.86","24107.39","24214.59","24071.65","24250.32","24035.92","24097.77","24202.43","23967.33","24332.87","23862.67","24567.97","23627.57","15664675.00","3380.00"
"Thu Jul 16 2026 14:48:00 GMT+0530 (India Standard Time)","24113.90","24113.90","24102.00","24106.00","24143.08","24178.81","24107.35","24214.55","24071.61","24250.28","24035.88","24097.77","24202.43","23967.33","24332.87","23862.67","24567.97","23627.57","15657330.00","3120.00"
"Thu Jul 16 2026 14:49:00 GMT+0530 (India Standard Time)","24106.00","24110.20","24100.00","24100.00","24143.02","24178.76","24107.28","24214.50","24071.54","24250.24","24035.80","24097.77","24202.43","23967.33","24332.87","23862.67","24567.97","23627.57","15659150.00","3835.00"
"Thu Jul 16 2026 14:50:00 GMT+0530 (India Standard Time)","24095.30","24109.00","24095.00","24108.60","24142.96","24178.70","24107.21","24214.45","24071.47","24250.19","24035.72","24097.77","24202.43","23967.33","24332.87","23862.67","24567.97","23627.57","15660190.00","4290.00"
"Thu Jul 16 2026 14:51:00 GMT+0530 (India Standard Time)","24108.60","24108.60","24096.10","24100.00","24142.88","24178.64","24107.12","24214.39","24071.37","24250.15","24035.61","24097.77","24202.43","23967.33","24332.87","23862.67","24567.97","23627.57","15660450.00","5070.00"
"Thu Jul 16 2026 14:52:00 GMT+0530 (India Standard Time)","24100.00","24109.30","24096.10","24108.90","24142.83","24178.59","24107.07","24214.35","24071.31","24250.11","24035.55","24097.77","24202.43","23967.33","24332.87","23862.67","24567.97","23627.57","15661945.00","3380.00"
"Thu Jul 16 2026 14:53:00 GMT+0530 (India Standard Time)","24108.90","24112.00","24100.00","24112.00","24142.80","24178.56","24107.04","24214.32","24071.28","24250.08","24035.52","24097.77","24202.43","23967.33","24332.87","23862.67","24567.97","23627.57","15654730.00","2470.00"
"Thu Jul 16 2026 14:54:00 GMT+0530 (India Standard Time)","24112.00","24112.20","24102.00","24112.00","24142.77","24178.53","24107.01","24214.28","24071.25","24250.04","24035.49","24097.77","24202.43","23967.33","24332.87","23862.67","24567.97","23627.57","15655835.00","2340.00"
"Thu Jul 16 2026 14:55:00 GMT+0530 (India Standard Time)","24112.00","24116.90","24104.10","24105.00","24142.73","24178.49","24106.97","24214.24","24071.22","24250.00","24035.46","24097.77","24202.43","23967.33","24332.87","23862.67","24567.97","23627.57","15656355.00","2925.00"
"Thu Jul 16 2026 14:56:00 GMT+0530 (India Standard Time)","24105.00","24120.00","24105.00","24120.00","24142.67","24178.41","24106.93","24214.15","24071.19","24249.89","24035.45","24097.77","24202.43","23967.33","24332.87","23862.67","24567.97","23627.57","15656550.00","6045.00"
"Thu Jul 16 2026 14:57:00 GMT+0530 (India Standard Time)","24111.10","24120.80","24109.00","24112.00","24142.63","24178.36","24106.90","24214.09","24071.17","24249.82","24035.44","24097.77","24202.43","23967.33","24332.87","23862.67","24567.97","23627.57","15657460.00","3575.00"
"Thu Jul 16 2026 14:58:00 GMT+0530 (India Standard Time)","24119.30","24124.00","24111.00","24124.00","24142.51","24178.18","24106.83","24213.86","24071.16","24249.53","24035.48","24097.77","24202.43","23967.33","24332.87","23862.67","24567.97","23627.57","15651805.00","14300.00"
"Thu Jul 16 2026 14:59:00 GMT+0530 (India Standard Time)","24124.00","24125.00","24110.00","24124.60","24142.35","24177.95","24106.75","24213.55","24071.15","24249.15","24035.55","24097.77","24202.43","23967.33","24332.87","23862.67","24567.97","23627.57","15637245.00","18720.00"
"Thu Jul 16 2026 15:00:00 GMT+0530 (India Standard Time)","24124.80","24131.60","24113.00","24125.80","24142.15","24177.62","24106.69","24213.09","24071.22","24248.55","24035.75","24097.77","24202.43","23967.33","24332.87","23862.67","24567.97","23627.57","15639390.00","28340.00"
"Thu Jul 16 2026 15:01:00 GMT+0530 (India Standard Time)","24125.80","24125.80","24098.90","24103.20","24142.00","24177.45","24106.54","24212.91","24071.09","24248.36","24035.64","24097.77","24202.43","23967.33","24332.87","23862.67","24567.97","23627.57","15646150.00","12805.00"
"Thu Jul 16 2026 15:02:00 GMT+0530 (India Standard Time)","24103.20","24104.60","24088.20","24102.60","24141.74","24177.24","24106.23","24212.75","24070.72","24248.26","24035.21","24097.77","24202.43","23967.33","24332.87","23862.67","24567.97","23627.57","15648815.00","16640.00"
"Thu Jul 16 2026 15:03:00 GMT+0530 (India Standard Time)","24102.60","24102.60","24085.30","24085.30","24141.58","24177.15","24106.02","24212.71","24070.46","24248.27","24034.89","24097.77","24202.43","23967.33","24332.87","23862.67","24567.97","23627.57","15637895.00","8385.00"
"Thu Jul 16 2026 15:04:00 GMT+0530 (India Standard Time)","24085.30","24093.70","24085.00","24085.00","24141.47","24177.08","24105.87","24212.69","24070.26","24248.30","24034.65","24097.77","24202.43","23967.33","24332.87","23862.67","24567.97","23627.57","15642965.00","5590.00"
"Thu Jul 16 2026 15:05:00 GMT+0530 (India Standard Time)","24085.00","24100.00","24085.00","24099.70","24141.29","24176.95","24105.63","24212.61","24069.97","24248.27","24034.31","24097.77","24202.43","23967.33","24332.87","23862.67","24567.97","23627.57","15651545.00","11050.00"
"Thu Jul 16 2026 15:06:00 GMT+0530 (India Standard Time)","24099.70","24102.90","24089.00","24089.00","24141.21","24176.89","24105.52","24212.57","24069.84","24248.26","24034.16","24097.77","24202.43","23967.33","24332.87","23862.67","24567.97","23627.57","15653430.00","4810.00"
"Thu Jul 16 2026 15:07:00 GMT+0530 (India Standard Time)","24089.00","24098.00","24085.80","24098.00","24141.02","24176.76","24105.28","24212.49","24069.55","24248.23","24033.81","24097.77","24202.43","23967.33","24332.87","23862.67","24567.97","23627.57","15657655.00","11115.00"
"Thu Jul 16 2026 15:08:00 GMT+0530 (India Standard Time)","24098.00","24102.10","24085.80","24090.00","24140.91","24176.68","24105.14","24212.45","24069.38","24248.22","24033.61","24097.77","24202.43","23967.33","24332.87","23862.67","24567.97","23627.57","15652455.00","6175.00"
"Thu Jul 16 2026 15:09:00 GMT+0530 (India Standard Time)","24090.00","24101.90","24085.70","24085.70","24140.78","24176.59","24104.97","24212.41","24069.16","24248.22","24033.34","24097.77","24202.43","23967.33","24332.87","23862.67","24567.97","23627.57","15655445.00","7410.00"
"Thu Jul 16 2026 15:10:00 GMT+0530 (India Standard Time)","24085.70","24098.40","24085.70","24085.70","24140.64","24176.50","24104.77","24212.36","24068.91","24248.23","24033.04","24097.77","24202.43","23967.33","24332.87","23862.67","24567.97","23627.57","15657395.00","8060.00"
"Thu Jul 16 2026 15:11:00 GMT+0530 (India Standard Time)","24085.70","24095.00","24085.70","24086.00","24140.52","24176.43","24104.61","24212.33","24068.70","24248.24","24032.79","24097.77","24202.43","23967.33","24332.87","23862.67","24567.97","23627.57","15660710.00","6500.00"
"Thu Jul 16 2026 15:12:00 GMT+0530 (India Standard Time)","24086.00","24099.90","24086.00","24090.70","24140.39","24176.33","24104.44","24212.28","24068.49","24248.23","24032.54","24097.77","24202.43","23967.33","24332.87","23862.67","24567.97","23627.57","15660060.00","7605.00"
"Thu Jul 16 2026 15:13:00 GMT+0530 (India Standard Time)","24090.70","24102.00","24090.10","24093.00","24140.27","24176.24","24104.29","24212.22","24068.31","24248.19","24032.34","24097.77","24202.43","23967.33","24332.87","23862.67","24567.97","23627.57","15651935.00","7605.00"
"Thu Jul 16 2026 15:14:00 GMT+0530 (India Standard Time)","24093.00","24103.00","24090.00","24094.00","24140.15","24176.15","24104.15","24212.15","24068.15","24248.15","24032.15","24097.77","24202.43","23967.33","24332.87","23862.67","24567.97","23627.57","15655185.00","7215.00"
"Thu Jul 16 2026 15:15:00 GMT+0530 (India Standard Time)","24094.00","24105.00","24091.60","24091.60","24140.02","24176.05","24104.00","24212.08","24067.97","24248.10","24031.94","24097.77","24202.43","23967.33","24332.87","23862.67","24567.97","23627.57","15655705.00","8385.00"
"Thu Jul 16 2026 15:16:00 GMT+0530 (India Standard Time)","24091.60","24097.90","24090.00","24091.30","24139.89","24175.95","24103.83","24212.01","24067.76","24248.07","24031.70","24097.77","24202.43","23967.33","24332.87","23862.67","24567.97","23627.57","15658305.00","8190.00"
"Thu Jul 16 2026 15:17:00 GMT+0530 (India Standard Time)","24091.30","24099.90","24090.00","24091.10","24139.78","24175.87","24103.69","24211.96","24067.60","24248.05","24031.51","24097.77","24202.43","23967.33","24332.87","23862.67","24567.97","23627.57","15659410.00","6760.00"
"Thu Jul 16 2026 15:18:00 GMT+0530 (India Standard Time)","24091.10","24100.90","24090.00","24099.40","24139.59","24175.71","24103.46","24211.83","24067.34","24247.95","24031.22","24097.77","24202.43","23967.33","24332.87","23862.67","24567.97","23627.57","15650830.00","13000.00"
"Thu Jul 16 2026 15:19:00 GMT+0530 (India Standard Time)","24095.70","24101.10","24095.00","24101.00","24139.40","24175.55","24103.26","24211.69","24067.12","24247.83","24030.97","24097.77","24202.43","23967.33","24332.87","23862.67","24567.97","23627.57","15649400.00","13065.00"
"Thu Jul 16 2026 15:20:00 GMT+0530 (India Standard Time)","24095.10","24100.90","24090.00","24093.00","24139.07","24175.28","24102.85","24211.50","24066.64","24247.71","24030.42","24097.77","24202.43","23967.33","24332.87","23862.67","24567.97","23627.57","15657980.00","21970.00"
"Thu Jul 16 2026 15:21:00 GMT+0530 (India Standard Time)","24091.00","24095.00","24087.00","24090.80","24138.68","24175.00","24102.36","24211.33","24066.03","24247.65","24029.71","24097.77","24202.43","23967.33","24332.87","23862.67","24567.97","23627.57","15665000.00","23530.00"
"Thu Jul 16 2026 15:22:00 GMT+0530 (India Standard Time)","24090.80","24093.70","24087.90","24092.90","24138.42","24174.81","24102.03","24211.20","24065.64","24247.60","24029.25","24097.77","24202.43","23967.33","24332.87","23862.67","24567.97","23627.57","15670330.00","16185.00"
"Thu Jul 16 2026 15:23:00 GMT+0530 (India Standard Time)","24090.80","24096.00","24090.00","24090.70","24138.23","24174.66","24101.79","24211.10","24065.35","24247.54","24028.92","24097.77","24202.43","23967.33","24332.87","23862.67","24567.97","23627.57","15657720.00","12610.00"
"Thu Jul 16 2026 15:24:00 GMT+0530 (India Standard Time)","24090.70","24098.00","24090.70","24098.00","24137.94","24174.42","24101.45","24210.90","24064.97","24247.38","24028.49","24097.77","24202.43","23967.33","24332.87","23862.67","24567.97","23627.57","15659800.00","20410.00"
"Thu Jul 16 2026 15:25:00 GMT+0530 (India Standard Time)","24095.00","24097.90","24091.50","24092.00","24137.67","24174.21","24101.14","24210.74","24064.61","24247.27","24028.08","24097.77","24202.43","23967.33","24332.87","23862.67","24567.97","23627.57","15661360.00","17875.00"
"Thu Jul 16 2026 15:26:00 GMT+0530 (India Standard Time)","24092.00","24095.00","24086.70","24093.90","24137.25","24173.87","24100.62","24210.50","24064.00","24247.13","24027.37","24097.77","24202.43","23967.33","24332.87","23862.67","24567.97","23627.57","15672865.00","28210.00"
"Thu Jul 16 2026 15:27:00 GMT+0530 (India Standard Time)","24093.90","24095.00","24089.10","24091.40","24137.04","24173.71","24100.36","24210.38","24063.69","24247.05","24027.02","24097.77","24202.43","23967.33","24332.87","23862.67","24567.97","23627.57","15671825.00","14300.00"
"Thu Jul 16 2026 15:28:00 GMT+0530 (India Standard Time)","24091.40","24098.00","24091.00","24098.00","24136.81","24173.51","24100.12","24210.21","24063.42","24246.91","24026.72","24097.77","24202.43","23967.33","24332.87","23862.67","24567.97","23627.57","15666495.00","16510.00"
"Thu Jul 16 2026 15:29:00 GMT+0530 (India Standard Time)","24093.00","24103.70","24093.00","24100.00","24136.47","24173.18","24099.76","24209.89","24063.06","24246.59","24026.35","24097.77","24202.43","23967.33","24332.87","23862.67","24567.97","23627.57","15671110.00","27950.00"
"Fri Jul 17 2026 09:15:00 GMT+0530 (India Standard Time)","24096.10","24135.00","24083.30","24135.00","24117.77","24117.77","24117.77","24117.77","24117.77","24117.77","24117.77","24125.07","24194.93","24030.13","24289.87","23960.27","24454.67","23795.47","15439255.00","47775.00"
"Fri Jul 17 2026 09:16:00 GMT+0530 (India Standard Time)","24135.00","24155.00","24135.00","24155.00","24135.67","24150.73","24120.61","24165.78","24105.55","24180.84","24090.50","24125.07","24194.93","24030.13","24289.87","23960.27","24454.67","23795.47","15447770.00","67535.00"
"Fri Jul 17 2026 09:17:00 GMT+0530 (India Standard Time)","24155.00","24164.00","24154.80","24161.40","24143.50","24160.34","24126.65","24177.18","24109.81","24194.03","24092.97","24125.07","24194.93","24030.13","24289.87","23960.27","24454.67","23795.47","15469220.00","54470.00"
"Fri Jul 17 2026 09:18:00 GMT+0530 (India Standard Time)","24161.40","24179.00","24160.00","24176.00","24148.16","24166.77","24129.55","24185.38","24110.94","24203.99","24092.33","24125.07","24194.93","24030.13","24289.87","23960.27","24454.67","23795.47","15478255.00","33670.00"
"Fri Jul 17 2026 09:19:00 GMT+0530 (India Standard Time)","24176.00","24185.00","24175.00","24180.00","24153.70","24174.48","24132.92","24195.26","24112.14","24216.05","24091.36","24125.07","24194.93","24030.13","24289.87","23960.27","24454.67","23795.47","15475980.00","42900.00"
"Fri Jul 17 2026 09:20:00 GMT+0530 (India Standard Time)","24180.00","24189.00","24169.90","24180.00","24156.75","24177.98","24135.51","24199.21","24114.28","24220.44","24093.05","24125.07","24194.93","24030.13","24289.87","23960.27","24454.67","23795.47","15483000.00","32760.00"
"Fri Jul 17 2026 09:21:00 GMT+0530 (India Standard Time)","24180.00","24183.20","24170.20","24180.00","24158.71","24179.83","24137.58","24200.96","24116.46","24222.08","24095.33","24125.07","24194.93","24030.13","24289.87","23960.27","24454.67","23795.47","15487680.00","28665.00"
"Fri Jul 17 2026 09:22:00 GMT+0530 (India Standard Time)","24180.00","24180.00","24169.50","24177.80","24159.90","24180.73","24139.07","24201.56","24118.24","24222.40","24097.40","24125.07","24194.93","24030.13","24289.87","23960.27","24454.67","23795.47","15491580.00","23140.00"
"Fri Jul 17 2026 09:23:00 GMT+0530 (India Standard Time)","24177.80","24180.00","24172.40","24175.30","24160.79","24181.36","24140.21","24201.94","24119.64","24222.51","24099.06","24125.07","24194.93","24030.13","24289.87","23960.27","24454.67","23795.47","15496065.00","19435.00"
"Fri Jul 17 2026 09:24:00 GMT+0530 (India Standard Time)","24175.30","24190.00","24172.00","24178.20","24162.36","24182.77","24141.95","24203.18","24121.54","24223.59","24101.12","24125.07","24194.93","24030.13","24289.87","23960.27","24454.67","23795.47","15498860.00","31070.00"
"Fri Jul 17 2026 09:25:00 GMT+0530 (India Standard Time)","24178.20","24190.90","24178.20","24190.00","24164.38","24185.02","24143.74","24205.66","24123.10","24226.30","24102.46","24125.07","24194.93","24030.13","24289.87","23960.27","24454.67","23795.47","15490995.00","35100.00"
"Fri Jul 17 2026 09:26:00 GMT+0530 (India Standard Time)","24190.00","24194.80","24182.40","24183.20","24165.29","24185.99","24144.60","24206.68","24123.90","24227.38","24103.21","24125.07","24194.93","24030.13","24289.87","23960.27","24454.67","23795.47","15490150.00","17615.00"
"Fri Jul 17 2026 09:27:00 GMT+0530 (India Standard Time)","24183.20","24195.00","24182.90","24191.90","24166.25","24187.09","24145.41","24207.93","24124.57","24228.77","24103.73","24125.07","24194.93","24030.13","24289.87","23960.27","24454.67","23795.47","15483130.00","17485.00"
"Fri Jul 17 2026 09:28:00 GMT+0530 (India Standard Time)","24191.90","24191.90","24185.60","24190.00","24166.98","24187.88","24146.09","24208.78","24125.19","24229.67","24104.29","24125.07","24194.93","24030.13","24289.87","23960.27","24454.67","23795.47","15488005.00","15015.00"
"Fri Jul 17 2026 09:29:00 GMT+0530 (India Standard Time)","24190.00","24198.00","24186.20","24197.70","24168.61","24189.86","24147.36","24211.11","24126.11","24232.37","24104.86","24125.07","24194.93","24030.13","24289.87","23960.27","24454.67","23795.47","15466100.00","29965.00"
"Fri Jul 17 2026 09:30:00 GMT+0530 (India Standard Time)","24198.00","24199.90","24184.20","24190.00","24170.28","24191.58","24148.98","24212.88","24127.68","24234.18","24106.38","24125.07","24194.93","24030.13","24289.87","23960.27","24454.67","23795.47","15469350.00","39390.00"
"Fri Jul 17 2026 09:31:00 GMT+0530 (India Standard Time)","24190.00","24198.20","24185.00","24185.00","24170.75","24191.99","24149.50","24213.24","24128.26","24234.48","24107.02","24125.07","24194.93","24030.13","24289.87","23960.27","24454.67","23795.47","15472730.00","13390.00"
"Fri Jul 17 2026 09:32:00 GMT+0530 (India Standard Time)","24185.90","24196.80","24181.10","24196.80","24171.39","24192.61","24150.17","24213.83","24128.95","24235.05","24107.72","24125.07","24194.93","24030.13","24289.87","23960.27","24454.67","23795.47","15476890.00","17420.00"
"Fri Jul 17 2026 09:33:00 GMT+0530 (India Standard Time)","24196.80","24200.50","24187.20","24200.00","24172.77","24194.15","24151.40","24215.52","24130.02","24236.90","24108.64","24125.07","24194.93","24030.13","24289.87","23960.27","24454.67","23795.47","15470780.00","33865.00"
"Fri Jul 17 2026 09:34:00 GMT+0530 (India Standard Time)","24200.00","24212.00","24186.10","24196.50","24174.37","24195.96","24152.77","24217.55","24131.18","24239.15","24109.58","24125.07","24194.93","24030.13","24289.87","23960.27","24454.67","23795.47","15425865.00","40170.00"
"Fri Jul 17 2026 09:35:00 GMT+0530 (India Standard Time)","24196.50","24200.00","24186.10","24195.00","24174.77","24196.31","24153.22","24217.86","24131.68","24239.40","24110.13","24125.07","24194.93","24030.13","24289.87","23960.27","24454.67","23795.47","15433535.00","13585.00"
"Fri Jul 17 2026 09:36:00 GMT+0530 (India Standard Time)","24195.00","24199.80","24189.70","24194.00","24175.14","24196.65","24153.63","24218.16","24132.12","24239.67","24110.61","24125.07","24194.93","24030.13","24289.87","23960.27","24454.67","23795.47","15438020.00","12675.00"
"Fri Jul 17 2026 09:37:00 GMT+0530 (India Standard Time)","24194.00","24205.00","24193.60","24205.00","24175.75","24197.36","24154.13","24218.98","24132.51","24240.60","24110.89","24125.07","24194.93","24030.13","24289.87","23960.27","24454.67","23795.47","15440490.00","15860.00"
"Fri Jul 17 2026 09:38:00 GMT+0530 (India Standard Time)","24205.00","24207.00","24201.00","24204.10","24176.51","24198.32","24154.70","24220.13","24132.89","24241.94","24111.08","24125.07","24194.93","24030.13","24289.87","23960.27","24454.67","23795.47","15444390.00","18850.00"
"Fri Jul 17 2026 09:39:00 GMT+0530 (India Standard Time)","24203.70","24209.00","24201.00","24201.00","24177.29","24199.25","24155.32","24221.22","24133.35","24243.19","24111.38","24125.07","24194.93","24030.13","24289.87","23960.27","24454.67","23795.47","15418260.00","20735.00"
"Fri Jul 17 2026 09:40:00 GMT+0530 (India Standard Time)","24201.00","24209.50","24198.00","24209.20","24178.41","24200.64","24156.19","24222.86","24133.96","24245.09","24111.74","24125.07","24194.93","24030.13","24289.87","23960.27","24454.67","23795.47","15422745.00","30030.00"
"Fri Jul 17 2026 09:41:00 GMT+0530 (India Standard Time)","24209.20","24209.90","24198.20","24202.00","24178.88","24201.15","24156.61","24223.43","24134.33","24245.70","24112.06","24125.07","24194.93","24030.13","24289.87","23960.27","24454.67","23795.47","15427035.00","14300.00"
"Fri Jul 17 2026 09:42:00 GMT+0530 (India Standard Time)","24202.00","24209.40","24202.00","24208.90","24179.21","24201.56","24156.86","24223.90","24134.52","24246.25","24112.17","24125.07","24194.93","24030.13","24289.87","23960.27","24454.67","23795.47","15431390.00","9230.00"
"Fri Jul 17 2026 09:43:00 GMT+0530 (India Standard Time)","24207.00","24210.00","24202.00","24210.00","24179.95","24202.46","24157.45","24224.96","24134.94","24247.47","24112.43","24125.07","24194.93","24030.13","24289.87","23960.27","24454.67","23795.47","15434510.00","20995.00"
"Fri Jul 17 2026 09:44:00 GMT+0530 (India Standard Time)","24210.00","24218.00","24206.00","24213.60","24181.23","24204.18","24158.28","24227.13","24135.33","24250.08","24112.38","24125.07","24194.93","24030.13","24289.87","23960.27","24454.67","23795.47","15414620.00","32630.00"
"Fri Jul 17 2026 09:45:00 GMT+0530 (India Standard Time)","24213.60","24225.00","24211.00","24217.60","24183.34","24207.19","24159.48","24231.05","24135.63","24254.91","24111.77","24125.07","24194.93","24030.13","24289.87","23960.27","24454.67","23795.47","15421185.00","50570.00"
"Fri Jul 17 2026 09:46:00 GMT+0530 (India Standard Time)","24217.60","24225.00","24214.70","24222.00","24184.11","24208.30","24159.91","24232.50","24135.72","24256.69","24111.52","24125.07","24194.93","24030.13","24289.87","23960.27","24454.67","23795.47","15426255.00","18590.00"
"Fri Jul 17 2026 09:47:00 GMT+0530 (India Standard Time)","24222.00","24230.00","24220.00","24220.00","24185.18","24209.89","24160.48","24234.59","24135.77","24259.30","24111.07","24125.07","24194.93","24030.13","24289.87","23960.27","24454.67","23795.47","15425995.00","25285.00"
"Fri Jul 17 2026 09:48:00 GMT+0530 (India Standard Time)","24220.00","24222.00","24219.30","24219.90","24185.58","24210.43","24160.73","24235.27","24135.89","24260.12","24111.04","24125.07","24194.93","24030.13","24289.87","23960.27","24454.67","23795.47","15425670.00","10595.00"
"Fri Jul 17 2026 09:49:00 GMT+0530 (India Standard Time)","24219.90","24225.00","24218.00","24221.20","24186.46","24211.61","24161.30","24236.77","24136.14","24261.93","24110.99","24125.07","24194.93","24030.13","24289.87","23960.27","24454.67","23795.47","15399020.00","23465.00"
"Fri Jul 17 2026 09:50:00 GMT+0530 (India Standard Time)","24221.20","24228.20","24221.20","24227.00","24186.96","24212.33","24161.58","24237.71","24136.20","24263.09","24110.83","24125.07","24194.93","24030.13","24289.87","23960.27","24454.67","23795.47","15404480.00","12415.00"
"Fri Jul 17 2026 09:51:00 GMT+0530 (India Standard Time)","24227.00","24227.00","24216.00","24216.60","24187.27","24212.73","24161.82","24238.19","24136.36","24263.65","24110.90","24125.07","24194.93","24030.13","24289.87","23960.27","24454.67","23795.47","15407925.00","9490.00"
"Fri Jul 17 2026 09:52:00 GMT+0530 (India Standard Time)","24216.20","24216.20","24210.10","24213.00","24187.78","24213.24","24162.31","24238.70","24136.85","24264.16","24111.39","24125.07","24194.93","24030.13","24289.87","23960.27","24454.67","23795.47","15408445.00","19370.00"
"Fri Jul 17 2026 09:53:00 GMT+0530 (India Standard Time)","24213.00","24217.00","24210.60","24212.00","24188.11","24213.56","24162.65","24239.02","24137.19","24264.48","24111.73","24125.07","24194.93","24030.13","24289.87","23960.27","24454.67","23795.47","15419300.00","13195.00"
"Fri Jul 17 2026 09:54:00 GMT+0530 (India Standard Time)","24212.00","24225.00","24209.80","24224.00","24188.83","24214.44","24163.23","24240.04","24137.63","24265.64","24112.02","24125.07","24194.93","24030.13","24289.87","23960.27","24454.67","23795.47","15390765.00","23920.00"
"Fri Jul 17 2026 09:55:00 GMT+0530 (India Standard Time)","24224.00","24224.10","24211.00","24211.00","24189.04","24214.65","24163.43","24240.25","24137.82","24265.86","24112.21","24125.07","24194.93","24030.13","24289.87","23960.27","24454.67","23795.47","15395185.00","7995.00"
"Fri Jul 17 2026 09:56:00 GMT+0530 (India Standard Time)","24211.00","24211.50","24200.10","24205.00","24189.17","24214.72","24163.63","24240.27","24138.08","24265.81","24112.53","24125.07","24194.93","24030.13","24289.87","23960.27","24454.67","23795.47","15398045.00","8775.00"
"Fri Jul 17 2026 09:57:00 GMT+0530 (India Standard Time)","24205.00","24209.00","24196.60","24197.00","24189.26","24214.73","24163.78","24240.21","24138.31","24265.68","24112.83","24125.07","24194.93","24030.13","24289.87","23960.27","24454.67","23795.47","15399670.00","7475.00"
"Fri Jul 17 2026 09:58:00 GMT+0530 (India Standard Time)","24197.00","24205.00","24194.00","24200.80","24189.41","24214.73","24164.09","24240.05","24138.77","24265.38","24113.45","24125.07","24194.93","24030.13","24289.87","23960.27","24454.67","23795.47","15399020.00","15665.00"
"Fri Jul 17 2026 09:59:00 GMT+0530 (India Standard Time)","24202.90","24214.80","24200.00","24214.80","24189.57","24214.85","24164.28","24240.14","24138.99","24265.43","24113.70","24125.07","24194.93","24030.13","24289.87","23960.27","24454.67","23795.47","15380690.00","8255.00"
"Fri Jul 17 2026 10:00:00 GMT+0530 (India Standard Time)","24214.80","24214.90","24200.20","24200.20","24189.67","24214.91","24164.44","24240.14","24139.21","24265.37","24113.97","24125.07","24194.93","24030.13","24289.87","23960.27","24454.67","23795.47","15385240.00","7475.00"
"Fri Jul 17 2026 10:01:00 GMT+0530 (India Standard Time)","24200.20","24207.80","24191.10","24191.10","24189.73","24214.87","24164.59","24240.00","24139.46","24265.14","24114.32","24125.07","24194.93","24030.13","24289.87","23960.27","24454.67","23795.47","15388815.00","9100.00"
"Fri Jul 17 2026 10:02:00 GMT+0530 (India Standard Time)","24191.10","24201.30","24191.10","24199.70","24189.80","24214.84","24164.75","24239.88","24139.71","24264.92","24114.67","24125.07","24194.93","24030.13","24289.87","23960.27","24454.67","23795.47","15389010.00","9295.00"
"Fri Jul 17 2026 10:03:00 GMT+0530 (India Standard Time)","24199.70","24200.00","24190.00","24198.00","24189.85","24214.79","24164.91","24239.73","24139.97","24264.66","24115.03","24125.07","24194.93","24030.13","24289.87","23960.27","24454.67","23795.47","15387645.00","9750.00"
"Fri Jul 17 2026 10:04:00 GMT+0530 (India Standard Time)","24198.00","24199.00","24187.60","24194.00","24189.87","24214.73","24165.01","24239.59","24140.15","24264.46","24115.29","24125.07","24194.93","24030.13","24289.87","23960.27","24454.67","23795.47","15372370.00","7150.00"
"Fri Jul 17 2026 10:05:00 GMT+0530 (India Standard Time)","24194.00","24200.00","24186.80","24198.00","24189.90","24214.69","24165.12","24239.48","24140.33","24264.26","24115.55","24125.07","24194.93","24030.13","24289.87","23960.27","24454.67","23795.47","15370290.00","7150.00"
"Fri Jul 17 2026 10:06:00 GMT+0530 (India Standard Time)","24198.00","24204.90","24194.50","24197.60","24189.97","24214.68","24165.26","24239.39","24140.55","24264.10","24115.84","24125.07","24194.93","24030.13","24289.87","23960.27","24454.67","23795.47","15370225.00","8125.00"
"Fri Jul 17 2026 10:07:00 GMT+0530 (India Standard Time)","24197.60","24208.80","24197.60","24208.60","24190.01","24214.70","24165.32","24239.39","24140.64","24264.07","24115.95","24125.07","24194.93","24030.13","24289.87","23960.27","24454.67","23795.47","15369315.00","3250.00"
"Fri Jul 17 2026 10:08:00 GMT+0530 (India Standard Time)","24208.60","24209.70","24192.50","24200.00","24190.09","24214.70","24165.48","24239.32","24140.86","24263.93","24116.25","24125.07","24194.93","24030.13","24289.87","23960.27","24454.67","23795.47","15369965.00","8515.00"
"Fri Jul 17 2026 10:09:00 GMT+0530 (India Standard Time)","24200.00","24215.00","24200.00","24210.00","24190.21","24214.79","24165.64","24239.36","24141.06","24263.94","24116.49","24125.07","24194.93","24030.13","24289.87","23960.27","24454.67","23795.47","15362165.00","7800.00"
"Fri Jul 17 2026 10:10:00 GMT+0530 (India Standard Time)","24210.00","24212.00","24200.60","24210.00","24190.27","24214.83","24165.72","24239.38","24141.17","24263.94","24116.61","24125.07","24194.93","24030.13","24289.87","23960.27","24454.67","23795.47","15364245.00","4095.00"
"Fri Jul 17 2026 10:11:00 GMT+0530 (India Standard Time)","24210.00","24214.00","24200.90","24206.00","24190.34","24214.87","24165.81","24239.39","24141.28","24263.92","24116.75","24125.07","24194.93","24030.13","24289.87","23960.27","24454.67","23795.47","15365935.00","4420.00"
"Fri Jul 17 2026 10:12:00 GMT+0530 (India Standard Time)","24206.00","24220.00","24203.60","24219.00","24190.44","24214.97","24165.92","24239.49","24141.39","24264.02","24116.87","24125.07","24194.93","24030.13","24289.87","23960.27","24454.67","23795.47","15367755.00","5200.00"
"Fri Jul 17 2026 10:13:00 GMT+0530 (India Standard Time)","24219.00","24227.00","24216.00","24226.00","24191.03","24215.72","24166.34","24240.40","24141.66","24265.09","24116.97","24125.07","24194.93","24030.13","24289.87","23960.27","24454.67","23795.47","15368795.00","21580.00"
"Fri Jul 17 2026 10:14:00 GMT+0530 (India Standard Time)","24226.00","24226.40","24218.40","24218.40","24191.58","24216.37","24166.79","24241.16","24142.00","24265.95","24117.22","24125.07","24194.93","24030.13","24289.87","23960.27","24454.67","23795.47","15359565.00","22555.00"
"Fri Jul 17 2026 10:15:00 GMT+0530 (India Standard Time)","24218.40","24222.00","24218.40","24221.20","24191.78","24216.60","24166.96","24241.42","24142.14","24266.24","24117.32","24125.07","24194.93","24030.13","24289.87","23960.27","24454.67","23795.47","15364310.00","8385.00"
"Fri Jul 17 2026 10:16:00 GMT+0530 (India Standard Time)","24221.20","24228.00","24220.00","24225.00","24191.97","24216.85","24167.10","24241.72","24142.23","24266.59","24117.36","24125.07","24194.93","24030.13","24289.87","23960.27","24454.67","23795.47","15368340.00","7280.00"
"Fri Jul 17 2026 10:17:00 GMT+0530 (India Standard Time)","24225.00","24230.00","24225.00","24229.50","24192.76","24217.91","24167.60","24243.07","24142.44","24268.23","24117.28","24125.07","24194.93","24030.13","24289.87","23960.27","24454.67","23795.47","15373475.00","27300.00"
"Fri Jul 17 2026 10:18:00 GMT+0530 (India Standard Time)","24229.50","24272.70","24229.50","24272.70","24198.27","24228.44","24168.09","24258.62","24137.92","24288.79","24107.74","24125.07","24194.93","24030.13","24289.87","23960.27","24454.67","23795.47","15340325.00","115960.00"
"Fri Jul 17 2026 10:19:00 GMT+0530 (India Standard Time)","24268.10","24270.00","24258.60","24260.00","24199.99","24231.53","24168.45","24263.08","24136.91","24294.62","24105.37","24125.07","24194.93","24030.13","24289.87","23960.27","24454.67","23795.47","15324855.00","37895.00"
"Fri Jul 17 2026 10:20:00 GMT+0530 (India Standard Time)","24260.60","24265.00","24245.00","24245.00","24200.80","24232.74","24168.86","24264.68","24136.92","24296.62","24104.97","24125.07","24194.93","24030.13","24289.87","23960.27","24454.67","23795.47","15325700.00","22425.00"
"Fri Jul 17 2026 10:21:00 GMT+0530 (India Standard Time)","24245.00","24261.20","24245.00","24252.20","24201.35","24233.56","24169.14","24265.78","24136.92","24297.99","24104.71","24125.07","24194.93","24030.13","24289.87","23960.27","24454.67","23795.47","15322320.00","15405.00"
"Fri Jul 17 2026 10:22:00 GMT+0530 (India Standard Time)","24252.20","24253.00","24240.90","24246.00","24201.63","24233.94","24169.32","24266.25","24137.01","24298.56","24104.70","24125.07","24194.93","24030.13","24289.87","23960.27","24454.67","23795.47","15325310.00","9035.00"
"Fri Jul 17 2026 10:23:00 GMT+0530 (India Standard Time)","24246.00","24250.00","24236.10","24238.50","24201.85","24234.21","24169.49","24266.56","24137.14","24298.92","24104.78","24125.07","24194.93","24030.13","24289.87","23960.27","24454.67","23795.47","15326220.00","8190.00"
"Fri Jul 17 2026 10:24:00 GMT+0530 (India Standard Time)","24239.00","24249.90","24235.00","24249.00","24202.02","24234.43","24169.62","24266.83","24137.21","24299.24","24104.81","24125.07","24194.93","24030.13","24289.87","23960.27","24454.67","23795.47","15307825.00","5915.00"
"Fri Jul 17 2026 10:25:00 GMT+0530 (India Standard Time)","24249.00","24250.00","24237.00","24245.90","24202.18","24234.63","24169.73","24267.07","24137.29","24299.52","24104.84","24125.07","24194.93","24030.13","24289.87","23960.27","24454.67","23795.47","15306330.00","5525.00"
"Fri Jul 17 2026 10:26:00 GMT+0530 (India Standard Time)","24245.90","24250.00","24245.40","24245.80","24202.35","24234.86","24169.85","24267.36","24137.35","24299.86","24104.84","24125.07","24194.93","24030.13","24289.87","23960.27","24454.67","23795.47","15309320.00","5720.00"
"Fri Jul 17 2026 10:27:00 GMT+0530 (India Standard Time)","24245.80","24252.00","24245.80","24252.00","24202.79","24235.46","24170.12","24268.14","24137.45","24300.81","24104.78","24125.07","24194.93","24030.13","24289.87","23960.27","24454.67","23795.47","15312440.00","13910.00"
"Fri Jul 17 2026 10:28:00 GMT+0530 (India Standard Time)","24252.00","24265.00","24251.00","24259.60","24204.60","24238.21","24170.98","24271.83","24137.36","24305.45","24103.74","24125.07","24194.93","24030.13","24289.87","23960.27","24454.67","23795.47","15316535.00","50245.00"
"Fri Jul 17 2026 10:29:00 GMT+0530 (India Standard Time)","24259.60","24265.00","24257.10","24264.00","24204.86","24238.63","24171.10","24272.39","24137.33","24306.16","24103.56","24125.07","24194.93","24030.13","24289.87","23960.27","24454.67","23795.47","15307110.00","7215.00"
"Fri Jul 17 2026 10:30:00 GMT+0530 (India Standard Time)","24264.00","24266.00","24260.00","24260.00","24205.35","24239.38","24171.32","24273.41","24137.29","24307.44","24103.26","24125.07","24194.93","24030.13","24289.87","23960.27","24454.67","23795.47","15310490.00","13520.00"
"Fri Jul 17 2026 10:31:00 GMT+0530 (India Standard Time)","24260.50","24265.00","24260.50","24264.90","24205.70","24239.92","24171.47","24274.14","24137.25","24308.37","24103.03","24125.07","24194.93","24030.13","24289.87","23960.27","24454.67","23795.47","15313025.00","9425.00"
"Fri Jul 17 2026 10:32:00 GMT+0530 (India Standard Time)","24264.90","24275.00","24264.90","24275.00","24206.77","24241.72","24171.82","24276.68","24136.86","24311.63","24101.91","24125.07","24194.93","24030.13","24289.87","23960.27","24454.67","23795.47","15314585.00","26195.00"
"Fri Jul 17 2026 10:33:00 GMT+0530 (India Standard Time)","24273.00","24273.00","24252.20","24260.40","24208.03","24243.55","24172.51","24279.07","24136.99","24314.59","24101.47","24125.07","24194.93","24030.13","24289.87","23960.27","24454.67","23795.47","15328170.00","37635.00"
"Fri Jul 17 2026 10:34:00 GMT+0530 (India Standard Time)","24260.40","24269.50","24260.10","24265.70","24208.27","24243.91","24172.63","24279.54","24137.00","24315.18","24101.36","24125.07","24194.93","24030.13","24289.87","23960.27","24454.67","23795.47","15304315.00","6955.00"
"Fri Jul 17 2026 10:35:00 GMT+0530 (India Standard Time)","24265.70","24270.00","24254.60","24254.70","24208.45","24244.15","24172.74","24279.85","24137.04","24315.55","24101.34","24125.07","24194.93","24030.13","24289.87","23960.27","24454.67","23795.47","15306200.00","5720.00"
"Fri Jul 17 2026 10:36:00 GMT+0530 (India Standard Time)","24254.70","24260.00","24248.00","24251.30","24208.64","24244.39","24172.90","24280.13","24137.15","24315.88","24101.40","24125.07","24194.93","24030.13","24289.87","23960.27","24454.67","23795.47","15303470.00","7280.00"
"Fri Jul 17 2026 10:37:00 GMT+0530 (India Standard Time)","24251.30","24257.70","24246.00","24247.50","24208.86","24244.64","24173.08","24280.42","24137.30","24316.20","24101.52","24125.07","24194.93","24030.13","24289.87","23960.27","24454.67","23795.47","15303015.00","8905.00"
"Fri Jul 17 2026 10:38:00 GMT+0530 (India Standard Time)","24247.50","24258.30","24245.00","24249.10","24209.08","24244.89","24173.27","24280.71","24137.45","24316.52","24101.64","24125.07","24194.93","24030.13","24289.87","23960.27","24454.67","23795.47","15304770.00","8645.00"
"Fri Jul 17 2026 10:39:00 GMT+0530 (India Standard Time)","24249.10","24256.90","24246.40","24249.00","24209.30","24245.15","24173.45","24280.99","24137.61","24316.84","24101.76","24125.07","24194.93","24030.13","24289.87","23960.27","24454.67","23795.47","15292550.00","8970.00"
"Fri Jul 17 2026 10:40:00 GMT+0530 (India Standard Time)","24249.00","24250.00","24248.40","24250.00","24209.45","24245.31","24173.58","24281.17","24137.72","24317.03","24101.86","24125.07","24194.93","24030.13","24289.87","23960.27","24454.67","23795.47","15294695.00","6240.00"
"Fri Jul 17 2026 10:41:00 GMT+0530 (India Standard Time)","24250.00","24257.00","24246.00","24257.00","24209.59","24245.48","24173.70","24281.38","24137.81","24317.27","24101.92","24125.07","24194.93","24030.13","24289.87","23960.27","24454.67","23795.47","15296190.00","5655.00"
"Fri Jul 17 2026 10:42:00 GMT+0530 (India Standard Time)","24257.00","24260.00","24250.50","24255.00","24209.82","24245.76","24173.87","24281.71","24137.93","24317.65","24101.98","24125.07","24194.93","24030.13","24289.87","23960.27","24454.67","23795.47","15288975.00","8450.00"
"Fri Jul 17 2026 10:43:00 GMT+0530 (India Standard Time)","24255.00","24255.00","24229.50","24229.50","24210.16","24246.02","24174.31","24281.88","24138.45","24317.74","24102.59","24125.07","24194.93","24030.13","24289.87","23960.27","24454.67","23795.47","15270320.00","21385.00"
"Fri Jul 17 2026 10:44:00 GMT+0530 (India Standard Time)","24229.50","24237.00","24229.10","24236.20","24210.26","24246.08","24174.45","24281.90","24138.63","24317.71","24102.81","24125.07","24194.93","24030.13","24289.87","23960.27","24454.67","23795.47","15268955.00","7150.00"
"Fri Jul 17 2026 10:45:00 GMT+0530 (India Standard Time)","24236.20","24241.00","24231.00","24231.10","24210.43","24246.18","24174.69","24281.93","24138.94","24317.68","24103.19","24125.07","24194.93","24030.13","24289.87","23960.27","24454.67","23795.47","15269540.00","12415.00"
"Fri Jul 17 2026 10:46:00 GMT+0530 (India Standard Time)","24231.10","24232.70","24226.20","24228.10","24210.51","24246.20","24174.82","24281.89","24139.13","24317.59","24103.44","24125.07","24194.93","24030.13","24289.87","23960.27","24454.67","23795.47","15268240.00","7670.00"
"Fri Jul 17 2026 10:47:00 GMT+0530 (India Standard Time)","24228.10","24242.00","24228.00","24235.00","24210.61","24246.26","24174.95","24281.92","24139.30","24317.57","24103.64","24125.07","24194.93","24030.13","24289.87","23960.27","24454.67","23795.47","15269085.00","6760.00"
"Fri Jul 17 2026 10:48:00 GMT+0530 (India Standard Time)","24241.90","24241.90","24232.00","24233.00","24210.68","24246.31","24175.05","24281.94","24139.42","24317.56","24103.80","24125.07","24194.93","24030.13","24289.87","23960.27","24454.67","23795.47","15261675.00","5200.00"
"Fri Jul 17 2026 10:49:00 GMT+0530 (India Standard Time)","24233.00","24238.90","24226.20","24226.20","24210.75","24246.33","24175.16","24281.92","24139.58","24317.50","24103.99","24125.07","24194.93","24030.13","24289.87","23960.27","24454.67","23795.47","15261740.00","6110.00"
"Fri Jul 17 2026 10:50:00 GMT+0530 (India Standard Time)","24226.20","24230.50","24225.00","24227.00","24210.80","24246.34","24175.25","24281.89","24139.71","24317.43","24104.16","24125.07","24194.93","24030.13","24289.87","23960.27","24454.67","23795.47","15262455.00","5200.00"
"Fri Jul 17 2026 10:51:00 GMT+0530 (India Standard Time)","24227.00","24233.00","24224.00","24224.00","24210.84","24246.35","24175.32","24281.86","24139.81","24317.37","24104.30","24125.07","24194.93","24030.13","24289.87","23960.27","24454.67","23795.47","15261090.00","4225.00"
"Fri Jul 17 2026 10:52:00 GMT+0530 (India Standard Time)","24225.00","24232.30","24221.80","24222.60","24210.92","24246.35","24175.49","24281.77","24140.07","24317.20","24104.64","24125.07","24194.93","24030.13","24289.87","23960.27","24454.67","23795.47","15264795.00","10400.00"
"Fri Jul 17 2026 10:53:00 GMT+0530 (India Standard Time)","24230.00","24240.40","24228.00","24235.00","24211.02","24246.41","24175.64","24281.79","24140.25","24317.17","24104.87","24125.07","24194.93","24030.13","24289.87","23960.27","24454.67","23795.47","15271165.00","7800.00"
"Fri Jul 17 2026 10:54:00 GMT+0530 (India Standard Time)","24235.00","24240.00","24222.00","24235.00","24211.10","24246.44","24175.76","24281.78","24140.42","24317.12","24105.08","24125.07","24194.93","24030.13","24289.87","23960.27","24454.67","23795.47","15254135.00","7020.00"
"Fri Jul 17 2026 10:55:00 GMT+0530 (India Standard Time)","24235.00","24236.30","24223.60","24228.00","24211.16","24246.46","24175.86","24281.76","24140.56","24317.06","24105.26","24125.07","24194.93","24030.13","24289.87","23960.27","24454.67","23795.47","15256215.00","5655.00"
"Fri Jul 17 2026 10:56:00 GMT+0530 (India Standard Time)","24228.00","24239.90","24227.60","24238.00","24211.21","24246.49","24175.93","24281.77","24140.65","24317.05","24105.38","24125.07","24194.93","24030.13","24289.87","23960.27","24454.67","23795.47","15259010.00","3965.00"
"Fri Jul 17 2026 10:57:00 GMT+0530 (India Standard Time)","24238.00","24240.00","24228.40","24230.00","24211.26","24246.51","24176.00","24281.77","24140.75","24317.03","24105.49","24125.07","24194.93","24030.13","24289.87","23960.27","24454.67","23795.47","15257580.00","3835.00"
"Fri Jul 17 2026 10:58:00 GMT+0530 (India Standard Time)","24230.00","24232.00","24230.00","24231.90","24211.32","24246.54","24176.11","24281.76","24140.89","24316.97","24105.68","24125.07","24194.93","24030.13","24289.87","23960.27","24454.67","23795.47","15250430.00","6110.00"
"Fri Jul 17 2026 10:59:00 GMT+0530 (India Standard Time)","24231.90","24232.00","24229.50","24231.50","24211.48","24246.60","24176.36","24281.72","24141.23","24316.84","24106.11","24125.07","24194.93","24030.13","24289.87","23960.27","24454.67","23795.47","15251795.00","14300.00"
"Fri Jul 17 2026 11:00:00 GMT+0530 (India Standard Time)","24231.50","24235.00","24230.70","24233.50","24211.72","24246.72","24176.72","24281.72","24141.72","24316.72","24106.72","24125.07","24194.93","24030.13","24289.87","23960.27","24454.67","23795.47","15252250.00","20865.00"
"Fri Jul 17 2026 11:01:00 GMT+0530 (India Standard Time)","24233.50","24233.80","24230.00","24230.20","24211.89","24246.78","24176.99","24281.68","24142.10","24316.57","24107.21","24125.07","24194.93","24030.13","24289.87","23960.27","24454.67","23795.47","15252705.00","16380.00"
"Fri Jul 17 2026 11:02:00 GMT+0530 (India Standard Time)","24230.20","24233.80","24221.10","24226.00","24212.00","24246.79","24177.21","24281.58","24142.42","24316.37","24107.63","24125.07","24194.93","24030.13","24289.87","23960.27","24454.67","23795.47","15253875.00","14105.00"
"Fri Jul 17 2026 11:03:00 GMT+0530 (India Standard Time)","24226.00","24231.40","24222.00","24228.00","24212.13","24246.80","24177.45","24281.47","24142.78","24316.14","24108.11","24125.07","24194.93","24030.13","24289.87","23960.27","24454.67","23795.47","15245295.00","15925.00"
"Fri Jul 17 2026 11:04:00 GMT+0530 (India Standard Time)","24228.00","24239.00","24225.40","24235.00","24212.17","24246.82","24177.52","24281.47","24142.87","24316.12","24108.22","24125.07","24194.93","24030.13","24289.87","23960.27","24454.67","23795.47","15246725.00","3770.00"
"Fri Jul 17 2026 11:05:00 GMT+0530 (India Standard Time)","24235.00","24245.00","24235.00","24236.80","24212.22","24246.86","24177.58","24281.49","24142.95","24316.13","24108.31","24125.07","24194.93","24030.13","24289.87","23960.27","24454.67","23795.47","15247700.00","3835.00"
"Fri Jul 17 2026 11:06:00 GMT+0530 (India Standard Time)","24236.80","24245.00","24230.80","24236.70","24212.32","24246.92","24177.72","24281.53","24143.11","24316.13","24108.51","24125.07","24194.93","24030.13","24289.87","23960.27","24454.67","23795.47","15250625.00","7605.00"
"Fri Jul 17 2026 11:07:00 GMT+0530 (India Standard Time)","24236.70","24246.80","24223.50","24223.50","24212.39","24246.95","24177.82","24281.51","24143.26","24316.07","24108.70","24125.07","24194.93","24030.13","24289.87","23960.27","24454.67","23795.47","15254395.00","6695.00"
"Fri Jul 17 2026 11:08:00 GMT+0530 (India Standard Time)","24230.80","24230.80","24206.50","24210.10","24212.59","24246.11","24179.07","24279.63","24145.55","24313.15","24112.03","24125.07","24194.93","24030.13","24289.87","23960.27","24454.67","23795.47","15265965.00","123500.00"
"Fri Jul 17 2026 11:09:00 GMT+0530 (India Standard Time)","24210.10","24223.90","24209.40","24212.60","24212.60","24246.03","24179.17","24279.46","24145.74","24312.89","24112.31","24125.07","24194.93","24030.13","24289.87","23960.27","24454.67","23795.47","15283775.00","11245.00"
"Fri Jul 17 2026 11:10:00 GMT+0530 (India Standard Time)","24212.60","24224.00","24211.50","24211.50","24212.62","24245.97","24179.27","24279.31","24145.93","24312.66","24112.58","24125.07","24194.93","24030.13","24289.87","23960.27","24454.67","23795.47","15286310.00","10400.00"
"Fri Jul 17 2026 11:11:00 GMT+0530 (India Standard Time)","24211.50","24224.00","24210.00","24210.20","24212.63","24245.88","24179.38","24279.14","24146.13","24312.39","24112.88","24125.07","24194.93","24030.13","24289.87","23960.27","24454.67","23795.47","15280590.00","12025.00"
"Fri Jul 17 2026 11:12:00 GMT+0530 (India Standard Time)","24210.20","24223.90","24208.30","24212.60","24212.65","24245.75","24179.56","24278.85","24146.46","24311.94","24113.37","24125.07","24194.93","24030.13","24289.87","23960.27","24454.67","23795.47","15285855.00","19890.00"
"Fri Jul 17 2026 11:13:00 GMT+0530 (India Standard Time)","24212.60","24223.50","24208.00","24208.20","24212.66","24245.63","24179.68","24278.61","24146.71","24311.58","24113.73","24125.07","24194.93","24030.13","24289.87","23960.27","24454.67","23795.47","15287545.00","15470.00"
"Fri Jul 17 2026 11:14:00 GMT+0530 (India Standard Time)","24208.20","24211.50","24202.90","24209.80","24212.57","24245.23","24179.91","24277.88","24147.25","24310.54","24114.59","24125.07","24194.93","24030.13","24289.87","23960.27","24454.67","23795.47","15296905.00","42445.00"
"Fri Jul 17 2026 11:15:00 GMT+0530 (India Standard Time)","24209.80","24222.50","24206.00","24212.70","24212.58","24245.11","24180.05","24277.63","24147.52","24310.16","24114.99","24125.07","24194.93","24030.13","24289.87","23960.27","24454.67","23795.47","15289365.00","17420.00"
"Fri Jul 17 2026 11:16:00 GMT+0530 (India Standard Time)","24212.70","24221.30","24204.40","24209.30","24212.57","24244.91","24180.22","24277.25","24147.88","24309.60","24115.54","24125.07","24194.93","24030.13","24289.87","23960.27","24454.67","23795.47","15257645.00","25220.00"
"Fri Jul 17 2026 11:17:00 GMT+0530 (India Standard Time)","24209.30","24222.00","24207.40","24212.20","24212.57","24244.85","24180.29","24277.13","24148.01","24309.41","24115.73","24125.07","24194.93","24030.13","24289.87","23960.27","24454.67","23795.47","15260700.00","8645.00"
"Fri Jul 17 2026 11:18:00 GMT+0530 (India Standard Time)","24212.20","24217.50","24207.40","24208.30","24212.57","24244.79","24180.35","24277.00","24148.13","24309.22","24115.91","24125.07","24194.93","24030.13","24289.87","23960.27","24454.67","23795.47","15266290.00","8450.00"
"Fri Jul 17 2026 11:19:00 GMT+0530 (India Standard Time)","24208.30","24219.90","24207.10","24215.40","24212.57","24244.72","24180.42","24276.87","24148.27","24309.02","24116.12","24125.07","24194.93","24030.13","24289.87","23960.27","24454.67","23795.47","15273440.00","9685.00"
"Fri Jul 17 2026 11:20:00 GMT+0530 (India Standard Time)","24215.40","24221.50","24211.00","24221.10","24212.60","24244.66","24180.55","24276.72","24148.49","24308.78","24116.43","24125.07","24194.93","24030.13","24289.87","23960.27","24454.67","23795.47","15280200.00","13260.00"
"Fri Jul 17 2026 11:21:00 GMT+0530 (India Standard Time)","24221.10","24221.10","24208.50","24215.80","24212.63","24244.55","24180.70","24276.47","24148.78","24308.40","24116.85","24125.07","24194.93","24030.13","24289.87","23960.27","24454.67","23795.47","15246595.00","19045.00"
"Fri Jul 17 2026 11:22:00 GMT+0530 (India Standard Time)","24215.80","24229.00","24215.80","24224.70","24212.70","24244.52","24180.88","24276.34","24149.06","24308.16","24117.24","24125.07","24194.93","24030.13","24289.87","23960.27","24454.67","23795.47","15254980.00","16705.00"
"Fri Jul 17 2026 11:23:00 GMT+0530 (India Standard Time)","24224.70","24224.70","24211.70","24214.60","24212.73","24244.45","24181.00","24276.18","24149.28","24307.91","24117.55","24125.07","24194.93","24030.13","24289.87","23960.27","24454.67","23795.47","15261415.00","13845.00"
"Fri Jul 17 2026 11:24:00 GMT+0530 (India Standard Time)","24214.60","24220.00","24208.40","24217.60","24212.74","24244.39","24181.09","24276.04","24149.44","24307.69","24117.80","24125.07","24194.93","24030.13","24289.87","23960.27","24454.67","23795.47","15269735.00","11440.00"
"Fri Jul 17 2026 11:25:00 GMT+0530 (India Standard Time)","24217.60","24228.00","24210.40","24213.00","24212.77","24244.31","24181.23","24275.86","24149.68","24307.40","24118.14","24125.07","24194.93","24030.13","24289.87","23960.27","24454.67","23795.47","15278835.00","15665.00"
"Fri Jul 17 2026 11:26:00 GMT+0530 (India Standard Time)","24213.00","24216.80","24207.30","24211.60","24212.76","24244.16","24181.37","24275.55","24149.97","24306.94","24118.58","24125.07","24194.93","24030.13","24289.87","23960.27","24454.67","23795.47","15288910.00","22295.00"
"Fri Jul 17 2026 11:27:00 GMT+0530 (India Standard Time)","24211.60","24226.00","24210.80","24219.90","24212.79","24244.12","24181.46","24275.44","24150.13","24306.77","24118.81","24125.07","24194.93","24030.13","24289.87","23960.27","24454.67","23795.47","15294760.00","10400.00"
"Fri Jul 17 2026 11:28:00 GMT+0530 (India Standard Time)","24219.90","24226.00","24213.40","24220.90","24212.82","24244.09","24181.55","24275.36","24150.28","24306.63","24119.01","24125.07","24194.93","24030.13","24289.87","23960.27","24454.67","23795.47","15301780.00","9295.00"
"Fri Jul 17 2026 11:29:00 GMT+0530 (India Standard Time)","24220.90","24226.00","24213.70","24214.50","24212.84","24244.04","24181.65","24275.23","24150.46","24306.43","24119.26","24125.07","24194.93","24030.13","24289.87","23960.27","24454.67","23795.47","15307695.00","11830.00"
"Fri Jul 17 2026 11:30:00 GMT+0530 (India Standard Time)","24214.60","24226.00","24212.70","24216.60","24212.89","24243.96","24181.83","24275.02","24150.76","24306.09","24119.70","24125.07","24194.93","24030.13","24289.87","23960.27","24454.67","23795.47","15315560.00","20605.00"
"Fri Jul 17 2026 11:31:00 GMT+0530 (India Standard Time)","24215.80","24226.00","24214.50","24218.70","24212.92","24243.93","24181.90","24274.94","24150.89","24305.96","24119.87","24125.07","24194.93","24030.13","24289.87","23960.27","24454.67","23795.47","15287350.00","8320.00"
"Fri Jul 17 2026 11:32:00 GMT+0530 (India Standard Time)","24218.70","24227.20","24213.70","24225.00","24212.95","24243.91","24181.98","24274.88","24151.02","24305.84","24120.05","24125.07","24194.93","24030.13","24289.87","23960.27","24454.67","23795.47","15294630.00","8450.00"
"Fri Jul 17 2026 11:33:00 GMT+0530 (India Standard Time)","24225.00","24227.00","24216.30","24222.50","24212.98","24243.89","24182.06","24274.81","24151.14","24305.73","24120.22","24125.07","24194.93","24030.13","24289.87","23960.27","24454.67","23795.47","15299310.00","7735.00"
"Fri Jul 17 2026 11:34:00 GMT+0530 (India Standard Time)","24222.50","24230.00","24222.00","24227.70","24213.00","24243.90","24182.11","24274.79","24151.21","24305.69","24120.32","24125.07","24194.93","24030.13","24289.87","23960.27","24454.67","23795.47","15300545.00","4745.00"
"Fri Jul 17 2026 11:35:00 GMT+0530 (India Standard Time)","24227.70","24237.50","24225.70","24235.00","24213.05","24243.92","24182.18","24274.80","24151.31","24305.67","24120.43","24125.07","24194.93","24030.13","24289.87","23960.27","24454.67","23795.47","15301195.00","6045.00"
"Fri Jul 17 2026 11:36:00 GMT+0530 (India Standard Time)","24235.00","24236.50","24225.10","24230.00","24213.08","24243.93","24182.22","24274.79","24151.36","24305.65","24120.50","24125.07","24194.93","24030.13","24289.87","23960.27","24454.67","23795.47","15291250.00","3510.00"
"Fri Jul 17 2026 11:37:00 GMT+0530 (India Standard Time)","24225.10","24231.70","24219.00","24224.00","24213.11","24243.93","24182.28","24274.75","24151.46","24305.58","24120.63","24125.07","24194.93","24030.13","24289.87","23960.27","24454.67","23795.47","15293395.00","6175.00"
"Fri Jul 17 2026 11:38:00 GMT+0530 (India Standard Time)","24224.00","24229.00","24219.00","24224.50","24213.16","24243.92","24182.41","24274.67","24151.65","24305.43","24120.90","24125.07","24194.93","24030.13","24289.87","23960.27","24454.67","23795.47","15297815.00","12805.00"
"Fri Jul 17 2026 11:39:00 GMT+0530 (India Standard Time)","24224.50","24235.00","24224.40","24231.50","24213.20","24243.93","24182.48","24274.66","24151.75","24305.39","24121.02","24125.07","24194.93","24030.13","24289.87","23960.27","24454.67","23795.47","15300350.00","5915.00"
"Fri Jul 17 2026 11:40:00 GMT+0530 (India Standard Time)","24231.50","24238.80","24230.00","24232.70","24213.24","24243.96","24182.53","24274.67","24151.82","24305.38","24121.10","24125.07","24194.93","24030.13","24289.87","23960.27","24454.67","23795.47","15302495.00","4680.00"
"Fri Jul 17 2026 11:41:00 GMT+0530 (India Standard Time)","24239.10","24240.00","24227.20","24236.50","24213.38","24244.04","24182.72","24274.70","24152.05","24305.36","24121.39","24125.07","24194.93","24030.13","24289.87","23960.27","24454.67","23795.47","15284620.00","15730.00"
"Fri Jul 17 2026 11:42:00 GMT+0530 (India Standard Time)","24236.50","24241.00","24233.00","24237.00","24213.45","24244.09","24182.81","24274.74","24152.16","24305.38","24121.52","24125.07","24194.93","24030.13","24289.87","23960.27","24454.67","23795.47","15284360.00","7670.00"
"Fri Jul 17 2026 11:43:00 GMT+0530 (India Standard Time)","24237.00","24243.60","24229.40","24235.00","24213.53","24244.15","24182.91","24274.77","24152.29","24305.38","24121.67","24125.07","24194.93","24030.13","24289.87","23960.27","24454.67","23795.47","15289235.00","8710.00"
"Fri Jul 17 2026 11:44:00 GMT+0530 (India Standard Time)","24233.70","24244.30","24233.70","24244.00","24213.64","24244.25","24183.04","24274.85","24152.43","24305.45","24121.83","24125.07","24194.93","24030.13","24289.87","23960.27","24454.67","23795.47","15288845.00","10400.00"
"Fri Jul 17 2026 11:45:00 GMT+0530 (India Standard Time)","24244.00","24246.90","24240.30","24246.90","24213.71","24244.31","24183.10","24274.92","24152.49","24305.52","24121.89","24125.07","24194.93","24030.13","24289.87","23960.27","24454.67","23795.47","15290730.00","5265.00"
"Fri Jul 17 2026 11:46:00 GMT+0530 (India Standard Time)","24246.90","24249.70","24241.30","24242.40","24213.76","24244.36","24183.15","24274.97","24152.54","24305.57","24121.94","24125.07","24194.93","24030.13","24289.87","23960.27","24454.67","23795.47","15280980.00","4095.00"
"Fri Jul 17 2026 11:47:00 GMT+0530 (India Standard Time)","24242.40","24246.50","24230.00","24235.00","24213.79","24244.39","24183.19","24274.98","24152.60","24305.58","24122.00","24125.07","24194.93","24030.13","24289.87","23960.27","24454.67","23795.47","15282540.00","3835.00"
"Fri Jul 17 2026 11:48:00 GMT+0530 (India Standard Time)","24239.90","24248.00","24234.00","24242.30","24213.86","24244.45","24183.27","24275.04","24152.68","24305.63","24122.09","24125.07","24194.93","24030.13","24289.87","23960.27","24454.67","23795.47","15285400.00","6175.00"
"Fri Jul 17 2026 11:49:00 GMT+0530 (India Standard Time)","24242.30","24248.20","24240.00","24240.00","24213.89","24244.48","24183.31","24275.07","24152.72","24305.65","24122.13","24125.07","24194.93","24030.13","24289.87","23960.27","24454.67","23795.47","15287415.00","3120.00"
"Fri Jul 17 2026 11:50:00 GMT+0530 (India Standard Time)","24240.00","24248.00","24240.00","24244.90","24213.94","24244.53","24183.35","24275.11","24152.77","24305.70","24122.18","24125.07","24194.93","24030.13","24289.87","23960.27","24454.67","23795.47","15288065.00","3900.00"
"Fri Jul 17 2026 11:51:00 GMT+0530 (India Standard Time)","24244.90","24249.70","24242.10","24248.00","24214.01","24244.60","24183.42","24275.19","24152.83","24305.78","24122.24","24125.07","24194.93","24030.13","24289.87","23960.27","24454.67","23795.47","15277860.00","5460.00"
"Fri Jul 17 2026 11:52:00 GMT+0530 (India Standard Time)","24248.00","24252.00","24244.40","24251.30","24214.19","24244.81","24183.57","24275.42","24152.96","24306.04","24122.34","24125.07","24194.93","24030.13","24289.87","23960.27","24454.67","23795.47","15277210.00","13065.00"
"Fri Jul 17 2026 11:53:00 GMT+0530 (India Standard Time)","24251.30","24255.00","24250.80","24252.60","24214.28","24244.91","24183.64","24275.55","24153.00","24306.19","24122.37","24125.07","24194.93","24030.13","24289.87","23960.27","24454.67","23795.47","15277080.00","5785.00"
"Fri Jul 17 2026 11:54:00 GMT+0530 (India Standard Time)","24251.00","24259.00","24251.00","24254.00","24214.37","24245.03","24183.70","24275.69","24153.04","24306.35","24122.38","24125.07","24194.93","24030.13","24289.87","23960.27","24454.67","23795.47","15278510.00","5655.00"
"Fri Jul 17 2026 11:55:00 GMT+0530 (India Standard Time)","24254.00","24258.70","24245.00","24251.30","24214.44","24245.12","24183.77","24275.80","24153.09","24306.47","24122.41","24125.07","24194.93","24030.13","24289.87","23960.27","24454.67","23795.47","15280135.00","5460.00"
"Fri Jul 17 2026 11:56:00 GMT+0530 (India Standard Time)","24251.30","24257.20","24245.10","24257.20","24214.65","24245.37","24183.92","24276.09","24153.20","24306.82","24122.48","24125.07","24194.93","24030.13","24289.87","23960.27","24454.67","23795.47","15273505.00","13520.00"
"Fri Jul 17 2026 11:57:00 GMT+0530 (India Standard Time)","24257.20","24258.10","24252.30","24257.00","24214.81","24245.58","24184.04","24276.36","24153.27","24307.13","24122.50","24125.07","24194.93","24030.13","24289.87","23960.27","24454.67","23795.47","15273180.00","10465.00"
"Fri Jul 17 2026 11:58:00 GMT+0530 (India Standard Time)","24257.00","24257.00","24248.50","24250.90","24214.96","24245.76","24184.16","24276.56","24153.36","24307.36","24122.56","24125.07","24194.93","24030.13","24289.87","23960.27","24454.67","23795.47","15274415.00","10205.00"
"Fri Jul 17 2026 11:59:00 GMT+0530 (India Standard Time)","24250.90","24253.90","24246.50","24253.90","24215.02","24245.83","24184.21","24276.64","24153.40","24307.45","24122.59","24125.07","24194.93","24030.13","24289.87","23960.27","24454.67","23795.47","15273245.00","4290.00"
"Fri Jul 17 2026 12:00:00 GMT+0530 (India Standard Time)","24253.90","24253.90","24241.00","24241.00","24215.10","24245.90","24184.29","24276.71","24153.48","24307.52","24122.67","24125.07","24194.93","24030.13","24289.87","23960.27","24454.67","23795.47","15275520.00","6825.00"
"Fri Jul 17 2026 12:01:00 GMT+0530 (India Standard Time)","24241.00","24249.60","24241.00","24242.60","24215.14","24245.95","24184.34","24276.76","24153.53","24307.56","24122.73","24125.07","24194.93","24030.13","24289.87","23960.27","24454.67","23795.47","15261675.00","4290.00"
"Fri Jul 17 2026 12:02:00 GMT+0530 (India Standard Time)","24242.10","24246.00","24241.00","24241.00","24215.19","24245.99","24184.39","24276.79","24153.59","24307.59","24122.79","24125.07","24194.93","24030.13","24289.87","23960.27","24454.67","23795.47","15261220.00","4875.00"
"Fri Jul 17 2026 12:03:00 GMT+0530 (India Standard Time)","24241.00","24250.00","24241.00","24249.10","24215.27","24246.08","24184.47","24276.88","24153.67","24307.68","24122.87","24125.07","24194.93","24030.13","24289.87","23960.27","24454.67","23795.47","15259335.00","6630.00"
"Fri Jul 17 2026 12:04:00 GMT+0530 (India Standard Time)","24249.10","24255.00","24248.60","24250.00","24215.34","24246.15","24184.53","24276.96","24153.71","24307.77","24122.90","24125.07","24194.93","24030.13","24289.87","23960.27","24454.67","23795.47","15261220.00","4810.00"
"Fri Jul 17 2026 12:05:00 GMT+0530 (India Standard Time)","24250.00","24252.30","24241.40","24249.10","24215.40","24246.21","24184.58","24277.03","24153.77","24307.84","24122.95","24125.07","24194.93","24030.13","24289.87","23960.27","24454.67","23795.47","15261935.00","4810.00"
"Fri Jul 17 2026 12:06:00 GMT+0530 (India Standard Time)","24249.10","24250.10","24241.00","24242.00","24215.50","24246.30","24184.69","24277.11","24153.88","24307.92","24123.07","24125.07","24194.93","24030.13","24289.87","23960.27","24454.67","23795.47","15259075.00","9100.00"
"Fri Jul 17 2026 12:07:00 GMT+0530 (India Standard Time)","24242.00","24245.00","24236.90","24238.30","24215.54","24246.34","24184.74","24277.14","24153.94","24307.93","24123.14","24125.07","24194.93","24030.13","24289.87","23960.27","24454.67","23795.47","15261285.00","4615.00"
"Fri Jul 17 2026 12:08:00 GMT+0530 (India Standard Time)","24238.30","24242.90","24233.00","24240.00","24215.57","24246.36","24184.78","24277.15","24153.99","24307.94","24123.20","24125.07","24194.93","24030.13","24289.87","23960.27","24454.67","23795.47","15261675.00","3575.00"
"Fri Jul 17 2026 12:09:00 GMT+0530 (India Standard Time)","24240.00","24245.40","24239.60","24245.30","24215.65","24246.44","24184.87","24277.22","24154.09","24308.00","24123.31","24125.07","24194.93","24030.13","24289.87","23960.27","24454.67","23795.47","15267395.00","8125.00"
"Fri Jul 17 2026 12:10:00 GMT+0530 (India Standard Time)","24245.30","24254.90","24245.30","24251.10","24215.88","24246.69","24185.07","24277.49","24154.26","24308.30","24123.46","24125.07","24194.93","24030.13","24289.87","23960.27","24454.67","23795.47","15262260.00","17355.00"
"Fri Jul 17 2026 12:11:00 GMT+0530 (India Standard Time)","24251.10","24251.30","24240.40","24241.60","24215.95","24246.75","24185.15","24277.56","24154.35","24308.36","24123.55","24125.07","24194.93","24030.13","24289.87","23960.27","24454.67","23795.47","15166450.00","6955.00"
"Fri Jul 17 2026 12:12:00 GMT+0530 (India Standard Time)","24241.60","24248.90","24241.60","24247.30","24215.98","24246.78","24185.18","24277.58","24154.38","24308.39","24123.58","24125.07","24194.93","24030.13","24289.87","23960.27","24454.67","23795.47","15165475.00","2795.00"
"Fri Jul 17 2026 12:13:00 GMT+0530 (India Standard Time)","24247.30","24252.00","24240.00","24243.20","24216.03","24246.83","24185.23","24277.63","24154.44","24308.43","24123.64","24125.07","24194.93","24030.13","24289.87","23960.27","24454.67","23795.47","15168205.00","4550.00"
"Fri Jul 17 2026 12:14:00 GMT+0530 (India Standard Time)","24243.20","24252.00","24241.70","24252.00","24216.11","24246.91","24185.30","24277.71","24154.50","24308.51","24123.70","24125.07","24194.93","24030.13","24289.87","23960.27","24454.67","23795.47","15164760.00","6240.00"
"Fri Jul 17 2026 12:15:00 GMT+0530 (India Standard Time)","24249.70","24254.90","24249.70","24250.90","24216.28","24247.11","24185.45","24277.93","24154.62","24308.76","24123.80","24125.07","24194.93","24030.13","24289.87","23960.27","24454.67","23795.47","15164630.00","13130.00"
"Fri Jul 17 2026 12:16:00 GMT+0530 (India Standard Time)","24250.90","24255.00","24242.00","24242.00","24216.34","24247.16","24185.51","24277.99","24154.69","24308.81","24123.86","24125.07","24194.93","24030.13","24289.87","23960.27","24454.67","23795.47","15164630.00","5330.00"
"Fri Jul 17 2026 12:17:00 GMT+0530 (India Standard Time)","24242.00","24247.50","24234.10","24239.60","24216.38","24247.19","24185.56","24278.01","24154.75","24308.82","24123.93","24125.07","24194.93","24030.13","24289.87","23960.27","24454.67","23795.47","15168400.00","4810.00"
"Fri Jul 17 2026 12:18:00 GMT+0530 (India Standard Time)","24245.00","24250.00","24239.60","24250.00","24216.44","24247.25","24185.63","24278.07","24154.81","24308.88","24124.00","24125.07","24194.93","24030.13","24289.87","23960.27","24454.67","23795.47","15168530.00","5590.00"
"Fri Jul 17 2026 12:19:00 GMT+0530 (India Standard Time)","24250.00","24250.00","24245.70","24245.70","24216.47","24247.29","24185.66","24278.10","24154.85","24308.91","24124.03","24125.07","24194.93","24030.13","24289.87","23960.27","24454.67","23795.47","15168530.00","2860.00"
"Fri Jul 17 2026 12:20:00 GMT+0530 (India Standard Time)","24247.70","24252.90","24245.30","24252.90","24216.59","24247.42","24185.77","24278.24","24154.94","24309.07","24124.12","24125.07","24194.93","24030.13","24289.87","23960.27","24454.67","23795.47","15164240.00","9880.00"
"Fri Jul 17 2026 12:21:00 GMT+0530 (India Standard Time)","24252.90","24252.90","24246.20","24248.50","24216.71","24247.54","24185.88","24278.37","24155.05","24309.21","24124.22","24125.07","24194.93","24030.13","24289.87","23960.27","24454.67","23795.47","15164240.00","9945.00"
"Fri Jul 17 2026 12:22:00 GMT+0530 (India Standard Time)","24248.50","24248.50","24241.70","24245.00","24216.80","24247.63","24185.98","24278.45","24155.16","24309.27","24124.33","24125.07","24194.93","24030.13","24289.87","23960.27","24454.67","23795.47","15169830.00","8905.00"
"Fri Jul 17 2026 12:23:00 GMT+0530 (India Standard Time)","24245.00","24255.00","24242.70","24255.00","24216.88","24247.71","24186.04","24278.54","24155.21","24309.37","24124.38","24125.07","24194.93","24030.13","24289.87","23960.27","24454.67","23795.47","15169830.00","5915.00"
"Fri Jul 17 2026 12:24:00 GMT+0530 (India Standard Time)","24252.90","24256.30","24251.10","24251.20","24216.95","24247.80","24186.11","24278.64","24155.27","24309.48","24124.42","24125.07","24194.93","24030.13","24289.87","23960.27","24454.67","23795.47","15168010.00","6045.00"
"Fri Jul 17 2026 12:25:00 GMT+0530 (India Standard Time)","24251.20","24260.00","24251.00","24252.70","24217.03","24247.89","24186.17","24278.75","24155.31","24309.61","24124.46","24125.07","24194.93","24030.13","24289.87","23960.27","24454.67","23795.47","15161250.00","5785.00"
"Fri Jul 17 2026 12:26:00 GMT+0530 (India Standard Time)","24252.70","24257.70","24251.00","24251.00","24217.13","24248.01","24186.26","24278.88","24155.38","24309.75","24124.51","24125.07","24194.93","24030.13","24289.87","23960.27","24454.67","23795.47","15164760.00","7800.00"
"Fri Jul 17 2026 12:27:00 GMT+0530 (India Standard Time)","24251.00","24258.60","24250.90","24256.40","24217.27","24248.17","24186.37","24279.08","24155.46","24309.98","24124.56","24125.07","24194.93","24030.13","24289.87","23960.27","24454.67","23795.47","15164760.00","10205.00"
"Fri Jul 17 2026 12:28:00 GMT+0530 (India Standard Time)","24256.40","24258.00","24250.00","24252.00","24217.33","24248.24","24186.42","24279.16","24155.50","24310.07","24124.59","24125.07","24194.93","24030.13","24289.87","23960.27","24454.67","23795.47","15173535.00","4615.00"
"Fri Jul 17 2026 12:29:00 GMT+0530 (India Standard Time)","24252.00","24253.90","24248.50","24248.50","24217.41","24248.32","24186.49","24279.24","24155.57","24310.16","24124.65","24125.07","24194.93","24030.13","24289.87","23960.27","24454.67","23795.47","15176395.00","6565.00"
"Fri Jul 17 2026 12:30:00 GMT+0530 (India Standard Time)","24248.50","24250.00","24246.30","24248.40","24217.45","24248.37","24186.54","24279.29","24155.62","24310.21","24124.70","24125.07","24194.93","24030.13","24289.87","23960.27","24454.67","23795.47","15159820.00","4420.00"
"Fri Jul 17 2026 12:31:00 GMT+0530 (India Standard Time)","24248.40","24251.50","24248.40","24251.00","24217.51","24248.43","24186.59","24279.35","24155.67","24310.27","24124.75","24125.07","24194.93","24030.13","24289.87","23960.27","24454.67","23795.47","15161380.00","4940.00"
"Fri Jul 17 2026 12:32:00 GMT+0530 (India Standard Time)","24251.00","24252.10","24250.00","24250.00","24217.57","24248.49","24186.64","24279.42","24155.72","24310.34","24124.79","24125.07","24194.93","24030.13","24289.87","23960.27","24454.67","23795.47","15162550.00","4810.00"
"Fri Jul 17 2026 12:33:00 GMT+0530 (India Standard Time)","24250.00","24252.90","24250.00","24252.00","24217.60","24248.53","24186.67","24279.46","24155.75","24310.38","24124.82","24125.07","24194.93","24030.13","24289.87","23960.27","24454.67","23795.47","15162095.00","2730.00"
"Fri Jul 17 2026 12:34:00 GMT+0530 (India Standard Time)","24252.00","24255.00","24251.80","24255.00","24217.70","24248.64","24186.75","24279.58","24155.81","24310.52","24124.87","24125.07","24194.93","24030.13","24289.87","23960.27","24454.67","23795.47","15160015.00","7410.00"
"Fri Jul 17 2026 12:35:00 GMT+0530 (India Standard Time)","24255.00","24255.50","24250.60","24251.10","24217.76","24248.71","24186.81","24279.66","24155.86","24310.61","24124.91","24125.07","24194.93","24030.13","24289.87","23960.27","24454.67","23795.47","15150005.00","5265.00"
"Fri Jul 17 2026 12:36:00 GMT+0530 (India Standard Time)","24251.10","24255.60","24249.80","24251.40","24217.82","24248.78","24186.86","24279.73","24155.91","24310.69","24124.95","24125.07","24194.93","24030.13","24289.87","23960.27","24454.67","23795.47","15150915.00","4940.00"
"Fri Jul 17 2026 12:37:00 GMT+0530 (India Standard Time)","24251.40","24257.50","24245.10","24252.70","24217.91","24248.88","24186.95","24279.84","24155.98","24310.81","24125.02","24125.07","24194.93","24030.13","24289.87","23960.27","24454.67","23795.47","15151630.00","7865.00"
"Fri Jul 17 2026 12:38:00 GMT+0530 (India Standard Time)","24252.70","24254.50","24247.10","24250.00","24218.01","24248.98","24187.04","24279.95","24156.07","24310.92","24125.10","24125.07","24194.93","24030.13","24289.87","23960.27","24454.67","23795.47","15149550.00","8775.00"
"Fri Jul 17 2026 12:39:00 GMT+0530 (India Standard Time)","24250.00","24252.00","24247.00","24247.00","24218.09","24249.06","24187.12","24280.03","24156.15","24310.99","24125.18","24125.07","24194.93","24030.13","24289.87","23960.27","24454.67","23795.47","15149225.00","6955.00"
"Fri Jul 17 2026 12:40:00 GMT+0530 (India Standard Time)","24247.00","24252.00","24242.00","24242.00","24218.14","24249.10","24187.17","24280.06","24156.21","24311.03","24125.25","24125.07","24194.93","24030.13","24289.87","23960.27","24454.67","23795.47","15144805.00","5330.00"
"Fri Jul 17 2026 12:41:00 GMT+0530 (India Standard Time)","24242.00","24246.90","24233.40","24246.90","24218.22","24249.16","24187.28","24280.10","24156.33","24311.05","24125.39","24125.07","24194.93","24030.13","24289.87","23960.27","24454.67","23795.47","15144935.00","9750.00"
"Fri Jul 17 2026 12:42:00 GMT+0530 (India Standard Time)","24246.90","24254.00","24242.00","24254.00","24218.28","24249.22","24187.33","24280.17","24156.39","24311.11","24125.44","24125.07","24194.93","24030.13","24289.87","23960.27","24454.67","23795.47","15147275.00","5395.00"
"Fri Jul 17 2026 12:43:00 GMT+0530 (India Standard Time)","24254.80","24255.00","24244.00","24244.00","24218.31","24249.26","24187.37","24280.20","24156.43","24311.14","24125.49","24125.07","24194.93","24030.13","24289.87","23960.27","24454.67","23795.47","15150915.00","3640.00"
"Fri Jul 17 2026 12:44:00 GMT+0530 (India Standard Time)","24244.00","24250.00","24244.00","24248.90","24218.36","24249.30","24187.42","24280.24","24156.48","24311.18","24125.54","24125.07","24194.93","24030.13","24289.87","23960.27","24454.67","23795.47","15152280.00","4095.00"
"Fri Jul 17 2026 12:45:00 GMT+0530 (India Standard Time)","24248.90","24260.00","24248.90","24258.60","24218.78","24249.80","24187.76","24280.82","24156.74","24311.84","24125.72","24125.07","24194.93","24030.13","24289.87","23960.27","24454.67","23795.47","15145195.00","33410.00"
"Fri Jul 17 2026 12:46:00 GMT+0530 (India Standard Time)","24260.00","24260.00","24251.00","24255.00","24218.85","24249.88","24187.82","24280.91","24156.79","24311.94","24125.76","24125.07","24194.93","24030.13","24289.87","23960.27","24454.67","23795.47","15171130.00","5720.00"
"Fri Jul 17 2026 12:47:00 GMT+0530 (India Standard Time)","24255.00","24259.20","24252.50","24255.50","24219.03","24250.09","24187.97","24281.16","24156.91","24312.22","24125.85","24125.07","24194.93","24030.13","24289.87","23960.27","24454.67","23795.47","15174445.00","14495.00"
"Fri Jul 17 2026 12:48:00 GMT+0530 (India Standard Time)","24255.50","24259.00","24255.50","24259.00","24219.09","24250.17","24188.02","24281.24","24156.94","24312.32","24125.87","24125.07","24194.93","24030.13","24289.87","23960.27","24454.67","23795.47","15186795.00","4615.00"
"Fri Jul 17 2026 12:49:00 GMT+0530 (India Standard Time)","24259.00","24275.00","24259.00","24267.40","24219.78","24251.16","24188.41","24282.53","24157.03","24313.91","24125.66","24125.07","24194.93","24030.13","24289.87","23960.27","24454.67","23795.47","15185560.00","43095.00"
"Fri Jul 17 2026 12:50:00 GMT+0530 (India Standard Time)","24267.40","24269.70","24252.10","24257.00","24219.88","24251.28","24188.48","24282.67","24157.08","24314.07","24125.68","24125.07","24194.93","24030.13","24289.87","23960.27","24454.67","23795.47","15177110.00","7345.00"
"Fri Jul 17 2026 12:51:00 GMT+0530 (India Standard Time)","24257.00","24257.00","24242.00","24250.10","24219.99","24251.38","24188.59","24282.77","24157.20","24314.16","24125.81","24125.07","24194.93","24030.13","24289.87","23960.27","24454.67","23795.47","15177565.00","11050.00"
"Fri Jul 17 2026 12:52:00 GMT+0530 (India Standard Time)","24250.10","24257.10","24242.00","24248.00","24220.05","24251.44","24188.67","24282.83","24157.28","24314.22","24125.89","24125.07","24194.93","24030.13","24289.87","23960.27","24454.67","23795.47","15180945.00","7085.00"
"Fri Jul 17 2026 12:53:00 GMT+0530 (India Standard Time)","24248.00","24255.10","24234.70","24235.00","24220.12","24251.48","24188.75","24282.84","24157.39","24314.21","24126.02","24125.07","24194.93","24030.13","24289.87","23960.27","24454.67","23795.47","15185300.00","8580.00"
"Fri Jul 17 2026 12:54:00 GMT+0530 (India Standard Time)","24235.00","24248.00","24231.80","24240.50","24220.17","24251.51","24188.83","24282.85","24157.49","24314.19","24126.14","24125.07","24194.93","24030.13","24289.87","23960.27","24454.67","23795.47","15189460.00","7670.00"
"Fri Jul 17 2026 12:55:00 GMT+0530 (India Standard Time)","24240.50","24251.70","24236.80","24240.00","24220.23","24251.55","24188.91","24282.87","24157.59","24314.19","24126.27","24125.07","24194.93","24030.13","24289.87","23960.27","24454.67","23795.47","15160600.00","8385.00"
"Fri Jul 17 2026 12:56:00 GMT+0530 (India Standard Time)","24240.00","24249.50","24232.50","24236.60","24220.26","24251.56","24188.95","24282.87","24157.65","24314.17","24126.34","24125.07","24194.93","24030.13","24289.87","23960.27","24454.67","23795.47","15163525.00","4615.00"
"Fri Jul 17 2026 12:57:00 GMT+0530 (India Standard Time)","24236.60","24255.00","24236.60","24245.80","24220.32","24251.61","24189.03","24282.90","24157.74","24314.20","24126.44","24125.07","24194.93","24030.13","24289.87","23960.27","24454.67","23795.47","15162030.00","7670.00"
"Fri Jul 17 2026 12:58:00 GMT+0530 (India Standard Time)","24245.80","24255.00","24241.40","24245.00","24220.35","24251.64","24189.06","24282.93","24157.78","24314.21","24126.49","24125.07","24194.93","24030.13","24289.87","23960.27","24454.67","23795.47","15168270.00","3510.00"
"Fri Jul 17 2026 12:59:00 GMT+0530 (India Standard Time)","24245.00","24254.00","24245.00","24248.60","24220.47","24251.74","24189.19","24283.02","24157.91","24314.30","24126.63","24125.07","24194.93","24030.13","24289.87","23960.27","24454.67","23795.47","15161315.00","12285.00"
"Fri Jul 17 2026 13:00:00 GMT+0530 (India Standard Time)","24248.60","24259.90","24247.40","24255.00","24220.61","24251.89","24189.32","24283.18","24158.03","24314.47","24126.74","24125.07","24194.93","24030.13","24289.87","23960.27","24454.67","23795.47","15157675.00","12805.00"
"Fri Jul 17 2026 13:01:00 GMT+0530 (India Standard Time)","24255.00","24260.00","24248.00","24251.00","24220.65","24251.94","24189.36","24283.23","24158.07","24314.52","24126.78","24125.07","24194.93","24030.13","24289.87","23960.27","24454.67","23795.47","15158975.00","4485.00"
"Fri Jul 17 2026 13:02:00 GMT+0530 (India Standard Time)","24251.00","24259.00","24249.00","24250.00","24220.67","24251.96","24189.39","24283.25","24158.10","24314.54","24126.81","24125.07","24194.93","24030.13","24289.87","23960.27","24454.67","23795.47","15160730.00","2210.00"
"Fri Jul 17 2026 13:03:00 GMT+0530 (India Standard Time)","24250.00","24255.00","24245.10","24247.50","24220.70","24251.98","24189.41","24283.27","24158.12","24314.56","24126.83","24125.07","24194.93","24030.13","24289.87","23960.27","24454.67","23795.47","15161965.00","2470.00"
"Fri Jul 17 2026 13:04:00 GMT+0530 (India Standard Time)","24247.50","24255.00","24246.00","24249.00","24220.73","24252.02","24189.45","24283.30","24158.16","24314.59","24126.88","24125.07","24194.93","24030.13","24289.87","23960.27","24454.67","23795.47","15159105.00","3705.00"
"Fri Jul 17 2026 13:05:00 GMT+0530 (India Standard Time)","24249.00","24250.00","24245.00","24249.90","24220.74","24252.03","24189.46","24283.31","24158.18","24314.59","24126.89","24125.07","24194.93","24030.13","24289.87","23960.27","24454.67","23795.47","15143180.00","1235.00"
"Fri Jul 17 2026 13:06:00 GMT+0530 (India Standard Time)","24249.90","24255.00","24245.00","24250.10","24220.79","24252.07","24189.51","24283.36","24158.23","24314.64","24126.95","24125.07","24194.93","24030.13","24289.87","23960.27","24454.67","23795.47","15144025.00","5460.00"
"Fri Jul 17 2026 13:07:00 GMT+0530 (India Standard Time)","24250.10","24255.00","24247.00","24247.00","24220.88","24252.16","24189.61","24283.43","24158.34","24314.70","24127.06","24125.07","24194.93","24030.13","24289.87","23960.27","24454.67","23795.47","15147210.00","9620.00"
"Fri Jul 17 2026 13:08:00 GMT+0530 (India Standard Time)","24247.00","24250.00","24245.00","24246.40","24220.90","24252.17","24189.63","24283.44","24158.35","24314.71","24127.08","24125.07","24194.93","24030.13","24289.87","23960.27","24454.67","23795.47","15155205.00","1560.00"
"Fri Jul 17 2026 13:09:00 GMT+0530 (India Standard Time)","24245.00","24250.00","24245.00","24247.00","24220.93","24252.19","24189.66","24283.46","24158.40","24314.72","24127.13","24125.07","24194.93","24030.13","24289.87","23960.27","24454.67","23795.47","15156375.00","3705.00"
"Fri Jul 17 2026 13:10:00 GMT+0530 (India Standard Time)","24247.00","24249.90","24245.00","24246.50","24220.94","24252.21","24189.68","24283.47","24158.42","24314.73","24127.16","24125.07","24194.93","24030.13","24289.87","23960.27","24454.67","23795.47","15144805.00","1950.00"
"Fri Jul 17 2026 13:11:00 GMT+0530 (India Standard Time)","24246.50","24253.30","24245.10","24246.50","24220.97","24252.23","24189.71","24283.49","24158.45","24314.75","24127.19","24125.07","24194.93","24030.13","24289.87","23960.27","24454.67","23795.47","15144025.00","2860.00"
"Fri Jul 17 2026 13:12:00 GMT+0530 (India Standard Time)","24246.50","24250.00","24245.00","24245.00","24220.99","24252.24","24189.73","24283.50","24158.48","24314.75","24127.22","24125.07","24194.93","24030.13","24289.87","23960.27","24454.67","23795.47","15145455.00","2405.00"
"Fri Jul 17 2026 13:13:00 GMT+0530 (India Standard Time)","24245.00","24249.30","24245.00","24247.70","24221.03","24252.28","24189.78","24283.52","24158.53","24314.77","24127.28","24125.07","24194.93","24030.13","24289.87","23960.27","24454.67","23795.47","15146430.00","4550.00"
"Fri Jul 17 2026 13:14:00 GMT+0530 (India Standard Time)","24247.70","24255.00","24245.00","24255.00","24221.25","24252.50","24190.01","24283.74","24158.77","24314.98","24127.52","24125.07","24194.93","24030.13","24289.87","23960.27","24454.67","23795.47","15145715.00","23400.00"
"Fri Jul 17 2026 13:15:00 GMT+0530 (India Standard Time)","24255.00","24255.00","24235.60","24243.20","24221.31","24252.54","24190.09","24283.76","24158.86","24314.99","24127.64","24125.07","24194.93","24030.13","24289.87","23960.27","24454.67","23795.47","15142660.00","8255.00"
"Fri Jul 17 2026 13:16:00 GMT+0530 (India Standard Time)","24243.20","24245.00","24237.50","24240.00","24221.33","24252.55","24190.12","24283.76","24158.90","24314.98","24127.68","24125.07","24194.93","24030.13","24289.87","23960.27","24454.67","23795.47","15143245.00","3120.00"
"Fri Jul 17 2026 13:17:00 GMT+0530 (India Standard Time)","24239.40","24247.30","24238.00","24247.10","24221.40","24252.60","24190.21","24283.79","24159.02","24314.98","24127.82","24125.07","24194.93","24030.13","24289.87","23960.27","24454.67","23795.47","15146625.00","9945.00"
"Fri Jul 17 2026 13:18:00 GMT+0530 (India Standard Time)","24247.10","24249.40","24239.50","24239.90","24221.45","24252.62","24190.27","24283.80","24159.10","24314.98","24127.92","24125.07","24194.93","24030.13","24289.87","23960.27","24454.67","23795.47","15153450.00","6630.00"
"Fri Jul 17 2026 13:19:00 GMT+0530 (India Standard Time)","24239.90","24243.40","24237.00","24242.90","24221.49","24252.65","24190.34","24283.80","24159.18","24314.96","24128.03","24125.07","24194.93","24030.13","24289.87","23960.27","24454.67","23795.47","15158585.00","7150.00"
"Fri Jul 17 2026 13:20:00 GMT+0530 (India Standard Time)","24242.90","24249.40","24235.00","24247.60","24221.54","24252.68","24190.40","24283.82","24159.26","24314.96","24128.12","24125.07","24194.93","24030.13","24289.87","23960.27","24454.67","23795.47","15150720.00","6825.00"
"Fri Jul 17 2026 13:21:00 GMT+0530 (India Standard Time)","24247.60","24247.60","24236.10","24240.00","24221.57","24252.69","24190.44","24283.82","24159.31","24314.95","24128.18","24125.07","24194.93","24030.13","24289.87","23960.27","24454.67","23795.47","15156960.00","4290.00"
"Fri Jul 17 2026 13:22:00 GMT+0530 (India Standard Time)","24240.00","24246.10","24238.50","24240.00","24221.61","24252.71","24190.50","24283.82","24159.39","24314.93","24128.28","24125.07","24194.93","24030.13","24289.87","23960.27","24454.67","23795.47","15157740.00","6435.00"
"Fri Jul 17 2026 13:23:00 GMT+0530 (India Standard Time)","24240.00","24245.80","24235.10","24241.30","24221.63","24252.73","24190.53","24283.82","24159.43","24314.92","24128.34","24125.07","24194.93","24030.13","24289.87","23960.27","24454.67","23795.47","15162615.00","3900.00"
"Fri Jul 17 2026 13:24:00 GMT+0530 (India Standard Time)","24241.30","24244.80","24231.00","24231.50","24221.66","24252.73","24190.58","24283.80","24159.51","24314.88","24128.44","24125.07","24194.93","24030.13","24289.87","23960.27","24454.67","23795.47","15151760.00","6305.00"
"Fri Jul 17 2026 13:25:00 GMT+0530 (India Standard Time)","24231.50","24239.00","24228.00","24235.50","24221.69","24252.73","24190.66","24283.76","24159.62","24314.80","24128.58","24125.07","24194.93","24030.13","24289.87","23960.27","24454.67","23795.47","15140775.00","9100.00"
"Fri Jul 17 2026 13:26:00 GMT+0530 (India Standard Time)","24235.50","24242.80","24230.30","24232.00","24221.70","24252.73","24190.67","24283.76","24159.65","24314.78","24128.62","24125.07","24194.93","24030.13","24289.87","23960.27","24454.67","23795.47","15141100.00","2210.00"
"Fri Jul 17 2026 13:27:00 GMT+0530 (India Standard Time)","24232.00","24236.60","24228.00","24232.80","24221.72","24252.72","24190.72","24283.72","24159.72","24314.73","24128.72","24125.07","24194.93","24030.13","24289.87","23960.27","24454.67","23795.47","15141620.00","6370.00"
"Fri Jul 17 2026 13:28:00 GMT+0530 (India Standard Time)","24232.80","24234.20","24227.00","24234.00","24221.74","24252.72","24190.76","24283.69","24159.78","24314.67","24128.80","24125.07","24194.93","24030.13","24289.87","23960.27","24454.67","23795.47","15144285.00","5395.00"
"Fri Jul 17 2026 13:29:00 GMT+0530 (India Standard Time)","24234.00","24240.00","24234.00","24234.00","24221.79","24252.72","24190.85","24283.66","24159.91","24314.60","24128.97","24125.07","24194.93","24030.13","24289.87","23960.27","24454.67","23795.47","15141945.00","10855.00"
"Fri Jul 17 2026 13:30:00 GMT+0530 (India Standard Time)","24234.00","24239.60","24228.00","24239.00","24221.82","24252.73","24190.91","24283.64","24160.00","24314.55","24129.09","24125.07","24194.93","24030.13","24289.87","23960.27","24454.67","23795.47","15135965.00","7215.00"
"Fri Jul 17 2026 13:31:00 GMT+0530 (India Standard Time)","24239.00","24240.00","24230.00","24230.00","24221.83","24252.72","24190.94","24283.62","24160.04","24314.51","24129.15","24125.07","24194.93","24030.13","24289.87","23960.27","24454.67","23795.47","15132780.00","4030.00"
"Fri Jul 17 2026 13:32:00 GMT+0530 (India Standard Time)","24230.00","24238.00","24226.20","24238.00","24221.84","24252.72","24190.95","24283.61","24160.07","24314.49","24129.19","24125.07","24194.93","24030.13","24289.87","23960.27","24454.67","23795.47","15134340.00","2275.00"
"Fri Jul 17 2026 13:33:00 GMT+0530 (India Standard Time)","24238.00","24238.00","24228.00","24236.40","24221.85","24252.72","24190.98","24283.59","24160.11","24314.47","24129.24","24125.07","24194.93","24030.13","24289.87","23960.27","24454.67","23795.47","15135640.00","3250.00"
"Fri Jul 17 2026 13:34:00 GMT+0530 (India Standard Time)","24236.40","24236.40","24226.10","24230.00","24221.86","24252.72","24190.99","24283.58","24160.13","24314.45","24129.27","24125.07","24194.93","24030.13","24289.87","23960.27","24454.67","23795.47","15136355.00","1950.00"
"Fri Jul 17 2026 13:35:00 GMT+0530 (India Standard Time)","24230.00","24240.00","24229.00","24240.00","24221.87","24252.72","24191.02","24283.57","24160.17","24314.42","24129.33","24125.07","24194.93","24030.13","24289.87","23960.27","24454.67","23795.47","15129660.00","3835.00"
"Fri Jul 17 2026 13:36:00 GMT+0530 (India Standard Time)","24240.00","24248.60","24235.10","24242.50","24221.91","24252.74","24191.07","24283.58","24160.23","24314.41","24129.40","24125.07","24194.93","24030.13","24289.87","23960.27","24454.67","23795.47","15127320.00","5200.00"
"Fri Jul 17 2026 13:37:00 GMT+0530 (India Standard Time)","24242.50","24245.00","24228.60","24237.00","24221.93","24252.75","24191.11","24283.56","24160.30","24314.38","24129.48","24125.07","24194.93","24030.13","24289.87","23960.27","24454.67","23795.47","15125565.00","5265.00"
"Fri Jul 17 2026 13:38:00 GMT+0530 (India Standard Time)","24237.00","24237.00","24226.10","24234.80","24221.94","24252.74","24191.13","24283.55","24160.33","24314.36","24129.52","24125.07","24194.93","24030.13","24289.87","23960.27","24454.67","23795.47","15129530.00","2600.00"
"Fri Jul 17 2026 13:39:00 GMT+0530 (India Standard Time)","24234.80","24235.00","24227.50","24233.50","24221.96","24252.74","24191.18","24283.51","24160.41","24314.29","24129.63","24125.07","24194.93","24030.13","24289.87","23960.27","24454.67","23795.47","15086825.00","7020.00"
"Fri Jul 17 2026 13:40:00 GMT+0530 (India Standard Time)","24229.00","24237.40","24223.00","24224.60","24221.97","24252.72","24191.22","24283.47","24160.48","24314.21","24129.73","24125.07","24194.93","24030.13","24289.87","23960.27","24454.67","23795.47","15093975.00","6695.00"
"Fri Jul 17 2026 13:41:00 GMT+0530 (India Standard Time)","24224.60","24229.00","24220.00","24229.00","24221.98","24252.70","24191.26","24283.41","24160.55","24314.13","24129.83","24125.07","24194.93","24030.13","24289.87","23960.27","24454.67","23795.47","15093195.00","6565.00"
"Fri Jul 17 2026 13:42:00 GMT+0530 (India Standard Time)","24229.00","24229.00","24215.00","24220.70","24221.98","24252.68","24191.28","24283.37","24160.59","24314.07","24129.89","24125.07","24194.93","24030.13","24289.87","23960.27","24454.67","23795.47","15093520.00","4355.00"
"Fri Jul 17 2026 13:43:00 GMT+0530 (India Standard Time)","24220.70","24223.00","24215.00","24218.50","24221.97","24252.65","24191.30","24283.32","24160.63","24313.99","24129.95","24125.07","24194.93","24030.13","24289.87","23960.27","24454.67","23795.47","15093715.00","5135.00"
"Fri Jul 17 2026 13:44:00 GMT+0530 (India Standard Time)","24220.00","24227.80","24215.00","24226.60","24221.98","24252.56","24191.41","24283.13","24160.83","24313.70","24130.26","24125.07","24194.93","24030.13","24289.87","23960.27","24454.67","23795.47","15087540.00","21840.00"
"Fri Jul 17 2026 13:45:00 GMT+0530 (India Standard Time)","24226.00","24226.80","24215.00","24226.10","24221.99","24252.36","24191.62","24282.72","24161.26","24313.09","24130.89","24125.07","24194.93","24030.13","24289.87","23960.27","24454.67","23795.47","15098525.00","45955.00"
"Fri Jul 17 2026 13:46:00 GMT+0530 (India Standard Time)","24226.10","24227.30","24210.00","24213.50","24221.91","24252.05","24191.78","24282.18","24161.64","24312.31","24131.51","24125.07","24194.93","24030.13","24289.87","23960.27","24454.67","23795.47","15120950.00","54145.00"
"Fri Jul 17 2026 13:47:00 GMT+0530 (India Standard Time)","24213.50","24215.40","24200.10","24211.00","24221.70","24251.64","24191.77","24281.57","24161.83","24311.51","24131.89","24125.07","24194.93","24030.13","24289.87","23960.27","24454.67","23795.47","15146885.00","56290.00"
"Fri Jul 17 2026 13:48:00 GMT+0530 (India Standard Time)","24211.00","24218.50","24202.00","24218.10","24221.59","24251.34","24191.83","24281.10","24162.07","24310.86","24132.32","24125.07","24194.93","24030.13","24289.87","23960.27","24454.67","23795.47","15159170.00","46670.00"
"Fri Jul 17 2026 13:49:00 GMT+0530 (India Standard Time)","24218.10","24218.80","24205.00","24205.00","24221.55","24251.26","24191.83","24280.98","24162.12","24310.69","24132.40","24125.07","24194.93","24030.13","24289.87","23960.27","24454.67","23795.47","15169440.00","11830.00"
"Fri Jul 17 2026 13:50:00 GMT+0530 (India Standard Time)","24205.00","24205.60","24200.00","24200.00","24221.46","24251.15","24191.78","24280.83","24162.10","24310.51","24132.42","24125.07","24194.93","24030.13","24289.87","23960.27","24454.67","23795.47","15170350.00","14820.00"
"Fri Jul 17 2026 13:51:00 GMT+0530 (India Standard Time)","24200.00","24201.80","24180.00","24190.00","24221.25","24250.93","24191.56","24280.62","24161.87","24310.31","24132.18","24125.07","24194.93","24030.13","24289.87","23960.27","24454.67","23795.47","15167945.00","25675.00"
"Fri Jul 17 2026 13:52:00 GMT+0530 (India Standard Time)","24190.00","24195.80","24183.50","24185.00","24221.14","24250.84","24191.44","24280.54","24161.74","24310.24","24132.04","24125.07","24194.93","24030.13","24289.87","23960.27","24454.67","23795.47","15166840.00","11895.00"
"Fri Jul 17 2026 13:53:00 GMT+0530 (India Standard Time)","24185.00","24199.50","24185.00","24192.00","24221.08","24250.78","24191.39","24280.48","24161.69","24310.18","24131.99","24125.07","24194.93","24030.13","24289.87","23960.27","24454.67","23795.47","15169895.00","6435.00"
"Fri Jul 17 2026 13:54:00 GMT+0530 (India Standard Time)","24192.00","24200.00","24192.00","24196.50","24221.04","24250.73","24191.35","24280.42","24161.66","24310.11","24131.97","24125.07","24194.93","24030.13","24289.87","23960.27","24454.67","23795.47","15171195.00","6435.00"
"Fri Jul 17 2026 13:55:00 GMT+0530 (India Standard Time)","24198.00","24212.60","24190.00","24210.10","24220.97","24250.62","24191.32","24280.26","24161.67","24309.91","24132.03","24125.07","24194.93","24030.13","24289.87","23960.27","24454.67","23795.47","15177955.00","15600.00"
"Fri Jul 17 2026 13:56:00 GMT+0530 (India Standard Time)","24210.10","24210.10","24195.00","24195.00","24220.93","24250.57","24191.30","24280.20","24161.66","24309.84","24132.03","24125.07","24194.93","24030.13","24289.87","23960.27","24454.67","23795.47","15178475.00","6240.00"
"Fri Jul 17 2026 13:57:00 GMT+0530 (India Standard Time)","24195.00","24208.10","24195.00","24196.00","24220.89","24250.51","24191.27","24280.13","24161.65","24309.76","24132.03","24125.07","24194.93","24030.13","24289.87","23960.27","24454.67","23795.47","15178735.00","7020.00"
"Fri Jul 17 2026 13:58:00 GMT+0530 (India Standard Time)","24199.00","24210.00","24199.00","24207.70","24220.88","24250.49","24191.27","24280.10","24161.66","24309.71","24132.04","24125.07","24194.93","24030.13","24289.87","23960.27","24454.67","23795.47","15182050.00","3380.00"
"Fri Jul 17 2026 13:59:00 GMT+0530 (India Standard Time)","24207.70","24222.70","24204.50","24218.00","24220.86","24250.42","24191.30","24279.98","24161.74","24309.54","24132.18","24125.07","24194.93","24030.13","24289.87","23960.27","24454.67","23795.47","15185365.00","13065.00"
"Fri Jul 17 2026 14:00:00 GMT+0530 (India Standard Time)","24218.00","24227.90","24213.30","24227.90","24220.86","24250.39","24191.33","24279.92","24161.80","24309.45","24132.27","24125.07","24194.93","24030.13","24289.87","23960.27","24454.67","23795.47","15189330.00","7605.00"
"Fri Jul 17 2026 14:01:00 GMT+0530 (India Standard Time)","24227.90","24227.90","24215.00","24220.00","24220.86","24250.37","24191.35","24279.88","24161.84","24309.39","24132.33","24125.07","24194.93","24030.13","24289.87","23960.27","24454.67","23795.47","15191865.00","4940.00"
"Fri Jul 17 2026 14:02:00 GMT+0530 (India Standard Time)","24220.00","24220.00","24210.00","24217.00","24220.85","24250.34","24191.37","24279.82","24161.88","24309.30","24132.40","24125.07","24194.93","24030.13","24289.87","23960.27","24454.67","23795.47","15194205.00","6825.00"
"Fri Jul 17 2026 14:03:00 GMT+0530 (India Standard Time)","24217.00","24217.00","24208.00","24217.00","24220.84","24250.31","24191.38","24279.77","24161.91","24309.24","24132.45","24125.07","24194.93","24030.13","24289.87","23960.27","24454.67","23795.47","15197130.00","5070.00"
"Fri Jul 17 2026 14:04:00 GMT+0530 (India Standard Time)","24217.00","24220.00","24213.50","24220.00","24220.84","24250.29","24191.39","24279.73","24161.94","24309.18","24132.50","24125.07","24194.93","24030.13","24289.87","23960.27","24454.67","23795.47","15201225.00","4420.00"
"Fri Jul 17 2026 14:05:00 GMT+0530 (India Standard Time)","24220.00","24220.00","24215.50","24220.00","24220.83","24250.24","24191.43","24279.64","24162.03","24309.04","24132.62","24125.07","24194.93","24030.13","24289.87","23960.27","24454.67","23795.47","15201420.00","11245.00"
"Fri Jul 17 2026 14:06:00 GMT+0530 (India Standard Time)","24220.00","24229.00","24215.00","24215.00","24220.83","24250.19","24191.47","24279.55","24162.11","24308.91","24132.75","24125.07","24194.93","24030.13","24289.87","23960.27","24454.67","23795.47","15195180.00","10985.00"
"Fri Jul 17 2026 14:07:00 GMT+0530 (India Standard Time)","24215.00","24215.00","24212.00","24215.00","24220.82","24250.17","24191.48","24279.51","24162.13","24308.86","24132.79","24125.07","24194.93","24030.13","24289.87","23960.27","24454.67","23795.47","15197585.00","4095.00"
"Fri Jul 17 2026 14:08:00 GMT+0530 (India Standard Time)","24215.00","24225.00","24213.00","24216.40","24220.82","24250.15","24191.49","24279.48","24162.16","24308.80","24132.83","24125.07","24194.93","24030.13","24289.87","23960.27","24454.67","23795.47","15199600.00","4160.00"
"Fri Jul 17 2026 14:09:00 GMT+0530 (India Standard Time)","24213.00","24225.00","24212.50","24215.00","24220.81","24250.12","24191.51","24279.43","24162.20","24308.74","24132.89","24125.07","24194.93","24030.13","24289.87","23960.27","24454.67","23795.47","15202460.00","5200.00"
"Fri Jul 17 2026 14:10:00 GMT+0530 (India Standard Time)","24225.00","24225.00","24215.00","24220.00","24220.81","24250.10","24191.53","24279.38","24162.25","24308.66","24132.96","24125.07","24194.93","24030.13","24289.87","23960.27","24454.67","23795.47","15204865.00","6630.00"
"Fri Jul 17 2026 14:11:00 GMT+0530 (India Standard Time)","24220.00","24236.10","24219.80","24234.90","24220.84","24250.08","24191.61","24279.32","24162.37","24308.56","24133.13","24125.07","24194.93","24030.13","24289.87","23960.27","24454.67","23795.47","15210325.00","12805.00"
"Fri Jul 17 2026 14:12:00 GMT+0530 (India Standard Time)","24228.50","24244.40","24228.50","24244.00","24220.89","24250.11","24191.67","24279.32","24162.46","24308.54","24133.24","24125.07","24194.93","24030.13","24289.87","23960.27","24454.67","23795.47","15214810.00","9295.00"
"Fri Jul 17 2026 14:13:00 GMT+0530 (India Standard Time)","24244.00","24250.00","24235.50","24250.00","24220.97","24250.17","24191.77","24279.37","24162.57","24308.57","24133.36","24125.07","24194.93","24030.13","24289.87","23960.27","24454.67","23795.47","15211300.00","12220.00"
"Fri Jul 17 2026 14:14:00 GMT+0530 (India Standard Time)","24249.90","24260.00","24246.50","24260.00","24221.14","24250.37","24191.91","24279.60","24162.68","24308.83","24133.45","24125.07","24194.93","24030.13","24289.87","23960.27","24454.67","23795.47","15218515.00","19110.00"
"Fri Jul 17 2026 14:15:00 GMT+0530 (India Standard Time)","24260.00","24336.00","24252.10","24335.00","24225.12","24258.94","24191.30","24292.77","24157.48","24326.59","24123.66","24125.07","24194.93","24030.13","24289.87","23960.27","24454.67","23795.47","15221570.00","183430.00"
"Fri Jul 17 2026 14:16:00 GMT+0530 (India Standard Time)","24336.00","24351.00","24318.50","24350.90","24227.61","24265.01","24190.21","24302.42","24152.80","24339.82","24115.40","24125.07","24194.93","24030.13","24289.87","23960.27","24454.67","23795.47","15183350.00","88140.00"
"Fri Jul 17 2026 14:17:00 GMT+0530 (India Standard Time)","24351.00","24364.90","24325.10","24328.00","24229.65","24269.61","24189.69","24309.57","24149.72","24349.54","24109.76","24125.07","24194.93","24030.13","24289.87","23960.27","24454.67","23795.47","15195245.00","75725.00"
"Fri Jul 17 2026 14:18:00 GMT+0530 (India Standard Time)","24328.00","24328.00","24312.20","24321.30","24230.29","24270.83","24189.75","24311.37","24149.21","24351.91","24108.67","24125.07","24194.93","24030.13","24289.87","23960.27","24454.67","23795.47","15195765.00","29445.00"
"Fri Jul 17 2026 14:19:00 GMT+0530 (India Standard Time)","24321.30","24321.30","24290.00","24299.10","24230.96","24271.91","24190.01","24312.86","24149.06","24353.81","24108.10","24125.07","24194.93","24030.13","24289.87","23960.27","24454.67","23795.47","15207400.00","38480.00"
"Fri Jul 17 2026 14:20:00 GMT+0530 (India Standard Time)","24299.10","24302.90","24290.00","24290.00","24231.28","24272.38","24190.19","24313.48","24149.09","24354.57","24107.99","24125.07","24194.93","24030.13","24289.87","23960.27","24454.67","23795.47","15222610.00","21905.00"
"Fri Jul 17 2026 14:21:00 GMT+0530 (India Standard Time)","24290.00","24299.00","24280.00","24285.00","24231.53","24272.70","24190.35","24313.88","24149.18","24355.06","24108.00","24125.07","24194.93","24030.13","24289.87","23960.27","24454.67","23795.47","15233010.00","18460.00"
"Fri Jul 17 2026 14:22:00 GMT+0530 (India Standard Time)","24285.00","24290.00","24271.60","24271.60","24231.82","24273.03","24190.61","24314.24","24149.40","24355.45","24108.20","24125.07","24194.93","24030.13","24289.87","23960.27","24454.67","23795.47","15226900.00","27105.00"
"Fri Jul 17 2026 14:23:00 GMT+0530 (India Standard Time)","24271.60","24275.00","24262.30","24265.00","24232.00","24273.18","24190.82","24314.36","24149.64","24355.55","24108.45","24125.07","24194.93","24030.13","24289.87","23960.27","24454.67","23795.47","15199275.00","21580.00"
"Fri Jul 17 2026 14:24:00 GMT+0530 (India Standard Time)","24265.00","24275.00","24261.00","24275.00","24232.19","24273.36","24191.02","24314.53","24149.86","24355.69","24108.69","24125.07","24194.93","24030.13","24289.87","23960.27","24454.67","23795.47","15203760.00","21645.00"
"Fri Jul 17 2026 14:25:00 GMT+0530 (India Standard Time)","24273.00","24294.00","24265.00","24285.00","24232.39","24273.59","24191.19","24314.80","24149.98","24356.00","24108.78","24125.07","24194.93","24030.13","24289.87","23960.27","24454.67","23795.47","15212210.00","17615.00"
"Fri Jul 17 2026 14:26:00 GMT+0530 (India Standard Time)","24280.00","24298.40","24280.00","24295.00","24232.50","24273.74","24191.26","24314.98","24150.01","24356.22","24108.77","24125.07","24194.93","24030.13","24289.87","23960.27","24454.67","23795.47","15218060.00","7930.00"
"Fri Jul 17 2026 14:27:00 GMT+0530 (India Standard Time)","24295.00","24299.00","24288.00","24297.00","24232.68","24273.99","24191.36","24315.31","24150.04","24356.62","24108.73","24125.07","24194.93","24030.13","24289.87","23960.27","24454.67","23795.47","15219880.00","12545.00"
"Fri Jul 17 2026 14:28:00 GMT+0530 (India Standard Time)","24298.00","24299.80","24289.30","24292.10","24232.81","24274.18","24191.44","24315.55","24150.07","24356.92","24108.70","24125.07","24194.93","24030.13","24289.87","23960.27","24454.67","23795.47","15199730.00","9555.00"
"Fri Jul 17 2026 14:29:00 GMT+0530 (India Standard Time)","24292.10","24292.10","24263.40","24266.00","24232.94","24274.30","24191.57","24315.67","24150.20","24357.04","24108.83","24125.07","24194.93","24030.13","24289.87","23960.27","24454.67","23795.47","15203370.00","13520.00"
"Fri Jul 17 2026 14:30:00 GMT+0530 (India Standard Time)","24266.00","24294.00","24266.00","24286.70","24233.08","24274.48","24191.69","24315.87","24150.30","24357.26","24108.90","24125.07","24194.93","24030.13","24289.87","23960.27","24454.67","23795.47","15204930.00","13195.00"
"Fri Jul 17 2026 14:31:00 GMT+0530 (India Standard Time)","24286.70","24293.00","24276.00","24276.00","24233.15","24274.56","24191.75","24315.96","24150.34","24357.37","24108.94","24125.07","24194.93","24030.13","24289.87","23960.27","24454.67","23795.47","15204995.00","6305.00"
"Fri Jul 17 2026 14:32:00 GMT+0530 (India Standard Time)","24276.00","24288.00","24271.60","24283.50","24233.23","24274.65","24191.81","24316.06","24150.40","24357.48","24108.98","24125.07","24194.93","24030.13","24289.87","23960.27","24454.67","23795.47","15182895.00","7215.00"
"Fri Jul 17 2026 14:33:00 GMT+0530 (India Standard Time)","24283.50","24287.30","24275.50","24280.00","24233.27","24274.69","24191.85","24316.11","24150.43","24357.53","24109.00","24125.07","24194.93","24030.13","24289.87","23960.27","24454.67","23795.47","15174705.00","3575.00"
"Fri Jul 17 2026 14:34:00 GMT+0530 (India Standard Time)","24280.00","24290.50","24276.00","24288.00","24233.32","24274.75","24191.89","24316.18","24150.45","24357.62","24109.02","24125.07","24194.93","24030.13","24289.87","23960.27","24454.67","23795.47","15176785.00","4225.00"
"Fri Jul 17 2026 14:35:00 GMT+0530 (India Standard Time)","24288.00","24289.00","24279.00","24283.70","24233.37","24274.81","24191.93","24316.25","24150.48","24357.70","24109.04","24125.07","24194.93","24030.13","24289.87","23960.27","24454.67","23795.47","15177175.00","4420.00"
"Fri Jul 17 2026 14:36:00 GMT+0530 (India Standard Time)","24283.70","24285.90","24275.10","24277.00","24233.43","24274.88","24191.98","24316.32","24150.53","24357.77","24109.08","24125.07","24194.93","24030.13","24289.87","23960.27","24454.67","23795.47","15179320.00","5590.00"
"Fri Jul 17 2026 14:37:00 GMT+0530 (India Standard Time)","24277.00","24283.50","24275.00","24283.00","24233.51","24274.97","24192.05","24316.43","24150.59","24357.89","24109.13","24125.07","24194.93","24030.13","24289.87","23960.27","24454.67","23795.47","15180490.00","8060.00"
"Fri Jul 17 2026 14:38:00 GMT+0530 (India Standard Time)","24283.00","24285.00","24275.00","24280.50","24233.56","24275.03","24192.10","24316.50","24150.63","24357.96","24109.17","24125.07","24194.93","24030.13","24289.87","23960.27","24454.67","23795.47","15173860.00","5005.00"
"Fri Jul 17 2026 14:39:00 GMT+0530 (India Standard Time)","24280.50","24285.00","24278.00","24280.00","24233.64","24275.11","24192.16","24316.59","24150.69","24358.06","24109.21","24125.07","24194.93","24030.13","24289.87","23960.27","24454.67","23795.47","15166775.00","6890.00"
"Fri Jul 17 2026 14:40:00 GMT+0530 (India Standard Time)","24287.00","24292.00","24282.50","24285.10","24233.71","24275.20","24192.22","24316.70","24150.72","24358.19","24109.23","24125.07","24194.93","24030.13","24289.87","23960.27","24454.67","23795.47","15169115.00","6045.00"
"Fri Jul 17 2026 14:41:00 GMT+0530 (India Standard Time)","24285.10","24298.00","24285.00","24298.00","24233.79","24275.31","24192.27","24316.84","24150.74","24358.36","24109.22","24125.07","24194.93","24030.13","24289.87","23960.27","24454.67","23795.47","15168790.00","5980.00"
"Fri Jul 17 2026 14:42:00 GMT+0530 (India Standard Time)","24298.00","24300.00","24290.50","24299.00","24233.98","24275.58","24192.38","24317.19","24150.77","24358.79","24109.17","24125.07","24194.93","24030.13","24289.87","23960.27","24454.67","23795.47","15165475.00","13585.00"
"Fri Jul 17 2026 14:43:00 GMT+0530 (India Standard Time)","24299.00","24305.00","24296.30","24302.20","24234.15","24275.83","24192.46","24317.52","24150.78","24359.20","24109.09","24125.07","24194.93","24030.13","24289.87","23960.27","24454.67","23795.47","15156440.00","11050.00"
"Fri Jul 17 2026 14:44:00 GMT+0530 (India Standard Time)","24302.20","24309.00","24295.50","24305.60","24234.27","24276.02","24192.52","24317.77","24150.77","24359.52","24109.02","24125.07","24194.93","24030.13","24289.87","23960.27","24454.67","23795.47","15156570.00","8125.00"
"Fri Jul 17 2026 14:45:00 GMT+0530 (India Standard Time)","24305.60","24310.00","24303.50","24305.00","24234.40","24276.22","24192.57","24318.05","24150.75","24359.87","24108.93","24125.07","24194.93","24030.13","24289.87","23960.27","24454.67","23795.47","15155400.00","7995.00"
"Fri Jul 17 2026 14:46:00 GMT+0530 (India Standard Time)","24305.00","24310.00","24300.00","24310.00","24234.52","24276.41","24192.63","24318.31","24150.73","24360.20","24108.84","24125.07","24194.93","24030.13","24289.87","23960.27","24454.67","23795.47","15150005.00","7670.00"
"Fri Jul 17 2026 14:47:00 GMT+0530 (India Standard Time)","24310.00","24310.00","24301.00","24304.00","24234.61","24276.56","24192.67","24318.50","24150.72","24360.45","24108.78","24125.07","24194.93","24030.13","24289.87","23960.27","24454.67","23795.47","15148510.00","6045.00"
"Fri Jul 17 2026 14:48:00 GMT+0530 (India Standard Time)","24304.00","24309.00","24297.00","24305.00","24234.74","24276.74","24192.73","24318.75","24150.72","24360.76","24108.71","24125.07","24194.93","24030.13","24289.87","23960.27","24454.67","23795.47","15146040.00","7930.00"
"Fri Jul 17 2026 14:49:00 GMT+0530 (India Standard Time)","24305.00","24310.00","24300.00","24302.00","24234.85","24276.92","24192.78","24318.99","24150.72","24361.05","24108.65","24125.07","24194.93","24030.13","24289.87","23960.27","24454.67","23795.47","15147535.00","7540.00"
"Fri Jul 17 2026 14:50:00 GMT+0530 (India Standard Time)","24302.00","24309.00","24298.00","24298.00","24235.00","24277.14","24192.86","24319.28","24150.72","24361.42","24108.58","24125.07","24194.93","24030.13","24289.87","23960.27","24454.67","23795.47","15151045.00","10205.00"
"Fri Jul 17 2026 14:51:00 GMT+0530 (India Standard Time)","24304.00","24304.90","24297.60","24303.10","24235.08","24277.25","24192.90","24319.42","24150.73","24361.60","24108.55","24125.07","24194.93","24030.13","24289.87","23960.27","24454.67","23795.47","15142725.00","5070.00"
"Fri Jul 17 2026 14:52:00 GMT+0530 (India Standard Time)","24303.10","24304.90","24297.00","24304.90","24235.21","24277.45","24192.97","24319.69","24150.73","24361.93","24108.49","24125.07","24194.93","24030.13","24289.87","23960.27","24454.67","23795.47","15144480.00","9165.00"
"Fri Jul 17 2026 14:53:00 GMT+0530 (India Standard Time)","24304.90","24304.90","24298.00","24301.50","24235.33","24277.62","24193.03","24319.91","24150.74","24362.21","24108.45","24125.07","24194.93","24030.13","24289.87","23960.27","24454.67","23795.47","15144220.00","8060.00"
"Fri Jul 17 2026 14:54:00 GMT+0530 (India Standard Time)","24301.50","24304.00","24298.00","24304.00","24235.46","24277.82","24193.11","24320.18","24150.75","24362.54","24108.39","24125.07","24194.93","24030.13","24289.87","23960.27","24454.67","23795.47","15141555.00","9360.00"
"Fri Jul 17 2026 14:55:00 GMT+0530 (India Standard Time)","24304.00","24309.00","24301.00","24309.00","24235.96","24278.59","24193.34","24321.21","24150.72","24363.83","24108.10","24125.07","24194.93","24030.13","24289.87","23960.27","24454.67","23795.47","15139475.00","32565.00"
"Fri Jul 17 2026 14:56:00 GMT+0530 (India Standard Time)","24309.90","24315.00","24303.00","24304.00","24236.15","24278.87","24193.43","24321.59","24150.71","24364.31","24107.99","24125.07","24194.93","24030.13","24289.87","23960.27","24454.67","23795.47","15125045.00","11765.00"
"Fri Jul 17 2026 14:57:00 GMT+0530 (India Standard Time)","24304.00","24312.70","24304.00","24306.00","24236.35","24279.18","24193.52","24322.02","24150.69","24364.85","24107.86","24125.07","24194.93","24030.13","24289.87","23960.27","24454.67","23795.47","15133170.00","13520.00"
"Fri Jul 17 2026 14:58:00 GMT+0530 (India Standard Time)","24306.00","24309.20","24301.00","24303.60","24236.52","24279.43","24193.61","24322.34","24150.70","24365.25","24107.79","24125.07","24194.93","24030.13","24289.87","23960.27","24454.67","23795.47","15127385.00","11310.00"
"Fri Jul 17 2026 14:59:00 GMT+0530 (India Standard Time)","24303.70","24308.10","24300.00","24300.00","24236.66","24279.63","24193.68","24322.60","24150.71","24365.57","24107.74","24125.07","24194.93","24030.13","24289.87","23960.27","24454.67","23795.47","15123355.00","9555.00"
"Fri Jul 17 2026 15:00:00 GMT+0530 (India Standard Time)","24300.50","24314.80","24295.20","24314.80","24236.87","24279.96","24193.79","24323.05","24150.70","24366.14","24107.61","24125.07","24194.93","24030.13","24289.87","23960.27","24454.67","23795.47","15122770.00","14300.00"
"Fri Jul 17 2026 15:01:00 GMT+0530 (India Standard Time)","24314.20","24323.40","24310.00","24315.00","24237.29","24280.65","24193.94","24324.00","24150.58","24367.36","24107.23","24125.07","24194.93","24030.13","24289.87","23960.27","24454.67","23795.47","15126345.00","24700.00"
"Fri Jul 17 2026 15:02:00 GMT+0530 (India Standard Time)","24316.00","24318.00","24309.40","24314.10","24237.45","24280.91","24194.00","24324.36","24150.55","24367.81","24107.10","24125.07","24194.93","24030.13","24289.87","23960.27","24454.67","23795.47","15130635.00","10010.00"
"Fri Jul 17 2026 15:03:00 GMT+0530 (India Standard Time)","24314.10","24317.60","24305.90","24306.40","24237.73","24281.32","24194.13","24324.92","24150.53","24368.52","24106.94","24125.07","24194.93","24030.13","24289.87","23960.27","24454.67","23795.47","15125565.00","17810.00"
"Fri Jul 17 2026 15:04:00 GMT+0530 (India Standard Time)","24306.40","24311.30","24301.00","24308.00","24237.85","24281.51","24194.20","24325.16","24150.54","24368.82","24106.88","24125.07","24194.93","24030.13","24289.87","23960.27","24454.67","23795.47","15115360.00","8450.00"
"Fri Jul 17 2026 15:05:00 GMT+0530 (India Standard Time)","24310.70","24318.00","24307.20","24317.90","24238.05","24281.82","24194.28","24325.59","24150.51","24369.36","24106.73","24125.07","24194.93","24030.13","24289.87","23960.27","24454.67","23795.47","15116400.00","12285.00"
"Fri Jul 17 2026 15:06:00 GMT+0530 (India Standard Time)","24312.90","24320.00","24310.00","24315.00","24238.20","24282.06","24194.34","24325.93","24150.48","24369.79","24106.61","24125.07","24194.93","24030.13","24289.87","23960.27","24454.67","23795.47","15103790.00","9425.00"
"Fri Jul 17 2026 15:07:00 GMT+0530 (India Standard Time)","24314.10","24320.00","24313.30","24320.00","24238.42","24282.43","24194.42","24326.43","24150.42","24370.43","24106.42","24125.07","24194.93","24030.13","24289.87","23960.27","24454.67","23795.47","15108080.00","13325.00"
"Fri Jul 17 2026 15:08:00 GMT+0530 (India Standard Time)","24319.90","24320.00","24313.50","24313.50","24238.57","24282.66","24194.48","24326.74","24150.39","24370.83","24106.31","24125.07","24194.93","24030.13","24289.87","23960.27","24454.67","23795.47","15111135.00","8970.00"
"Fri Jul 17 2026 15:09:00 GMT+0530 (India Standard Time)","24313.50","24320.70","24310.10","24317.70","24238.72","24282.89","24194.54","24327.07","24150.37","24371.24","24106.19","24125.07","24194.93","24030.13","24289.87","23960.27","24454.67","23795.47","15100735.00","9165.00"
"Fri Jul 17 2026 15:10:00 GMT+0530 (India Standard Time)","24317.70","24319.60","24311.00","24313.00","24238.94","24283.24","24194.64","24327.54","24150.34","24371.84","24106.04","24125.07","24194.93","24030.13","24289.87","23960.27","24454.67","23795.47","15104635.00","14040.00"
"Fri Jul 17 2026 15:11:00 GMT+0530 (India Standard Time)","24313.00","24320.00","24312.70","24314.70","24239.08","24283.46","24194.70","24327.85","24150.32","24372.23","24105.93","24125.07","24194.93","24030.13","24289.87","23960.27","24454.67","23795.47","15074865.00","8905.00"
"Fri Jul 17 2026 15:12:00 GMT+0530 (India Standard Time)","24314.70","24325.00","24314.70","24318.80","24239.37","24283.94","24194.81","24328.51","24150.24","24373.07","24105.68","24125.07","24194.93","24030.13","24289.87","23960.27","24454.67","23795.47","15078700.00","17615.00"
"Fri Jul 17 2026 15:13:00 GMT+0530 (India Standard Time)","24318.80","24324.00","24315.10","24319.50","24239.57","24284.26","24194.88","24328.95","24150.20","24373.64","24105.51","24125.07","24194.93","24030.13","24289.87","23960.27","24454.67","23795.47","15064465.00","11895.00"
"Fri Jul 17 2026 15:14:00 GMT+0530 (India Standard Time)","24321.10","24321.80","24310.40","24312.30","24239.82","24284.65","24195.00","24329.48","24150.17","24374.30","24105.35","24125.07","24194.93","24030.13","24289.87","23960.27","24454.67","23795.47","15066285.00","16315.00"
"Fri Jul 17 2026 15:15:00 GMT+0530 (India Standard Time)","24310.20","24310.20","24301.00","24307.20","24240.07","24284.99","24195.15","24329.91","24150.22","24374.83","24105.30","24125.07","24194.93","24030.13","24289.87","23960.27","24454.67","23795.47","15067390.00","17810.00"
"Fri Jul 17 2026 15:16:00 GMT+0530 (India Standard Time)","24305.30","24307.20","24301.00","24304.60","24240.24","24285.23","24195.26","24330.21","24150.27","24375.20","24105.29","24125.07","24194.93","24030.13","24289.87","23960.27","24454.67","23795.47","15069860.00","13390.00"
"Fri Jul 17 2026 15:17:00 GMT+0530 (India Standard Time)","24302.00","24310.00","24302.00","24306.90","24240.41","24285.46","24195.36","24330.51","24150.31","24375.56","24105.26","24125.07","24194.93","24030.13","24289.87","23960.27","24454.67","23795.47","15069925.00","12350.00"
"Fri Jul 17 2026 15:18:00 GMT+0530 (India Standard Time)","24306.90","24311.00","24302.00","24302.00","24240.72","24285.88","24195.55","24331.04","24150.39","24376.21","24105.23","24125.07","24194.93","24030.13","24289.87","23960.27","24454.67","23795.47","15061540.00","23465.00"
"Fri Jul 17 2026 15:19:00 GMT+0530 (India Standard Time)","24302.00","24308.00","24302.00","24304.50","24240.94","24286.18","24195.70","24331.42","24150.46","24376.67","24105.21","24125.07","24194.93","24030.13","24289.87","23960.27","24454.67","23795.47","15065570.00","17160.00"
"Fri Jul 17 2026 15:20:00 GMT+0530 (India Standard Time)","24304.00","24309.60","24304.00","24309.60","24241.28","24286.66","24195.91","24332.04","24150.53","24377.41","24105.15","24125.07","24194.93","24030.13","24289.87","23960.27","24454.67","23795.47","15074865.00","25415.00"
"Fri Jul 17 2026 15:21:00 GMT+0530 (India Standard Time)","24309.60","24321.50","24304.00","24321.50","24242.01","24287.75","24196.27","24333.50","24150.52","24379.24","24104.78","24125.07","24194.93","24030.13","24289.87","23960.27","24454.67","23795.47","15087085.00","48945.00"
"Fri Jul 17 2026 15:22:00 GMT+0530 (India Standard Time)","24322.40","24325.00","24316.00","24321.00","24242.69","24288.81","24196.56","24334.93","24150.44","24381.06","24104.32","24125.07","24194.93","24030.13","24289.87","23960.27","24454.67","23795.47","15080260.00","43680.00"
"Fri Jul 17 2026 15:23:00 GMT+0530 (India Standard Time)","24321.00","24326.40","24319.90","24326.40","24243.13","24289.52","24196.74","24335.90","24150.36","24382.29","24103.97","24125.07","24194.93","24030.13","24289.87","23960.27","24454.67","23795.47","15090725.00","27560.00"
"Fri Jul 17 2026 15:24:00 GMT+0530 (India Standard Time)","24326.40","24336.00","24325.70","24332.70","24244.17","24291.25","24197.08","24338.34","24150.00","24385.43","24102.91","24125.07","24194.93","24030.13","24289.87","23960.27","24454.67","23795.47","15103140.00","60515.00"
"Fri Jul 17 2026 15:25:00 GMT+0530 (India Standard Time)","24331.90","24338.00","24330.00","24336.10","24244.89","24292.47","24197.31","24340.06","24149.72","24387.64","24102.14","24125.07","24194.93","24030.13","24289.87","23960.27","24454.67","23795.47","15119000.00","41340.00"
"Fri Jul 17 2026 15:26:00 GMT+0530 (India Standard Time)","24336.10","24337.00","24330.00","24330.00","24245.76","24293.90","24197.63","24342.03","24149.49","24390.17","24101.35","24125.07","24194.93","24030.13","24289.87","23960.27","24454.67","23795.47","15134925.00","52195.00"
"Fri Jul 17 2026 15:27:00 GMT+0530 (India Standard Time)","24330.80","24337.90","24330.00","24334.40","24246.16","24294.54","24197.77","24342.93","24149.38","24391.32","24100.99","24125.07","24194.93","24030.13","24289.87","23960.27","24454.67","23795.47","15090790.00","23530.00"
"Fri Jul 17 2026 15:28:00 GMT+0530 (India Standard Time)","24334.40","24340.00","24333.40","24338.70","24246.69","24295.43","24197.94","24344.17","24149.20","24392.91","24100.46","24125.07","24194.93","24030.13","24289.87","23960.27","24454.67","23795.47","15100865.00","30680.00"
"Fri Jul 17 2026 15:29:00 GMT+0530 (India Standard Time)","24338.00","24349.00","24338.00","24344.00","24247.54","24296.91","24198.17","24346.28","24148.81","24395.65","24099.44","24125.07","24194.93","24030.13","24289.87","23960.27","24454.67","23795.47","15103855.00","47320.00"