"Date","Open","High","Low","Close","VWAP ‌VWAP‌ (y,y,y)","SDVWAP1+ ‌VWAP‌ (y,y,y)","SDVWAP1- ‌VWAP‌ (y,y,y)","SDVWAP2+ ‌VWAP‌ (y,y,y)","SDVWAP2- ‌VWAP‌ (y,y,y)","SDVWAP3+ ‌VWAP‌ (y,y,y)","SDVWAP3- ‌VWAP‌ (y,y,y)","Pivot ‌Pivot Points‌ (standard,n)","Resistance 1 ‌Pivot Points‌ (standard,n)","Support 1 ‌Pivot Points‌ (standard,n)","Resistance 2 ‌Pivot Points‌ (standard,n)","Support 2 ‌Pivot Points‌ (standard,n)","Resistance 3 ‌Pivot Points‌ (standard,n)","Support 3 ‌Pivot Points‌ (standard,n)","OI","Volume"
"Tue Jul 14 2026 15:28:00 GMT+0530 (India Standard Time)","291.00","291.00","288.10","290.95","253.08","273.44","232.72","293.80","212.36","314.16","192.00","214.03","261.97","128.12","347.88","80.18","481.73","-53.67","1857310.00","80600.00"
"Tue Jul 14 2026 15:29:00 GMT+0530 (India Standard Time)","290.95","291.00","286.25","288.80","253.25","273.72","232.79","294.18","212.33","314.64","191.86","214.03","261.97","128.12","347.88","80.18","481.73","-53.67","1831115.00","56680.00"
"Wed Jul 15 2026 09:15:00 GMT+0530 (India Standard Time)","248.95","249.95","222.20","222.20","231.45","231.45","231.45","231.45","231.45","231.45","231.45","267.60","320.70","235.70","352.60","182.60","437.60","97.60","1807650.00","284375.00"
"Wed Jul 15 2026 09:16:00 GMT+0530 (India Standard Time)","222.20","224.45","215.00","220.00","225.80","231.61","219.98","237.42","214.17","243.24","208.35","267.60","320.70","235.70","352.60","182.60","437.60","97.60","1868230.00","268905.00"
"Wed Jul 15 2026 09:17:00 GMT+0530 (India Standard Time)","219.05","219.10","202.00","203.00","219.37","229.09","209.66","238.81","199.94","248.52","190.22","267.60","320.70","235.70","352.60","182.60","437.60","97.60","1916265.00","313365.00"
"Wed Jul 15 2026 09:18:00 GMT+0530 (India Standard Time)","203.00","203.40","194.55","196.20","212.73","225.48","199.98","238.23","187.23","250.97","174.48","267.60","320.70","235.70","352.60","182.60","437.60","97.60","2060955.00","392275.00"
"Wed Jul 15 2026 09:19:00 GMT+0530 (India Standard Time)","196.20","199.50","188.05","188.95","207.78","221.95","193.62","236.12","179.45","250.28","165.29","267.60","320.70","235.70","352.60","182.60","437.60","97.60","2261350.00","398580.00"
"Wed Jul 15 2026 09:20:00 GMT+0530 (India Standard Time)","188.95","188.95","182.00","186.15","202.34","217.89","186.79","233.44","171.24","248.99","155.69","267.60","320.70","235.70","352.60","182.60","437.60","97.60","2433860.00","542165.00"
"Wed Jul 15 2026 09:21:00 GMT+0530 (India Standard Time)","186.15","186.25","180.05","180.55","199.03","215.07","182.98","231.11","166.94","247.15","150.90","267.60","320.70","235.70","352.60","182.60","437.60","97.60","2686905.00","435500.00"
"Wed Jul 15 2026 09:22:00 GMT+0530 (India Standard Time)","180.55","182.35","177.05","178.10","195.82","212.22","179.41","228.63","163.00","245.04","146.60","267.60","320.70","235.70","352.60","182.60","437.60","97.60","2901925.00","507975.00"
"Wed Jul 15 2026 09:23:00 GMT+0530 (India Standard Time)","178.10","179.90","176.10","177.30","193.47","209.93","177.01","226.40","160.54","242.86","144.08","267.60","320.70","235.70","352.60","182.60","437.60","97.60","3145675.00","469755.00"
"Wed Jul 15 2026 09:24:00 GMT+0530 (India Standard Time)","177.20","177.40","173.20","174.05","190.90","207.47","174.32","224.04","157.75","240.62","141.17","267.60","320.70","235.70","352.60","182.60","437.60","97.60","3367065.00","580840.00"
"Wed Jul 15 2026 09:25:00 GMT+0530 (India Standard Time)","174.05","174.80","168.45","168.45","187.56","204.48","170.64","221.40","153.72","238.32","136.80","267.60","320.70","235.70","352.60","182.60","437.60","97.60","3656640.00","823550.00"
"Wed Jul 15 2026 09:26:00 GMT+0530 (India Standard Time)","168.65","169.00","165.55","167.15","184.05","201.25","166.85","218.46","149.65","235.66","132.45","267.60","320.70","235.70","352.60","182.60","437.60","97.60","4082065.00","1046305.00"
"Wed Jul 15 2026 09:27:00 GMT+0530 (India Standard Time)","167.15","168.35","166.60","166.75","182.31","199.38","165.24","216.46","148.16","233.53","131.09","267.60","320.70","235.70","352.60","182.60","437.60","97.60","4434820.00","700505.00"
"Wed Jul 15 2026 09:28:00 GMT+0530 (India Standard Time)","166.75","168.50","163.10","168.50","180.36","197.15","163.58","213.94","146.79","230.72","130.01","267.60","320.70","235.70","352.60","182.60","437.60","97.60","4962035.00","962780.00"
"Wed Jul 15 2026 09:29:00 GMT+0530 (India Standard Time)","168.50","172.00","168.10","170.75","178.86","194.75","162.97","210.64","147.07","226.54","131.18","267.60","320.70","235.70","352.60","182.60","437.60","97.60","5314140.00","1357850.00"
"Wed Jul 15 2026 09:30:00 GMT+0530 (India Standard Time)","170.75","170.75","162.00","163.65","177.53","193.13","161.92","208.73","146.32","224.34","130.71","267.60","320.70","235.70","352.60","182.60","437.60","97.60","5657600.00","1004055.00"
"Wed Jul 15 2026 09:31:00 GMT+0530 (India Standard Time)","163.65","165.45","159.45","164.10","176.39","191.87","160.91","207.35","145.43","222.83","129.94","267.60","320.70","235.70","352.60","182.60","437.60","97.60","5888415.00","856830.00"
"Wed Jul 15 2026 09:32:00 GMT+0530 (India Standard Time)","164.10","167.70","163.70","166.55","175.77","190.99","160.56","206.20","145.34","221.42","130.13","267.60","320.70","235.70","352.60","182.60","437.60","97.60","6099210.00","688415.00"
"Wed Jul 15 2026 09:33:00 GMT+0530 (India Standard Time)","166.55","166.60","163.10","164.10","175.29","190.35","160.23","205.40","145.18","220.46","130.12","267.60","320.70","235.70","352.60","182.60","437.60","97.60","6334120.00","525005.00"
"Wed Jul 15 2026 09:34:00 GMT+0530 (India Standard Time)","164.10","167.45","162.45","165.55","174.86","189.73","159.99","204.61","145.11","219.48","130.24","267.60","320.70","235.70","352.60","182.60","437.60","97.60","6551155.00","538590.00"
"Wed Jul 15 2026 09:35:00 GMT+0530 (India Standard Time)","165.55","168.00","165.00","166.55","174.52","189.19","159.86","203.85","145.20","218.51","130.53","267.60","320.70","235.70","352.60","182.60","437.60","97.60","6743750.00","533390.00"
"Wed Jul 15 2026 09:36:00 GMT+0530 (India Standard Time)","166.55","167.55","164.20","164.30","174.22","188.72","159.71","203.23","145.20","217.74","130.69","267.60","320.70","235.70","352.60","182.60","437.60","97.60","6881810.00","460330.00"
"Wed Jul 15 2026 09:37:00 GMT+0530 (India Standard Time)","164.30","166.50","164.05","165.95","174.05","188.46","159.63","202.88","145.21","217.30","130.79","267.60","320.70","235.70","352.60","182.60","437.60","97.60","7057830.00","270140.00"
"Wed Jul 15 2026 09:38:00 GMT+0530 (India Standard Time)","165.95","166.65","164.60","165.30","173.88","188.21","159.56","202.54","145.23","216.87","130.90","267.60","320.70","235.70","352.60","182.60","437.60","97.60","7191665.00","272155.00"
"Wed Jul 15 2026 09:39:00 GMT+0530 (India Standard Time)","166.30","169.25","165.00","167.45","173.61","187.70","159.52","201.79","145.43","215.88","131.34","267.60","320.70","235.70","352.60","182.60","437.60","97.60","7315230.00","611585.00"
"Wed Jul 15 2026 09:40:00 GMT+0530 (India Standard Time)","167.45","168.95","165.55","167.00","173.39","187.28","159.49","201.18","145.60","215.07","131.70","267.60","320.70","235.70","352.60","182.60","437.60","97.60","7386405.00","530595.00"
"Wed Jul 15 2026 09:41:00 GMT+0530 (India Standard Time)","167.00","167.35","164.00","166.90","173.17","186.92","159.43","200.66","145.68","214.41","131.94","267.60","320.70","235.70","352.60","182.60","437.60","97.60","7542015.00","464555.00"
"Wed Jul 15 2026 09:42:00 GMT+0530 (India Standard Time)","166.90","168.00","166.20","167.80","173.04","186.66","159.42","200.27","145.81","213.89","132.19","267.60","320.70","235.70","352.60","182.60","437.60","97.60","7675915.00","367185.00"
"Wed Jul 15 2026 09:43:00 GMT+0530 (India Standard Time)","167.55","169.70","166.30","168.00","172.82","186.18","159.46","199.54","146.11","212.89","132.75","267.60","320.70","235.70","352.60","182.60","437.60","97.60","7779915.00","737815.00"
"Wed Jul 15 2026 09:44:00 GMT+0530 (India Standard Time)","168.10","168.10","166.00","166.00","172.70","185.96","159.45","199.22","146.19","212.47","132.94","267.60","320.70","235.70","352.60","182.60","437.60","97.60","7917845.00","329290.00"
"Wed Jul 15 2026 09:45:00 GMT+0530 (India Standard Time)","166.00","166.00","161.25","161.55","172.23","185.33","159.13","198.43","146.03","211.53","132.93","267.60","320.70","235.70","352.60","182.60","437.60","97.60","8049600.00","883025.00"
"Wed Jul 15 2026 09:46:00 GMT+0530 (India Standard Time)","161.55","165.50","161.25","165.50","172.05","185.07","159.04","198.08","146.03","211.09","133.02","267.60","320.70","235.70","352.60","182.60","437.60","97.60","8057985.00","399165.00"
"Wed Jul 15 2026 09:47:00 GMT+0530 (India Standard Time)","165.50","165.80","163.20","164.55","171.94","184.89","159.00","197.84","146.05","210.79","133.10","267.60","320.70","235.70","352.60","182.60","437.60","97.60","8067150.00","274560.00"
"Wed Jul 15 2026 09:48:00 GMT+0530 (India Standard Time)","164.55","165.00","161.00","163.40","171.76","184.63","158.88","197.50","146.01","210.37","133.14","267.60","320.70","235.70","352.60","182.60","437.60","97.60","8172060.00","409305.00"
"Wed Jul 15 2026 09:49:00 GMT+0530 (India Standard Time)","163.40","167.10","162.90","167.05","171.59","184.32","158.86","197.05","146.13","209.78","133.40","267.60","320.70","235.70","352.60","182.60","437.60","97.60","8279245.00","553475.00"
"Wed Jul 15 2026 09:50:00 GMT+0530 (India Standard Time)","167.05","167.05","163.20","164.75","171.44","184.07","158.82","196.70","146.19","209.32","133.56","267.60","320.70","235.70","352.60","182.60","437.60","97.60","8414900.00","441805.00"
"Wed Jul 15 2026 09:51:00 GMT+0530 (India Standard Time)","164.75","164.80","161.00","161.05","171.29","183.86","158.71","196.44","146.14","209.01","133.56","267.60","320.70","235.70","352.60","182.60","437.60","97.60","8616725.00","353860.00"
"Wed Jul 15 2026 09:52:00 GMT+0530 (India Standard Time)","161.05","164.55","160.10","164.10","171.11","183.62","158.61","196.12","146.11","208.62","133.61","267.60","320.70","235.70","352.60","182.60","437.60","97.60","8659300.00","431340.00"
"Wed Jul 15 2026 09:53:00 GMT+0530 (India Standard Time)","164.10","165.40","163.00","163.75","171.02","183.47","158.58","195.92","146.13","208.36","133.68","267.60","320.70","235.70","352.60","182.60","437.60","97.60","8748480.00","274105.00"
"Wed Jul 15 2026 09:54:00 GMT+0530 (India Standard Time)","163.75","164.10","160.85","162.15","170.92","183.33","158.51","195.73","146.10","208.14","133.70","267.60","320.70","235.70","352.60","182.60","437.60","97.60","8769735.00","260715.00"
"Wed Jul 15 2026 09:55:00 GMT+0530 (India Standard Time)","162.15","162.15","156.85","158.25","170.42","182.80","158.05","195.17","145.68","207.54","133.30","267.60","320.70","235.70","352.60","182.60","437.60","97.60","8970260.00","941655.00"
"Wed Jul 15 2026 09:56:00 GMT+0530 (India Standard Time)","158.25","164.00","158.25","163.50","170.23","182.53","157.93","194.83","145.63","207.13","133.34","267.60","320.70","235.70","352.60","182.60","437.60","97.60","8802885.00","518635.00"
"Wed Jul 15 2026 09:57:00 GMT+0530 (India Standard Time)","163.50","166.95","163.30","166.15","170.08","182.21","157.95","194.34","145.82","206.47","133.69","267.60","320.70","235.70","352.60","182.60","437.60","97.60","8816405.00","753805.00"
"Wed Jul 15 2026 09:58:00 GMT+0530 (India Standard Time)","166.15","167.35","164.95","165.15","169.99","182.00","157.97","194.02","145.96","206.03","133.94","267.60","320.70","235.70","352.60","182.60","437.60","97.60","8957325.00","521820.00"
"Wed Jul 15 2026 09:59:00 GMT+0530 (India Standard Time)","165.15","169.60","164.70","168.65","169.92","181.75","158.08","193.59","146.24","205.43","134.41","267.60","320.70","235.70","352.60","182.60","437.60","97.60","9041305.00","768040.00"
"Wed Jul 15 2026 10:00:00 GMT+0530 (India Standard Time)","168.65","170.90","167.60","169.50","169.89","181.46","158.32","193.03","146.75","204.60","135.18","267.60","320.70","235.70","352.60","182.60","437.60","97.60","8936265.00","1172405.00"
"Wed Jul 15 2026 10:01:00 GMT+0530 (India Standard Time)","169.50","173.00","168.20","171.40","169.93","181.28","158.57","192.64","147.21","204.00","135.86","267.60","320.70","235.70","352.60","182.60","437.60","97.60","9097595.00","998920.00"
"Wed Jul 15 2026 10:02:00 GMT+0530 (India Standard Time)","171.40","172.00","167.25","167.90","169.90","181.12","158.69","192.33","147.48","203.55","136.26","267.60","320.70","235.70","352.60","182.60","437.60","97.60","8985015.00","705900.00"
"Wed Jul 15 2026 10:03:00 GMT+0530 (India Standard Time)","167.90","167.90","163.75","163.75","169.79","180.88","158.69","191.98","147.59","203.08","136.49","267.60","320.70","235.70","352.60","182.60","437.60","97.60","8916700.00","714220.00"
"Wed Jul 15 2026 10:04:00 GMT+0530 (India Standard Time)","163.75","168.00","162.75","167.70","169.71","180.71","158.71","191.71","147.72","202.70","136.72","267.60","320.70","235.70","352.60","182.60","437.60","97.60","8902985.00","588380.00"
"Wed Jul 15 2026 10:05:00 GMT+0530 (India Standard Time)","167.70","167.70","165.50","167.25","169.69","180.64","158.74","191.59","147.78","202.54","136.83","267.60","320.70","235.70","352.60","182.60","437.60","97.60","8911890.00","264680.00"
"Wed Jul 15 2026 10:06:00 GMT+0530 (India Standard Time)","167.25","167.25","163.75","166.25","169.64","180.55","158.74","191.45","147.84","202.35","136.94","267.60","320.70","235.70","352.60","182.60","437.60","97.60","8994765.00","315640.00"
"Wed Jul 15 2026 10:07:00 GMT+0530 (India Standard Time)","166.25","166.35","162.95","163.90","169.60","180.47","158.74","191.33","147.87","202.20","137.00","267.60","320.70","235.70","352.60","182.60","437.60","97.60","9040460.00","250055.00"
"Wed Jul 15 2026 10:08:00 GMT+0530 (India Standard Time)","164.30","164.30","160.20","161.30","169.48","180.30","158.66","191.12","147.84","201.94","137.01","267.60","320.70","235.70","352.60","182.60","437.60","97.60","9078485.00","500240.00"
"Wed Jul 15 2026 10:09:00 GMT+0530 (India Standard Time)","161.30","164.45","160.50","163.00","169.40","180.19","158.62","190.97","147.83","201.75","137.05","267.60","320.70","235.70","352.60","182.60","437.60","97.60","9036885.00","339170.00"
"Wed Jul 15 2026 10:10:00 GMT+0530 (India Standard Time)","163.00","164.50","162.15","164.35","169.36","180.12","158.60","190.87","147.85","201.63","137.09","267.60","320.70","235.70","352.60","182.60","437.60","97.60","9117290.00","218920.00"
"Wed Jul 15 2026 10:11:00 GMT+0530 (India Standard Time)","164.30","166.20","163.30","164.60","169.32","180.03","158.60","190.75","147.89","201.46","137.17","267.60","320.70","235.70","352.60","182.60","437.60","97.60","9165845.00","297635.00"
"Wed Jul 15 2026 10:12:00 GMT+0530 (India Standard Time)","164.65","164.65","160.20","162.55","169.22","179.89","158.55","190.57","147.88","201.24","137.21","267.60","320.70","235.70","352.60","182.60","437.60","97.60","9261265.00","436800.00"
"Wed Jul 15 2026 10:13:00 GMT+0530 (India Standard Time)","162.75","163.80","161.60","161.60","169.18","179.84","158.53","190.49","147.88","201.14","137.22","267.60","320.70","235.70","352.60","182.60","437.60","97.60","9294740.00","186550.00"
"Wed Jul 15 2026 10:14:00 GMT+0530 (India Standard Time)","161.95","162.20","158.35","158.85","169.06","179.70","158.42","190.33","147.79","200.97","137.15","267.60","320.70","235.70","352.60","182.60","437.60","97.60","9327955.00","421135.00"
"Wed Jul 15 2026 10:15:00 GMT+0530 (India Standard Time)","158.85","159.30","156.40","158.85","168.83","179.47","158.19","190.11","147.55","200.75","136.91","267.60","320.70","235.70","352.60","182.60","437.60","97.60","9422920.00","712270.00"
"Wed Jul 15 2026 10:16:00 GMT+0530 (India Standard Time)","158.85","159.95","153.60","154.75","168.50","179.19","157.81","189.89","147.12","200.58","136.42","267.60","320.70","235.70","352.60","182.60","437.60","97.60","9479795.00","871390.00"
"Wed Jul 15 2026 10:17:00 GMT+0530 (India Standard Time)","154.75","154.90","149.60","151.25","167.95","178.87","157.02","189.80","146.09","200.73","135.17","267.60","320.70","235.70","352.60","182.60","437.60","97.60","9436960.00","1176500.00"
"Wed Jul 15 2026 10:18:00 GMT+0530 (India Standard Time)","151.25","153.45","150.85","151.50","167.55","178.63","156.48","189.70","145.41","200.77","134.33","267.60","320.70","235.70","352.60","182.60","437.60","97.60","9470045.00","887965.00"
"Wed Jul 15 2026 10:19:00 GMT+0530 (India Standard Time)","151.50","153.75","149.05","152.65","167.30","178.46","156.14","189.62","144.98","200.78","133.82","267.60","320.70","235.70","352.60","182.60","437.60","97.60","9667645.00","585780.00"
"Wed Jul 15 2026 10:20:00 GMT+0530 (India Standard Time)","153.00","154.45","151.35","151.55","166.95","178.21","155.69","189.46","144.44","200.72","133.18","267.60","320.70","235.70","352.60","182.60","437.60","97.60","9798100.00","896025.00"
"Wed Jul 15 2026 10:21:00 GMT+0530 (India Standard Time)","151.55","154.80","151.55","154.80","166.81","178.09","155.53","189.37","144.25","200.65","132.98","267.60","320.70","235.70","352.60","182.60","437.60","97.60","10010845.00","394550.00"
"Wed Jul 15 2026 10:22:00 GMT+0530 (India Standard Time)","154.40","154.80","150.80","152.20","166.68","177.99","155.38","189.30","144.07","200.61","132.76","267.60","320.70","235.70","352.60","182.60","437.60","97.60","10118030.00","343005.00"
"Wed Jul 15 2026 10:23:00 GMT+0530 (India Standard Time)","152.20","153.00","151.00","151.95","166.62","177.95","155.30","189.27","143.98","200.59","132.65","267.60","320.70","235.70","352.60","182.60","437.60","97.60","10204740.00","162175.00"
"Wed Jul 15 2026 10:24:00 GMT+0530 (India Standard Time)","151.95","153.00","150.65","153.00","166.52","177.87","155.18","189.22","143.83","200.56","132.48","267.60","320.70","235.70","352.60","182.60","437.60","97.60","10274290.00","265720.00"
"Wed Jul 15 2026 10:25:00 GMT+0530 (India Standard Time)","153.00","154.00","152.00","153.45","166.43","177.80","155.07","189.16","143.71","200.52","132.35","267.60","320.70","235.70","352.60","182.60","437.60","97.60","10317450.00","260260.00"
"Wed Jul 15 2026 10:26:00 GMT+0530 (India Standard Time)","153.45","153.45","151.30","152.85","166.38","177.75","155.01","189.13","143.64","200.50","132.27","267.60","320.70","235.70","352.60","182.60","437.60","97.60","10417160.00","149435.00"
"Wed Jul 15 2026 10:27:00 GMT+0530 (India Standard Time)","152.85","154.75","152.85","154.15","166.28","177.66","154.90","189.04","143.52","200.42","132.14","267.60","320.70","235.70","352.60","182.60","437.60","97.60","10442965.00","317590.00"
"Wed Jul 15 2026 10:28:00 GMT+0530 (India Standard Time)","154.15","155.75","153.85","154.60","166.16","177.54","154.77","188.92","143.39","200.30","132.01","267.60","320.70","235.70","352.60","182.60","437.60","97.60","10480275.00","434980.00"
"Wed Jul 15 2026 10:29:00 GMT+0530 (India Standard Time)","154.60","155.55","153.35","155.45","166.06","177.44","154.68","188.82","143.30","200.20","131.92","267.60","320.70","235.70","352.60","182.60","437.60","97.60","10546250.00","335400.00"
"Wed Jul 15 2026 10:30:00 GMT+0530 (India Standard Time)","155.45","155.45","152.35","154.70","165.96","177.35","154.58","188.73","143.19","200.12","131.81","267.60","320.70","235.70","352.60","182.60","437.60","97.60","10663575.00","329550.00"
"Wed Jul 15 2026 10:31:00 GMT+0530 (India Standard Time)","154.70","158.35","153.80","155.65","165.78","177.14","154.42","188.50","143.06","199.86","131.70","267.60","320.70","235.70","352.60","182.60","437.60","97.60","10691460.00","755235.00"
"Wed Jul 15 2026 10:32:00 GMT+0530 (India Standard Time)","155.65","158.45","155.60","156.10","165.70","177.04","154.36","188.38","143.02","199.73","131.67","267.60","320.70","235.70","352.60","182.60","437.60","97.60","10519665.00","372710.00"
"Wed Jul 15 2026 10:33:00 GMT+0530 (India Standard Time)","156.10","158.40","155.70","157.45","165.64","176.97","154.32","188.29","142.99","199.62","131.67","267.60","320.70","235.70","352.60","182.60","437.60","97.60","10537735.00","284765.00"
"Wed Jul 15 2026 10:34:00 GMT+0530 (India Standard Time)","157.45","158.50","156.00","157.40","165.60","176.91","154.29","188.22","142.98","199.54","131.67","267.60","320.70","235.70","352.60","182.60","437.60","97.60","10552815.00","211250.00"
"Wed Jul 15 2026 10:35:00 GMT+0530 (India Standard Time)","157.40","158.30","156.80","157.70","165.55","176.85","154.26","188.14","142.96","199.43","131.67","267.60","320.70","235.70","352.60","182.60","437.60","97.60","10546575.00","259740.00"
"Wed Jul 15 2026 10:36:00 GMT+0530 (India Standard Time)","157.70","159.90","156.80","159.50","165.49","176.74","154.23","188.00","142.97","199.26","131.71","267.60","320.70","235.70","352.60","182.60","437.60","97.60","10523890.00","415350.00"
"Wed Jul 15 2026 10:37:00 GMT+0530 (India Standard Time)","159.50","160.80","158.75","159.60","165.42","176.62","154.21","187.83","143.00","199.04","131.79","267.60","320.70","235.70","352.60","182.60","437.60","97.60","10513555.00","525070.00"
"Wed Jul 15 2026 10:38:00 GMT+0530 (India Standard Time)","159.60","161.65","159.00","159.95","165.35","176.50","154.20","187.65","143.04","198.80","131.89","267.60","320.70","235.70","352.60","182.60","437.60","97.60","10578685.00","569075.00"
"Wed Jul 15 2026 10:39:00 GMT+0530 (India Standard Time)","160.30","160.50","158.55","159.00","165.31","176.43","154.18","187.55","143.06","198.68","131.93","267.60","320.70","235.70","352.60","182.60","437.60","97.60","10531300.00","311740.00"
"Wed Jul 15 2026 10:40:00 GMT+0530 (India Standard Time)","158.95","159.45","158.30","158.65","165.28","176.38","154.17","187.49","143.06","198.60","131.96","267.60","320.70","235.70","352.60","182.60","437.60","97.60","10478975.00","207675.00"
"Wed Jul 15 2026 10:41:00 GMT+0530 (India Standard Time)","158.80","159.20","156.65","157.35","165.21","176.28","154.13","187.36","143.05","198.44","131.97","267.60","320.70","235.70","352.60","182.60","437.60","97.60","10435620.00","418730.00"
"Wed Jul 15 2026 10:42:00 GMT+0530 (India Standard Time)","157.50","157.60","153.75","154.45","165.10","176.16","154.03","187.23","142.96","198.29","131.90","267.60","320.70","235.70","352.60","182.60","437.60","97.60","10308935.00","498290.00"
"Wed Jul 15 2026 10:43:00 GMT+0530 (India Standard Time)","154.45","156.50","153.00","156.25","165.03","176.09","153.98","187.15","142.92","198.21","131.86","267.60","320.70","235.70","352.60","182.60","437.60","97.60","10303930.00","289965.00"
"Wed Jul 15 2026 10:44:00 GMT+0530 (India Standard Time)","156.25","157.00","154.90","155.25","164.99","176.04","153.94","187.09","142.89","198.14","131.84","267.60","320.70","235.70","352.60","182.60","437.60","97.60","10322975.00","215865.00"
"Wed Jul 15 2026 10:45:00 GMT+0530 (India Standard Time)","155.25","155.75","153.50","154.10","164.94","175.99","153.89","187.04","142.84","198.09","131.80","267.60","320.70","235.70","352.60","182.60","437.60","97.60","10367175.00","213395.00"
"Wed Jul 15 2026 10:46:00 GMT+0530 (India Standard Time)","154.10","155.90","152.50","155.65","164.87","175.91","153.83","186.95","142.78","198.00","131.74","267.60","320.70","235.70","352.60","182.60","437.60","97.60","10453625.00","333060.00"
"Wed Jul 15 2026 10:47:00 GMT+0530 (India Standard Time)","155.65","156.35","155.00","155.50","164.83","175.87","153.79","186.90","142.76","197.94","131.72","267.60","320.70","235.70","352.60","182.60","437.60","97.60","10542740.00","192660.00"
"Wed Jul 15 2026 10:48:00 GMT+0530 (India Standard Time)","155.50","158.15","155.50","157.50","164.79","175.81","153.77","186.83","142.75","197.85","131.73","267.60","320.70","235.70","352.60","182.60","437.60","97.60","10589800.00","254345.00"
"Wed Jul 15 2026 10:49:00 GMT+0530 (India Standard Time)","157.60","157.60","155.00","156.15","164.76","175.77","153.75","186.79","142.73","197.80","131.72","267.60","320.70","235.70","352.60","182.60","437.60","97.60","10619895.00","156455.00"
"Wed Jul 15 2026 10:50:00 GMT+0530 (India Standard Time)","156.15","158.85","155.95","158.30","164.73","175.72","153.73","186.72","142.73","197.72","131.73","267.60","320.70","235.70","352.60","182.60","437.60","97.60","10610340.00","221195.00"
"Wed Jul 15 2026 10:51:00 GMT+0530 (India Standard Time)","158.30","161.40","157.65","160.65","164.67","175.62","153.72","186.57","142.77","197.52","131.83","267.60","320.70","235.70","352.60","182.60","437.60","97.60","10621000.00","522925.00"
"Wed Jul 15 2026 10:52:00 GMT+0530 (India Standard Time)","160.65","163.00","158.70","158.95","164.62","175.51","153.73","186.40","142.83","197.29","131.94","267.60","320.70","235.70","352.60","182.60","437.60","97.60","10482745.00","618930.00"
"Wed Jul 15 2026 10:53:00 GMT+0530 (India Standard Time)","158.95","159.20","155.95","157.45","164.56","175.43","153.70","186.30","142.83","197.17","131.96","267.60","320.70","235.70","352.60","182.60","437.60","97.60","10490545.00","356785.00"
"Wed Jul 15 2026 10:54:00 GMT+0530 (India Standard Time)","157.45","159.25","157.05","158.75","164.54","175.39","153.69","186.24","142.83","197.09","131.98","267.60","320.70","235.70","352.60","182.60","437.60","97.60","10456550.00","218985.00"
"Wed Jul 15 2026 10:55:00 GMT+0530 (India Standard Time)","158.75","163.40","158.75","162.20","164.50","175.28","153.71","186.07","142.92","196.86","132.14","267.60","320.70","235.70","352.60","182.60","437.60","97.60","10598185.00","638105.00"
"Wed Jul 15 2026 10:56:00 GMT+0530 (India Standard Time)","162.20","163.75","159.40","160.80","164.47","175.21","153.73","185.96","142.98","196.70","132.24","267.60","320.70","235.70","352.60","182.60","437.60","97.60","10537605.00","443430.00"
"Wed Jul 15 2026 10:57:00 GMT+0530 (India Standard Time)","160.80","163.40","159.75","163.30","164.46","175.17","153.74","185.88","143.03","196.59","132.32","267.60","320.70","235.70","352.60","182.60","437.60","97.60","10566270.00","301730.00"
"Wed Jul 15 2026 10:58:00 GMT+0530 (India Standard Time)","163.30","163.80","161.65","163.00","164.45","175.13","153.76","185.81","143.08","196.49","132.40","267.60","320.70","235.70","352.60","182.60","437.60","97.60","10487165.00","285285.00"
"Wed Jul 15 2026 10:59:00 GMT+0530 (India Standard Time)","163.00","166.65","163.00","166.05","164.46","175.06","153.86","185.66","143.26","196.26","132.66","267.60","320.70","235.70","352.60","182.60","437.60","97.60","10460905.00","791960.00"
"Wed Jul 15 2026 11:00:00 GMT+0530 (India Standard Time)","166.05","167.95","163.80","165.60","164.48","174.98","153.98","185.48","143.48","195.99","132.98","267.60","320.70","235.70","352.60","182.60","437.60","97.60","10205325.00","1004250.00"
"Wed Jul 15 2026 11:01:00 GMT+0530 (India Standard Time)","165.60","165.60","161.85","162.80","164.47","174.93","154.02","185.39","143.56","195.85","133.10","267.60","320.70","235.70","352.60","182.60","437.60","97.60","10147540.00","437580.00"
"Wed Jul 15 2026 11:02:00 GMT+0530 (India Standard Time)","162.80","164.80","162.40","163.70","164.47","174.90","154.04","185.33","143.61","195.76","133.18","267.60","320.70","235.70","352.60","182.60","437.60","97.60","10160475.00","267475.00"
"Wed Jul 15 2026 11:03:00 GMT+0530 (India Standard Time)","163.70","167.90","163.70","166.65","164.48","174.88","154.09","185.27","143.69","195.66","133.30","267.60","320.70","235.70","352.60","182.60","437.60","97.60","10171330.00","389090.00"
"Wed Jul 15 2026 11:04:00 GMT+0530 (India Standard Time)","166.65","166.65","162.20","163.70","164.48","174.83","154.13","185.19","143.77","195.54","133.42","267.60","320.70","235.70","352.60","182.60","437.60","97.60","10156185.00","418600.00"
"Wed Jul 15 2026 11:05:00 GMT+0530 (India Standard Time)","163.70","164.80","162.00","164.45","164.48","174.81","154.15","185.14","143.82","195.46","133.49","267.60","320.70","235.70","352.60","182.60","437.60","97.60","10127975.00","256880.00"
"Wed Jul 15 2026 11:06:00 GMT+0530 (India Standard Time)","164.45","165.40","163.50","164.70","164.48","174.79","154.17","185.10","143.86","195.40","133.55","267.60","320.70","235.70","352.60","182.60","437.60","97.60","10180235.00","211315.00"
"Wed Jul 15 2026 11:07:00 GMT+0530 (India Standard Time)","164.55","164.55","160.80","161.45","164.46","174.74","154.18","185.03","143.90","195.31","133.62","267.60","320.70","235.70","352.60","182.60","437.60","97.60","10228140.00","315705.00"
"Wed Jul 15 2026 11:08:00 GMT+0530 (India Standard Time)","161.35","162.25","160.30","161.20","164.45","174.72","154.19","184.98","143.92","195.25","133.66","267.60","320.70","235.70","352.60","182.60","437.60","97.60","10199995.00","192010.00"
"Wed Jul 15 2026 11:09:00 GMT+0530 (India Standard Time)","161.25","161.40","158.35","158.80","164.42","174.66","154.18","184.90","143.94","195.14","133.70","267.60","320.70","235.70","352.60","182.60","437.60","97.60","10239840.00","340730.00"
"Wed Jul 15 2026 11:10:00 GMT+0530 (India Standard Time)","158.90","159.90","157.10","159.70","164.39","174.60","154.17","184.82","143.95","195.04","133.74","267.60","320.70","235.70","352.60","182.60","437.60","97.60","10185240.00","366275.00"
"Wed Jul 15 2026 11:11:00 GMT+0530 (India Standard Time)","159.85","163.40","159.00","162.80","164.37","174.55","154.18","184.73","144.00","194.91","133.82","267.60","320.70","235.70","352.60","182.60","437.60","97.60","10175035.00","398580.00"
"Wed Jul 15 2026 11:12:00 GMT+0530 (India Standard Time)","162.80","168.30","162.60","167.85","164.39","174.51","154.28","184.62","144.17","194.73","134.06","267.60","320.70","235.70","352.60","182.60","437.60","97.60","10285665.00","813540.00"
"Wed Jul 15 2026 11:13:00 GMT+0530 (India Standard Time)","167.85","171.55","167.05","168.80","164.50","174.52","154.48","184.54","144.46","194.56","134.44","267.60","320.70","235.70","352.60","182.60","437.60","97.60","10310755.00","1332110.00"
"Wed Jul 15 2026 11:14:00 GMT+0530 (India Standard Time)","168.80","172.95","168.80","170.05","164.61","174.58","154.65","184.54","144.69","194.50","134.72","267.60","320.70","235.70","352.60","182.60","437.60","97.60","10227750.00","1064310.00"
"Wed Jul 15 2026 11:15:00 GMT+0530 (India Standard Time)","170.05","172.00","168.60","169.50","164.67","174.60","154.75","184.52","144.83","194.44","134.90","267.60","320.70","235.70","352.60","182.60","437.60","97.60","10179000.00","680420.00"
"Wed Jul 15 2026 11:16:00 GMT+0530 (India Standard Time)","169.50","174.00","168.85","169.20","164.75","174.63","154.87","184.52","144.99","194.40","135.11","267.60","320.70","235.70","352.60","182.60","437.60","97.60","10101715.00","813215.00"
"Wed Jul 15 2026 11:17:00 GMT+0530 (India Standard Time)","169.20","169.75","166.45","168.05","164.78","174.62","154.94","184.46","145.10","194.30","135.26","267.60","320.70","235.70","352.60","182.60","437.60","97.60","10112570.00","570245.00"
"Wed Jul 15 2026 11:18:00 GMT+0530 (India Standard Time)","168.05","169.25","162.70","162.70","164.79","174.59","154.98","184.39","145.18","194.19","135.38","267.60","320.70","235.70","352.60","182.60","437.60","97.60","10094890.00","485875.00"
"Wed Jul 15 2026 11:19:00 GMT+0530 (India Standard Time)","162.70","165.90","161.35","164.50","164.78","174.52","155.03","184.27","145.28","194.02","135.53","267.60","320.70","235.70","352.60","182.60","437.60","97.60","10016565.00","674115.00"
"Wed Jul 15 2026 11:20:00 GMT+0530 (India Standard Time)","164.50","167.45","164.00","167.35","164.79","174.50","155.07","184.22","145.35","193.94","135.63","267.60","320.70","235.70","352.60","182.60","437.60","97.60","10044515.00","413790.00"
"Wed Jul 15 2026 11:21:00 GMT+0530 (India Standard Time)","167.35","169.50","165.15","166.75","164.80","174.49","155.12","184.17","145.44","193.85","135.76","267.60","320.70","235.70","352.60","182.60","437.60","97.60","10098010.00","492310.00"
"Wed Jul 15 2026 11:22:00 GMT+0530 (India Standard Time)","166.75","172.40","166.15","168.00","164.84","174.49","155.20","184.13","145.55","193.77","135.91","267.60","320.70","235.70","352.60","182.60","437.60","97.60","10110100.00","598650.00"
"Wed Jul 15 2026 11:23:00 GMT+0530 (India Standard Time)","169.00","170.90","168.25","169.55","164.85","174.49","155.21","184.13","145.58","193.76","135.94","267.60","320.70","235.70","352.60","182.60","437.60","97.60","10137010.00","124150.00"
"Wed Jul 15 2026 11:24:00 GMT+0530 (India Standard Time)","169.35","169.50","166.30","166.80","164.85","174.49","155.22","184.12","145.59","193.75","135.96","267.60","320.70","235.70","352.60","182.60","437.60","97.60","10146825.00","79495.00"
"Wed Jul 15 2026 11:25:00 GMT+0530 (India Standard Time)","166.10","166.10","163.00","163.90","164.85","174.48","155.23","184.11","145.60","193.73","135.97","267.60","320.70","235.70","352.60","182.60","437.60","97.60","10112960.00","66105.00"
"Wed Jul 15 2026 11:26:00 GMT+0530 (India Standard Time)","164.50","164.70","161.40","163.95","164.85","174.47","155.23","184.08","145.62","193.70","136.00","267.60","320.70","235.70","352.60","182.60","437.60","97.60","10112960.00","142935.00"
"Wed Jul 15 2026 11:27:00 GMT+0530 (India Standard Time)","163.60","166.00","162.35","165.10","164.85","174.45","155.24","184.06","145.64","193.67","136.03","267.60","320.70","235.70","352.60","182.60","437.60","97.60","10134995.00","146965.00"
"Wed Jul 15 2026 11:28:00 GMT+0530 (India Standard Time)","165.10","165.10","156.45","158.00","164.81","174.38","155.23","183.96","145.66","193.53","136.08","267.60","320.70","235.70","352.60","182.60","437.60","97.60","10112570.00","562640.00"
"Wed Jul 15 2026 11:29:00 GMT+0530 (India Standard Time)","158.00","158.00","154.20","155.35","164.72","174.28","155.15","183.85","145.58","193.42","136.01","267.60","320.70","235.70","352.60","182.60","437.60","97.60","10018775.00","663650.00"
"Wed Jul 15 2026 11:30:00 GMT+0530 (India Standard Time)","155.35","158.25","154.95","157.35","164.64","174.20","155.09","183.75","145.53","193.30","135.98","267.60","320.70","235.70","352.60","182.60","437.60","97.60","10182640.00","627705.00"
"Wed Jul 15 2026 11:31:00 GMT+0530 (India Standard Time)","157.35","158.20","156.30","157.65","164.61","174.15","155.06","183.70","145.52","193.24","135.98","267.60","320.70","235.70","352.60","182.60","437.60","97.60","10267660.00","306150.00"
"Wed Jul 15 2026 11:32:00 GMT+0530 (India Standard Time)","157.65","158.55","154.90","154.95","164.56","174.10","155.02","183.64","145.49","193.18","135.95","267.60","320.70","235.70","352.60","182.60","437.60","97.60","10301200.00","361335.00"
"Wed Jul 15 2026 11:33:00 GMT+0530 (India Standard Time)","154.95","155.15","152.05","154.20","164.46","174.01","154.91","183.56","145.35","193.11","135.80","267.60","320.70","235.70","352.60","182.60","437.60","97.60","10328370.00","673010.00"
"Wed Jul 15 2026 11:34:00 GMT+0530 (India Standard Time)","154.50","154.65","152.00","152.75","164.41","173.97","154.85","183.52","145.29","193.08","135.73","267.60","320.70","235.70","352.60","182.60","437.60","97.60","10430550.00","302250.00"
"Wed Jul 15 2026 11:35:00 GMT+0530 (India Standard Time)","152.75","154.05","151.95","153.65","164.34","173.91","154.78","183.48","145.21","193.05","135.64","267.60","320.70","235.70","352.60","182.60","437.60","97.60","10554440.00","377000.00"
"Wed Jul 15 2026 11:36:00 GMT+0530 (India Standard Time)","153.60","155.70","153.00","155.55","164.29","173.86","154.72","183.43","145.16","193.00","135.59","267.60","320.70","235.70","352.60","182.60","437.60","97.60","10677550.00","366275.00"
"Wed Jul 15 2026 11:37:00 GMT+0530 (India Standard Time)","155.60","156.35","154.05","155.35","164.25","173.82","154.69","183.39","145.12","192.95","135.55","267.60","320.70","235.70","352.60","182.60","437.60","97.60","10759515.00","311480.00"
"Wed Jul 15 2026 11:38:00 GMT+0530 (India Standard Time)","155.35","157.80","155.00","157.80","164.22","173.77","154.66","183.33","145.10","192.89","135.54","267.60","320.70","235.70","352.60","182.60","437.60","97.60","10731760.00","349505.00"
"Wed Jul 15 2026 11:39:00 GMT+0530 (India Standard Time)","157.90","160.00","157.40","159.40","164.17","173.70","154.64","183.23","145.11","192.75","135.59","267.60","320.70","235.70","352.60","182.60","437.60","97.60","10746060.00","606710.00"
"Wed Jul 15 2026 11:40:00 GMT+0530 (India Standard Time)","159.00","163.70","158.50","163.00","164.14","173.62","154.67","183.09","145.19","192.56","135.72","267.60","320.70","235.70","352.60","182.60","437.60","97.60","10757110.00","841555.00"
"Wed Jul 15 2026 11:41:00 GMT+0530 (India Standard Time)","163.00","163.00","158.80","161.25","164.12","173.57","154.67","183.02","145.22","192.47","135.77","267.60","320.70","235.70","352.60","182.60","437.60","97.60","10791365.00","429520.00"
"Wed Jul 15 2026 11:42:00 GMT+0530 (India Standard Time)","161.30","164.45","161.10","163.55","164.12","173.54","154.69","182.96","145.27","192.38","135.85","267.60","320.70","235.70","352.60","182.60","437.60","97.60","10790195.00","418860.00"
"Wed Jul 15 2026 11:43:00 GMT+0530 (India Standard Time)","163.55","165.90","163.25","165.40","164.12","173.50","154.74","182.88","145.37","192.26","135.99","267.60","320.70","235.70","352.60","182.60","437.60","97.60","10712520.00","678795.00"
"Wed Jul 15 2026 11:44:00 GMT+0530 (India Standard Time)","165.40","170.35","164.75","170.35","164.17","173.51","154.83","182.85","145.49","192.19","136.15","267.60","320.70","235.70","352.60","182.60","437.60","97.60","10556390.00","762970.00"
"Wed Jul 15 2026 11:45:00 GMT+0530 (India Standard Time)","170.35","171.15","167.00","167.00","164.23","173.51","154.94","182.80","145.66","192.08","136.37","267.60","320.70","235.70","352.60","182.60","437.60","97.60","10352095.00","1079130.00"
"Wed Jul 15 2026 11:46:00 GMT+0530 (India Standard Time)","167.00","171.00","166.50","169.20","164.26","173.52","154.99","182.79","145.73","192.05","136.47","267.60","320.70","235.70","352.60","182.60","437.60","97.60","10283325.00","462280.00"
"Wed Jul 15 2026 11:47:00 GMT+0530 (India Standard Time)","169.20","172.00","167.65","171.65","164.29","173.54","155.04","182.79","145.79","192.04","136.54","267.60","320.70","235.70","352.60","182.60","437.60","97.60","10281570.00","377455.00"
"Wed Jul 15 2026 11:48:00 GMT+0530 (India Standard Time)","171.65","172.00","169.50","171.80","164.32","173.56","155.08","182.80","145.84","192.04","136.60","267.60","320.70","235.70","352.60","182.60","437.60","97.60","10241790.00","375375.00"
"Wed Jul 15 2026 11:49:00 GMT+0530 (India Standard Time)","171.80","171.80","169.05","169.70","164.35","173.58","155.12","182.80","145.89","192.03","136.67","267.60","320.70","235.70","352.60","182.60","437.60","97.60","10257000.00","339690.00"
"Wed Jul 15 2026 11:50:00 GMT+0530 (India Standard Time)","169.70","173.00","168.75","170.10","164.40","173.61","155.20","182.82","145.99","192.02","136.79","267.60","320.70","235.70","352.60","182.60","437.60","97.60","10256350.00","679510.00"
"Wed Jul 15 2026 11:51:00 GMT+0530 (India Standard Time)","170.10","176.55","169.50","174.25","164.53","173.74","155.33","182.94","146.13","192.14","136.93","267.60","320.70","235.70","352.60","182.60","437.60","97.60","10123295.00","1114490.00"
"Wed Jul 15 2026 11:52:00 GMT+0530 (India Standard Time)","173.65","174.50","167.25","167.85","164.59","173.76","155.41","182.93","146.24","192.10","137.07","267.60","320.70","235.70","352.60","182.60","437.60","97.60","10100675.00","771290.00"
"Wed Jul 15 2026 11:53:00 GMT+0530 (India Standard Time)","167.85","168.10","164.60","165.30","164.60","173.73","155.46","182.87","146.32","192.01","137.19","267.60","320.70","235.70","352.60","182.60","437.60","97.60","9912110.00","617370.00"
"Wed Jul 15 2026 11:54:00 GMT+0530 (India Standard Time)","165.30","167.95","164.85","166.40","164.60","173.72","155.48","182.85","146.36","191.97","137.24","267.60","320.70","235.70","352.60","182.60","437.60","97.60","10010455.00","289250.00"
"Wed Jul 15 2026 11:55:00 GMT+0530 (India Standard Time)","166.40","166.40","161.45","163.95","164.60","173.69","155.51","182.78","146.42","191.87","137.33","267.60","320.70","235.70","352.60","182.60","437.60","97.60","9910290.00","541710.00"
"Wed Jul 15 2026 11:56:00 GMT+0530 (India Standard Time)","163.95","165.00","161.20","164.50","164.60","173.67","155.52","182.74","146.45","191.82","137.37","267.60","320.70","235.70","352.60","182.60","437.60","97.60","9930700.00","276770.00"
"Wed Jul 15 2026 11:57:00 GMT+0530 (India Standard Time)","164.50","167.85","163.95","166.45","164.60","173.66","155.55","182.71","146.50","191.76","137.44","267.60","320.70","235.70","352.60","182.60","437.60","97.60","9973925.00","378235.00"
"Wed Jul 15 2026 11:58:00 GMT+0530 (India Standard Time)","166.45","167.95","166.05","166.70","164.61","173.65","155.57","182.69","146.52","191.74","137.48","267.60","320.70","235.70","352.60","182.60","437.60","97.60","10009415.00","212550.00"
"Wed Jul 15 2026 11:59:00 GMT+0530 (India Standard Time)","166.70","167.00","164.45","165.45","164.61","173.64","155.58","182.68","146.55","191.71","137.51","267.60","320.70","235.70","352.60","182.60","437.60","97.60","10028655.00","183430.00"
"Wed Jul 15 2026 12:00:00 GMT+0530 (India Standard Time)","165.20","166.45","163.70","166.00","164.61","173.63","155.59","182.65","146.57","191.67","137.55","267.60","320.70","235.70","352.60","182.60","437.60","97.60","10062000.00","215475.00"
"Wed Jul 15 2026 12:01:00 GMT+0530 (India Standard Time)","166.00","167.25","164.80","166.50","164.62","173.63","155.60","182.64","146.59","191.65","137.58","267.60","320.70","235.70","352.60","182.60","437.60","97.60","10072400.00","160290.00"
"Wed Jul 15 2026 12:02:00 GMT+0530 (India Standard Time)","166.50","168.00","164.70","168.00","164.62","173.62","155.62","182.63","146.62","191.63","137.61","267.60","320.70","235.70","352.60","182.60","437.60","97.60","10070190.00","173225.00"
"Wed Jul 15 2026 12:03:00 GMT+0530 (India Standard Time)","168.00","170.20","166.00","170.20","164.64","173.63","155.65","182.61","146.67","191.60","137.68","267.60","320.70","235.70","352.60","182.60","437.60","97.60","10099245.00","364065.00"
"Wed Jul 15 2026 12:04:00 GMT+0530 (India Standard Time)","169.70","170.75","163.60","164.55","164.65","173.61","155.68","182.58","146.72","191.55","137.75","267.60","320.70","235.70","352.60","182.60","437.60","97.60","10107695.00","401505.00"
"Wed Jul 15 2026 12:05:00 GMT+0530 (India Standard Time)","165.00","166.45","164.05","164.75","164.65","173.61","155.69","182.56","146.74","191.52","137.78","267.60","320.70","235.70","352.60","182.60","437.60","97.60","10146760.00","165035.00"
"Wed Jul 15 2026 12:06:00 GMT+0530 (India Standard Time)","164.75","168.20","164.20","165.65","164.65","173.60","155.71","182.55","146.76","191.49","137.81","267.60","320.70","235.70","352.60","182.60","437.60","97.60","10150010.00","187070.00"
"Wed Jul 15 2026 12:07:00 GMT+0530 (India Standard Time)","165.70","165.70","162.85","165.35","164.65","173.59","155.72","182.52","146.78","191.46","137.85","267.60","320.70","235.70","352.60","182.60","437.60","97.60","10111985.00","231790.00"
"Wed Jul 15 2026 12:08:00 GMT+0530 (India Standard Time)","165.35","166.55","163.60","164.05","164.65","173.58","155.73","182.50","146.80","191.43","137.87","267.60","320.70","235.70","352.60","182.60","437.60","97.60","10101130.00","158600.00"
"Wed Jul 15 2026 12:09:00 GMT+0530 (India Standard Time)","164.45","166.55","163.50","165.90","164.65","173.57","155.74","182.49","146.82","191.41","137.90","267.60","320.70","235.70","352.60","182.60","437.60","97.60","10149230.00","155545.00"
"Wed Jul 15 2026 12:10:00 GMT+0530 (India Standard Time)","165.90","170.10","165.60","169.20","164.67","173.57","155.77","182.47","146.87","191.37","137.97","267.60","320.70","235.70","352.60","182.60","437.60","97.60","10174190.00","394290.00"
"Wed Jul 15 2026 12:11:00 GMT+0530 (India Standard Time)","169.10","170.20","166.20","167.05","164.68","173.57","155.79","182.46","146.90","191.35","138.01","267.60","320.70","235.70","352.60","182.60","437.60","97.60","10193950.00","237510.00"
"Wed Jul 15 2026 12:12:00 GMT+0530 (India Standard Time)","167.05","169.40","166.10","168.75","164.69","173.57","155.81","182.45","146.93","191.33","138.05","267.60","320.70","235.70","352.60","182.60","437.60","97.60","10182705.00","193960.00"
"Wed Jul 15 2026 12:13:00 GMT+0530 (India Standard Time)","168.75","168.75","162.55","164.00","164.69","173.55","155.83","182.41","146.97","191.27","138.10","267.60","320.70","235.70","352.60","182.60","437.60","97.60","10184330.00","350480.00"
"Wed Jul 15 2026 12:14:00 GMT+0530 (India Standard Time)","164.00","164.50","159.30","159.75","164.66","173.50","155.83","182.34","146.99","191.17","138.16","267.60","320.70","235.70","352.60","182.60","437.60","97.60","10091445.00","596050.00"
"Wed Jul 15 2026 12:15:00 GMT+0530 (India Standard Time)","159.75","162.55","158.90","161.30","164.65","173.46","155.83","182.28","147.01","191.10","138.19","267.60","320.70","235.70","352.60","182.60","437.60","97.60","10090210.00","408005.00"
"Wed Jul 15 2026 12:16:00 GMT+0530 (India Standard Time)","161.30","163.85","160.30","162.40","164.64","173.45","155.83","182.25","147.03","191.06","138.22","267.60","320.70","235.70","352.60","182.60","437.60","97.60","10152350.00","252980.00"
"Wed Jul 15 2026 12:17:00 GMT+0530 (India Standard Time)","162.40","163.00","160.00","161.40","164.63","173.43","155.83","182.23","147.04","191.03","138.24","267.60","320.70","235.70","352.60","182.60","437.60","97.60","10212865.00","150345.00"
"Wed Jul 15 2026 12:18:00 GMT+0530 (India Standard Time)","161.40","162.35","160.10","161.35","164.63","173.42","155.83","182.22","147.04","191.01","138.25","267.60","320.70","235.70","352.60","182.60","437.60","97.60","10253555.00","112905.00"
"Wed Jul 15 2026 12:19:00 GMT+0530 (India Standard Time)","161.35","161.40","159.45","160.90","164.62","173.41","155.83","182.20","147.05","190.99","138.26","267.60","320.70","235.70","352.60","182.60","437.60","97.60","10272535.00","135395.00"
"Wed Jul 15 2026 12:20:00 GMT+0530 (India Standard Time)","160.90","161.45","159.80","160.55","164.62","173.40","155.83","182.18","147.05","190.97","138.27","267.60","320.70","235.70","352.60","182.60","437.60","97.60","10309715.00","141115.00"
"Wed Jul 15 2026 12:21:00 GMT+0530 (India Standard Time)","160.55","164.00","160.10","163.55","164.61","173.38","155.84","182.15","147.07","190.92","138.30","267.60","320.70","235.70","352.60","182.60","437.60","97.60","10335260.00","263445.00"
"Wed Jul 15 2026 12:22:00 GMT+0530 (India Standard Time)","163.55","164.30","159.10","163.40","164.60","173.36","155.85","182.12","147.09","190.87","138.33","267.60","320.70","235.70","352.60","182.60","437.60","97.60","10383815.00","281385.00"
"Wed Jul 15 2026 12:23:00 GMT+0530 (India Standard Time)","163.40","166.10","163.10","165.30","164.60","173.34","155.86","182.08","147.13","190.82","138.39","267.60","320.70","235.70","352.60","182.60","437.60","97.60","10379785.00","367445.00"
"Wed Jul 15 2026 12:24:00 GMT+0530 (India Standard Time)","165.30","166.05","163.50","163.50","164.60","173.33","155.88","182.05","147.15","190.78","138.43","267.60","320.70","235.70","352.60","182.60","437.60","97.60","10419110.00","262990.00"
"Wed Jul 15 2026 12:25:00 GMT+0530 (India Standard Time)","163.50","165.20","161.20","162.95","164.60","173.32","155.88","182.03","147.17","190.75","138.45","267.60","320.70","235.70","352.60","182.60","437.60","97.60","10431395.00","195585.00"
"Wed Jul 15 2026 12:26:00 GMT+0530 (India Standard Time)","162.95","166.90","161.00","166.35","164.60","173.31","155.89","182.01","147.19","190.72","138.48","267.60","320.70","235.70","352.60","182.60","437.60","97.60","10418590.00","215930.00"
"Wed Jul 15 2026 12:27:00 GMT+0530 (India Standard Time)","166.35","169.40","165.75","169.40","164.62","173.30","155.94","181.99","147.26","190.67","138.58","267.60","320.70","235.70","352.60","182.60","437.60","97.60","10356190.00","589160.00"
"Wed Jul 15 2026 12:28:00 GMT+0530 (India Standard Time)","169.10","170.00","167.30","169.20","164.64","173.31","155.98","181.98","147.31","190.64","138.64","267.60","320.70","235.70","352.60","182.60","437.60","97.60","10364835.00","400075.00"
"Wed Jul 15 2026 12:29:00 GMT+0530 (India Standard Time)","169.20","172.00","169.05","172.00","164.68","173.33","156.02","181.99","147.37","190.64","138.71","267.60","320.70","235.70","352.60","182.60","437.60","97.60","10373285.00","474695.00"
"Wed Jul 15 2026 12:30:00 GMT+0530 (India Standard Time)","172.00","174.95","170.30","170.50","164.76","173.40","156.11","182.04","147.47","190.68","138.83","267.60","320.70","235.70","352.60","182.60","437.60","97.60","10432825.00","984555.00"
"Wed Jul 15 2026 12:31:00 GMT+0530 (India Standard Time)","170.50","173.10","169.65","171.30","164.78","173.42","156.15","182.05","147.52","190.68","138.88","267.60","320.70","235.70","352.60","182.60","437.60","97.60","10497305.00","380575.00"
"Wed Jul 15 2026 12:32:00 GMT+0530 (India Standard Time)","170.60","173.55","170.30","171.55","164.81","173.43","156.18","182.06","147.55","190.69","138.92","267.60","320.70","235.70","352.60","182.60","437.60","97.60","10487815.00","283725.00"
"Wed Jul 15 2026 12:33:00 GMT+0530 (India Standard Time)","171.90","177.00","171.55","175.50","164.89","173.53","156.25","182.17","147.61","190.81","138.97","267.60","320.70","235.70","352.60","182.60","437.60","97.60","10381150.00","812695.00"
"Wed Jul 15 2026 12:34:00 GMT+0530 (India Standard Time)","175.30","175.60","172.50","174.00","164.93","173.58","156.29","182.22","147.65","190.86","139.01","267.60","320.70","235.70","352.60","182.60","437.60","97.60","10407670.00","402415.00"
"Wed Jul 15 2026 12:35:00 GMT+0530 (India Standard Time)","174.00","176.85","173.40","176.00","165.00","173.66","156.35","182.32","147.69","190.97","139.04","267.60","320.70","235.70","352.60","182.60","437.60","97.60","10356710.00","629590.00"
"Wed Jul 15 2026 12:36:00 GMT+0530 (India Standard Time)","175.60","179.80","174.50","178.15","165.14","173.84","156.43","182.55","147.73","191.25","139.02","267.60","320.70","235.70","352.60","182.60","437.60","97.60","10242440.00","1012245.00"
"Wed Jul 15 2026 12:37:00 GMT+0530 (India Standard Time)","178.55","178.65","175.00","175.50","165.21","173.93","156.48","182.65","147.76","191.37","139.04","267.60","320.70","235.70","352.60","182.60","437.60","97.60","10191220.00","566865.00"
"Wed Jul 15 2026 12:38:00 GMT+0530 (India Standard Time)","176.15","186.75","175.25","183.40","165.43","174.31","156.56","183.18","147.69","192.06","138.81","267.60","320.70","235.70","352.60","182.60","437.60","97.60","10191220.00","1304485.00"
"Wed Jul 15 2026 12:39:00 GMT+0530 (India Standard Time)","183.40","188.60","182.80","185.80","165.72","174.85","156.59","183.98","147.46","193.11","138.33","267.60","320.70","235.70","352.60","182.60","437.60","97.60","9818705.00","1363895.00"
"Wed Jul 15 2026 12:40:00 GMT+0530 (India Standard Time)","185.80","187.90","184.95","187.25","165.86","175.13","156.60","184.39","147.34","193.65","138.07","267.60","320.70","235.70","352.60","182.60","437.60","97.60","9588930.00","675350.00"
"Wed Jul 15 2026 12:41:00 GMT+0530 (India Standard Time)","187.25","188.60","182.20","182.40","166.00","175.36","156.64","184.72","147.27","194.08","137.91","267.60","320.70","235.70","352.60","182.60","437.60","97.60","9518470.00","703495.00"
"Wed Jul 15 2026 12:42:00 GMT+0530 (India Standard Time)","182.40","186.65","179.70","182.10","166.08","175.50","156.67","184.91","147.25","194.32","137.84","267.60","320.70","235.70","352.60","182.60","437.60","97.60","9392825.00","499200.00"
"Wed Jul 15 2026 12:43:00 GMT+0530 (India Standard Time)","182.10","182.60","176.95","178.65","166.14","175.57","156.71","185.01","147.27","194.44","137.84","267.60","320.70","235.70","352.60","182.60","437.60","97.60","9345245.00","426465.00"
"Wed Jul 15 2026 12:44:00 GMT+0530 (India Standard Time)","178.65","180.00","175.95","177.25","166.17","175.61","156.73","185.06","147.29","194.50","137.85","267.60","320.70","235.70","352.60","182.60","437.60","97.60","9305335.00","295945.00"
"Wed Jul 15 2026 12:45:00 GMT+0530 (India Standard Time)","177.25","179.70","176.60","178.65","166.20","175.65","156.76","185.10","147.31","194.55","137.86","267.60","320.70","235.70","352.60","182.60","437.60","97.60","9309820.00","253955.00"
"Wed Jul 15 2026 12:46:00 GMT+0530 (India Standard Time)","178.65","179.00","176.00","176.80","166.23","175.68","156.78","185.14","147.33","194.59","137.87","267.60","320.70","235.70","352.60","182.60","437.60","97.60","9332960.00","240240.00"
"Wed Jul 15 2026 12:47:00 GMT+0530 (India Standard Time)","176.80","180.90","176.10","178.95","166.27","175.73","156.81","185.20","147.34","194.66","137.88","267.60","320.70","235.70","352.60","182.60","437.60","97.60","9378460.00","317070.00"
"Wed Jul 15 2026 12:48:00 GMT+0530 (India Standard Time)","178.95","183.00","178.75","180.70","166.32","175.81","156.84","185.30","147.35","194.78","137.86","267.60","320.70","235.70","352.60","182.60","437.60","97.60","9398285.00","360945.00"
"Wed Jul 15 2026 12:49:00 GMT+0530 (India Standard Time)","180.70","184.00","180.35","184.00","166.37","175.88","156.86","185.39","147.34","194.91","137.83","267.60","320.70","235.70","352.60","182.60","437.60","97.60","9377030.00","277355.00"
"Wed Jul 15 2026 12:50:00 GMT+0530 (India Standard Time)","184.00","186.70","181.75","182.90","166.47","176.05","156.89","185.63","147.31","195.21","137.73","267.60","320.70","235.70","352.60","182.60","437.60","97.60","9361040.00","617045.00"
"Wed Jul 15 2026 12:51:00 GMT+0530 (India Standard Time)","182.90","185.40","180.55","185.40","166.51","176.11","156.91","185.72","147.30","195.32","137.70","267.60","320.70","235.70","352.60","182.60","437.60","97.60","9405370.00","221715.00"
"Wed Jul 15 2026 12:52:00 GMT+0530 (India Standard Time)","185.40","187.55","183.75","186.50","166.58","176.23","156.92","185.89","147.27","195.54","137.62","267.60","320.70","235.70","352.60","182.60","437.60","97.60","9368905.00","356330.00"
"Wed Jul 15 2026 12:53:00 GMT+0530 (India Standard Time)","186.50","194.05","185.65","192.70","166.78","176.64","156.92","186.51","147.05","196.37","137.19","267.60","320.70","235.70","352.60","182.60","437.60","97.60","9372740.00","857090.00"
"Wed Jul 15 2026 12:54:00 GMT+0530 (India Standard Time)","192.70","201.95","192.70","197.75","167.27","177.79","156.76","188.30","146.24","198.82","135.73","267.60","320.70","235.70","352.60","182.60","437.60","97.60","9210240.00","1677715.00"
"Wed Jul 15 2026 12:55:00 GMT+0530 (India Standard Time)","197.75","227.25","196.90","227.25","168.27","180.80","155.74","193.33","143.21","205.86","130.68","267.60","320.70","235.70","352.60","182.60","437.60","97.60","8732230.00","2131155.00"
"Wed Jul 15 2026 12:56:00 GMT+0530 (India Standard Time)","226.05","276.95","226.05","276.95","171.29","191.79","150.80","212.29","130.30","232.79","109.80","267.60","320.70","235.70","352.60","182.60","437.60","97.60","8027435.00","3644160.00"
"Wed Jul 15 2026 12:57:00 GMT+0530 (India Standard Time)","280.00","305.10","263.40","298.40","173.36","198.88","147.84","224.40","122.32","249.92","96.80","267.60","320.70","235.70","352.60","182.60","437.60","97.60","7101120.00","1970410.00"
"Wed Jul 15 2026 12:58:00 GMT+0530 (India Standard Time)","298.40","311.00","257.45","258.25","174.52","202.10","146.93","229.69","119.34","257.28","91.75","267.60","320.70","235.70","352.60","182.60","437.60","97.60","6630520.00","1289795.00"
"Wed Jul 15 2026 12:59:00 GMT+0530 (India Standard Time)","256.15","274.25","253.35","264.45","174.92","203.09","146.75","231.26","118.58","259.43","90.41","267.60","320.70","235.70","352.60","182.60","437.60","97.60","6303830.00","515970.00"
"Wed Jul 15 2026 13:00:00 GMT+0530 (India Standard Time)","268.15","280.55","254.50","255.00","175.56","204.61","146.51","233.66","117.46","262.71","88.41","267.60","320.70","235.70","352.60","182.60","437.60","97.60","6238115.00","830115.00"
"Wed Jul 15 2026 13:01:00 GMT+0530 (India Standard Time)","253.45","270.15","249.40","258.45","176.05","205.72","146.39","235.39","116.72","265.06","87.05","267.60","320.70","235.70","352.60","182.60","437.60","97.60","5965115.00","684060.00"
"Wed Jul 15 2026 13:02:00 GMT+0530 (India Standard Time)","259.50","259.50","247.40","253.10","176.23","206.09","146.37","235.95","116.51","265.81","86.64","267.60","320.70","235.70","352.60","182.60","437.60","97.60","5756400.00","263380.00"
"Wed Jul 15 2026 13:03:00 GMT+0530 (India Standard Time)","253.50","255.45","247.55","249.00","176.37","206.38","146.36","236.38","116.35","266.39","86.35","267.60","320.70","235.70","352.60","182.60","437.60","97.60","5734170.00","218465.00"
"Wed Jul 15 2026 13:04:00 GMT+0530 (India Standard Time)","250.20","253.65","248.95","252.10","176.49","206.62","146.36","236.75","116.22","266.88","86.09","267.60","320.70","235.70","352.60","182.60","437.60","97.60","5715775.00","184015.00"
"Wed Jul 15 2026 13:05:00 GMT+0530 (India Standard Time)","252.40","254.45","247.25","249.35","176.62","206.88","146.35","237.14","116.09","267.40","85.83","267.60","320.70","235.70","352.60","182.60","437.60","97.60","5689645.00","202605.00"
"Wed Jul 15 2026 13:06:00 GMT+0530 (India Standard Time)","250.10","260.50","250.10","259.70","176.85","207.38","146.32","237.91","115.79","268.44","85.27","267.60","320.70","235.70","352.60","182.60","437.60","97.60","5620160.00","344825.00"
"Wed Jul 15 2026 13:07:00 GMT+0530 (India Standard Time)","259.70","266.15","255.10","266.15","177.04","207.80","146.28","238.57","115.52","269.33","84.76","267.60","320.70","235.70","352.60","182.60","437.60","97.60","5612490.00","261560.00"
"Wed Jul 15 2026 13:08:00 GMT+0530 (India Standard Time)","266.15","267.35","261.05","262.10","177.25","208.27","146.24","239.29","115.22","270.31","84.20","267.60","320.70","235.70","352.60","182.60","437.60","97.60","5596240.00","287170.00"
"Wed Jul 15 2026 13:09:00 GMT+0530 (India Standard Time)","262.10","270.10","258.50","270.10","177.42","208.64","146.19","239.86","114.97","271.09","83.75","267.60","320.70","235.70","352.60","182.60","437.60","97.60","5603845.00","216320.00"
"Wed Jul 15 2026 13:10:00 GMT+0530 (India Standard Time)","270.10","271.15","264.30","268.00","177.67","209.21","146.13","240.75","114.59","272.29","83.05","267.60","320.70","235.70","352.60","182.60","437.60","97.60","5600985.00","326820.00"
"Wed Jul 15 2026 13:11:00 GMT+0530 (India Standard Time)","268.00","273.25","265.55","268.05","177.85","209.61","146.08","241.37","114.32","273.14","82.55","267.60","320.70","235.70","352.60","182.60","437.60","97.60","5627115.00","229385.00"
"Wed Jul 15 2026 13:12:00 GMT+0530 (India Standard Time)","268.05","272.60","261.15","271.25","177.97","209.90","146.05","241.82","114.13","273.75","82.20","267.60","320.70","235.70","352.60","182.60","437.60","97.60","5619250.00","168285.00"
"Wed Jul 15 2026 13:13:00 GMT+0530 (India Standard Time)","269.50","273.45","266.80","272.35","178.11","210.21","146.01","242.31","113.91","274.40","81.82","267.60","320.70","235.70","352.60","182.60","437.60","97.60","5605600.00","173745.00"
"Wed Jul 15 2026 13:14:00 GMT+0530 (India Standard Time)","272.35","273.10","264.30","264.40","178.24","210.49","145.99","242.75","113.73","275.00","81.48","267.60","320.70","235.70","352.60","182.60","437.60","97.60","5578300.00","171665.00"
"Wed Jul 15 2026 13:15:00 GMT+0530 (India Standard Time)","264.95","269.55","253.00","256.10","178.42","210.86","145.98","243.31","113.53","275.75","81.09","267.60","320.70","235.70","352.60","182.60","437.60","97.60","5505825.00","265655.00"
"Wed Jul 15 2026 13:16:00 GMT+0530 (India Standard Time)","256.10","261.45","249.40","254.30","178.54","211.09","145.98","243.65","113.42","276.20","80.87","267.60","320.70","235.70","352.60","182.60","437.60","97.60","5442580.00","178685.00"
"Wed Jul 15 2026 13:17:00 GMT+0530 (India Standard Time)","254.30","257.40","248.90","252.60","178.63","211.27","145.99","243.91","113.35","276.55","80.70","267.60","320.70","235.70","352.60","182.60","437.60","97.60","5430035.00","149565.00"
"Wed Jul 15 2026 13:18:00 GMT+0530 (India Standard Time)","252.60","253.65","239.30","239.50","178.76","211.51","146.02","244.25","113.28","276.99","80.53","267.60","320.70","235.70","352.60","182.60","437.60","97.60","5448625.00","247390.00"
"Wed Jul 15 2026 13:19:00 GMT+0530 (India Standard Time)","239.50","239.50","230.50","237.30","178.90","211.73","146.08","244.55","113.25","277.37","80.43","267.60","320.70","235.70","352.60","182.60","437.60","97.60","5350410.00","292110.00"
"Wed Jul 15 2026 13:20:00 GMT+0530 (India Standard Time)","237.30","241.20","234.85","236.45","179.00","211.88","146.12","244.77","113.23","277.65","80.35","267.60","320.70","235.70","352.60","182.60","437.60","97.60","5300685.00","200460.00"
"Wed Jul 15 2026 13:21:00 GMT+0530 (India Standard Time)","236.45","245.00","232.25","242.45","179.08","212.02","146.14","244.95","113.21","277.89","80.27","267.60","320.70","235.70","352.60","182.60","437.60","97.60","5312450.00","159315.00"
"Wed Jul 15 2026 13:22:00 GMT+0530 (India Standard Time)","242.45","243.90","240.05","243.55","179.15","212.13","146.17","245.12","113.18","278.10","80.20","267.60","320.70","235.70","352.60","182.60","437.60","97.60","5283980.00","130585.00"
"Wed Jul 15 2026 13:23:00 GMT+0530 (India Standard Time)","243.55","248.30","237.65","244.45","179.24","212.28","146.19","245.33","113.14","278.37","80.10","267.60","320.70","235.70","352.60","182.60","437.60","97.60","5310175.00","159900.00"
"Wed Jul 15 2026 13:24:00 GMT+0530 (India Standard Time)","244.45","248.60","243.10","245.90","179.32","212.43","146.21","245.55","113.10","278.66","79.99","267.60","320.70","235.70","352.60","182.60","437.60","97.60","5311605.00","157365.00"
"Wed Jul 15 2026 13:25:00 GMT+0530 (India Standard Time)","245.90","248.45","242.80","245.00","179.37","212.53","146.22","245.68","113.07","278.83","79.92","267.60","320.70","235.70","352.60","182.60","437.60","97.60","5274620.00","96460.00"
"Wed Jul 15 2026 13:26:00 GMT+0530 (India Standard Time)","245.00","249.35","243.00","247.65","179.42","212.60","146.23","245.78","113.05","278.97","79.87","267.60","320.70","235.70","352.60","182.60","437.60","97.60","5263245.00","75855.00"
"Wed Jul 15 2026 13:27:00 GMT+0530 (India Standard Time)","247.65","251.75","246.90","250.10","179.54","212.82","146.26","246.10","112.97","279.38","79.69","267.60","320.70","235.70","352.60","182.60","437.60","97.60","5261360.00","205075.00"
"Wed Jul 15 2026 13:28:00 GMT+0530 (India Standard Time)","253.75","254.00","244.00","246.55","179.61","212.96","146.27","246.30","112.93","279.64","79.59","267.60","320.70","235.70","352.60","182.60","437.60","97.60","5259085.00","137410.00"
"Wed Jul 15 2026 13:29:00 GMT+0530 (India Standard Time)","247.05","247.40","240.15","243.70","179.67","213.05","146.29","246.43","112.91","279.81","79.53","267.60","320.70","235.70","352.60","182.60","437.60","97.60","5239195.00","107055.00"
"Wed Jul 15 2026 13:30:00 GMT+0530 (India Standard Time)","243.90","251.00","241.65","247.80","179.73","213.16","146.30","246.58","112.88","280.01","79.45","267.60","320.70","235.70","352.60","182.60","437.60","97.60","5215600.00","108225.00"
"Wed Jul 15 2026 13:31:00 GMT+0530 (India Standard Time)","248.75","249.50","244.60","244.60","179.76","213.21","146.31","246.67","112.86","280.12","79.41","267.60","320.70","235.70","352.60","182.60","437.60","97.60","5200000.00","60580.00"
"Wed Jul 15 2026 13:32:00 GMT+0530 (India Standard Time)","244.60","251.80","243.75","248.35","179.80","213.28","146.32","246.76","112.84","280.24","79.36","267.60","320.70","235.70","352.60","182.60","437.60","97.60","5167175.00","66820.00"
"Wed Jul 15 2026 13:33:00 GMT+0530 (India Standard Time)","248.85","250.35","246.20","247.40","179.85","213.37","146.33","246.89","112.81","280.41","79.29","267.60","320.70","235.70","352.60","182.60","437.60","97.60","5174065.00","91000.00"
"Wed Jul 15 2026 13:34:00 GMT+0530 (India Standard Time)","247.70","256.55","247.70","251.45","179.95","213.55","146.35","247.15","112.75","280.75","79.15","267.60","320.70","235.70","352.60","182.60","437.60","97.60","5180305.00","164060.00"
"Wed Jul 15 2026 13:35:00 GMT+0530 (India Standard Time)","251.45","252.35","246.70","246.70","180.05","213.72","146.37","247.40","112.69","281.08","79.02","267.60","320.70","235.70","352.60","182.60","437.60","97.60","5175625.00","173550.00"
"Wed Jul 15 2026 13:36:00 GMT+0530 (India Standard Time)","246.70","250.40","245.40","248.40","180.09","213.81","146.38","247.52","112.67","281.23","78.96","267.60","320.70","235.70","352.60","182.60","437.60","97.60","5173675.00","84630.00"
"Wed Jul 15 2026 13:37:00 GMT+0530 (India Standard Time)","248.40","255.40","247.65","250.65","180.17","213.95","146.40","247.73","112.62","281.51","78.84","267.60","320.70","235.70","352.60","182.60","437.60","97.60","5154695.00","136370.00"
"Wed Jul 15 2026 13:38:00 GMT+0530 (India Standard Time)","250.65","259.25","249.95","255.85","180.28","214.16","146.41","248.03","112.54","281.90","78.66","267.60","320.70","235.70","352.60","182.60","437.60","97.60","5117645.00","178815.00"
"Wed Jul 15 2026 13:39:00 GMT+0530 (India Standard Time)","255.85","255.90","251.70","253.60","180.35","214.27","146.42","248.20","112.49","282.13","78.56","267.60","320.70","235.70","352.60","182.60","437.60","97.60","5139550.00","104780.00"
"Wed Jul 15 2026 13:40:00 GMT+0530 (India Standard Time)","253.60","259.40","252.40","256.85","180.42","214.42","146.43","248.42","112.43","282.42","78.43","267.60","320.70","235.70","352.60","182.60","437.60","97.60","5140590.00","127985.00"
"Wed Jul 15 2026 13:41:00 GMT+0530 (India Standard Time)","256.70","265.00","253.50","262.85","180.51","214.60","146.43","248.68","112.35","282.76","78.26","267.60","320.70","235.70","352.60","182.60","437.60","97.60","5135520.00","136955.00"
"Wed Jul 15 2026 13:42:00 GMT+0530 (India Standard Time)","262.85","263.15","257.10","258.50","180.59","214.76","146.43","248.92","112.27","283.08","78.11","267.60","320.70","235.70","352.60","182.60","437.60","97.60","5073315.00","126490.00"
"Wed Jul 15 2026 13:43:00 GMT+0530 (India Standard Time)","258.50","268.10","257.15","264.15","180.72","215.00","146.43","249.28","112.15","283.56","77.87","267.60","320.70","235.70","352.60","182.60","437.60","97.60","5074745.00","179205.00"
"Wed Jul 15 2026 13:44:00 GMT+0530 (India Standard Time)","264.60","264.60","257.75","259.20","180.80","215.16","146.44","249.52","112.08","283.88","77.72","267.60","320.70","235.70","352.60","182.60","437.60","97.60","5030480.00","129935.00"
"Wed Jul 15 2026 13:45:00 GMT+0530 (India Standard Time)","259.20","264.70","255.65","256.65","180.87","215.29","146.45","249.71","112.02","284.14","77.60","267.60","320.70","235.70","352.60","182.60","437.60","97.60","5011240.00","108550.00"
"Wed Jul 15 2026 13:46:00 GMT+0530 (India Standard Time)","256.65","256.65","252.35","254.80","180.92","215.39","146.45","249.85","111.99","284.32","77.52","267.60","320.70","235.70","352.60","182.60","437.60","97.60","5006950.00","86970.00"
"Wed Jul 15 2026 13:47:00 GMT+0530 (India Standard Time)","254.80","257.95","252.20","255.00","180.96","215.46","146.46","249.96","111.96","284.46","77.46","267.60","320.70","235.70","352.60","182.60","437.60","97.60","4990960.00","68835.00"
"Wed Jul 15 2026 13:48:00 GMT+0530 (India Standard Time)","254.95","255.60","248.00","249.85","181.02","215.57","146.47","250.11","111.93","284.66","77.38","267.60","320.70","235.70","352.60","182.60","437.60","97.60","4940260.00","102765.00"
"Wed Jul 15 2026 13:49:00 GMT+0530 (India Standard Time)","249.85","252.85","246.00","250.00","181.07","215.66","146.49","250.25","111.90","284.83","77.32","267.60","320.70","235.70","352.60","182.60","437.60","97.60","4923685.00","96785.00"
"Wed Jul 15 2026 13:50:00 GMT+0530 (India Standard Time)","250.00","254.75","246.75","254.30","181.13","215.76","146.50","250.39","111.87","285.02","77.24","267.60","320.70","235.70","352.60","182.60","437.60","97.60","4948060.00","97760.00"
"Wed Jul 15 2026 13:51:00 GMT+0530 (India Standard Time)","254.30","264.80","254.30","264.55","181.23","215.95","146.51","250.67","111.78","285.39","77.06","267.60","320.70","235.70","352.60","182.60","437.60","97.60","4938765.00","151645.00"
"Wed Jul 15 2026 13:52:00 GMT+0530 (India Standard Time)","264.55","264.55","260.00","263.80","181.30","216.08","146.51","250.87","111.72","285.66","76.94","267.60","320.70","235.70","352.60","182.60","437.60","97.60","4904185.00","103610.00"
"Wed Jul 15 2026 13:53:00 GMT+0530 (India Standard Time)","263.80","270.40","261.65","265.00","181.42","216.33","146.51","251.24","111.60","286.15","76.69","267.60","320.70","235.70","352.60","182.60","437.60","97.60","4880200.00","183170.00"
"Wed Jul 15 2026 13:54:00 GMT+0530 (India Standard Time)","265.75","265.75","260.10","262.10","181.52","216.52","146.51","251.52","111.51","286.52","76.51","267.60","320.70","235.70","352.60","182.60","437.60","97.60","4845685.00","146380.00"
"Wed Jul 15 2026 13:55:00 GMT+0530 (India Standard Time)","262.10","265.65","260.65","261.80","181.56","216.61","146.52","251.65","111.47","286.70","76.43","267.60","320.70","235.70","352.60","182.60","437.60","97.60","4850820.00","69680.00"
"Wed Jul 15 2026 13:56:00 GMT+0530 (India Standard Time)","261.65","263.25","255.75","255.75","181.62","216.71","146.52","251.80","111.43","286.90","76.34","267.60","320.70","235.70","352.60","182.60","437.60","97.60","4851860.00","91650.00"
"Wed Jul 15 2026 13:57:00 GMT+0530 (India Standard Time)","256.15","259.25","250.30","250.85","181.70","216.87","146.54","252.03","111.38","287.19","76.22","267.60","320.70","235.70","352.60","182.60","437.60","97.60","4820530.00","150735.00"
"Wed Jul 15 2026 13:58:00 GMT+0530 (India Standard Time)","250.00","250.35","244.90","247.05","181.79","217.01","146.57","252.22","111.35","287.44","76.14","267.60","320.70","235.70","352.60","182.60","437.60","97.60","4796805.00","160680.00"
"Wed Jul 15 2026 13:59:00 GMT+0530 (India Standard Time)","247.05","247.05","237.00","237.65","181.91","217.19","146.63","252.47","111.35","287.75","76.07","267.60","320.70","235.70","352.60","182.60","437.60","97.60","4797130.00","254020.00"
"Wed Jul 15 2026 14:00:00 GMT+0530 (India Standard Time)","238.20","240.30","235.25","239.90","181.98","217.29","146.66","252.60","111.35","287.92","76.03","267.60","320.70","235.70","352.60","182.60","437.60","97.60","4794335.00","149110.00"
"Wed Jul 15 2026 14:01:00 GMT+0530 (India Standard Time)","238.65","244.05","238.45","242.75","182.02","217.37","146.68","252.71","111.34","288.05","76.00","267.60","320.70","235.70","352.60","182.60","437.60","97.60","4780360.00","103415.00"
"Wed Jul 15 2026 14:02:00 GMT+0530 (India Standard Time)","241.95","244.05","240.30","242.00","182.09","217.47","146.71","252.85","111.34","288.23","75.96","267.60","320.70","235.70","352.60","182.60","437.60","97.60","4805125.00","143390.00"
"Wed Jul 15 2026 14:03:00 GMT+0530 (India Standard Time)","242.00","244.85","241.50","243.05","182.14","217.55","146.74","252.96","111.33","288.36","75.92","267.60","320.70","235.70","352.60","182.60","437.60","97.60","4781335.00","99775.00"
"Wed Jul 15 2026 14:04:00 GMT+0530 (India Standard Time)","243.05","243.10","237.70","238.75","182.19","217.62","146.76","253.05","111.33","288.48","75.90","267.60","320.70","235.70","352.60","182.60","437.60","97.60","4772625.00","100815.00"
"Wed Jul 15 2026 14:05:00 GMT+0530 (India Standard Time)","238.75","243.75","238.75","241.90","182.22","217.66","146.77","253.10","111.33","288.55","75.88","267.60","320.70","235.70","352.60","182.60","437.60","97.60","4771585.00","57005.00"
"Wed Jul 15 2026 14:06:00 GMT+0530 (India Standard Time)","241.90","248.55","239.10","240.70","182.27","217.74","146.79","253.21","111.32","288.69","75.85","267.60","320.70","235.70","352.60","182.60","437.60","97.60","4752605.00","106535.00"
"Wed Jul 15 2026 14:07:00 GMT+0530 (India Standard Time)","240.70","241.05","231.85","233.20","182.34","217.84","146.83","253.34","111.33","288.85","75.83","267.60","320.70","235.70","352.60","182.60","437.60","97.60","4737200.00","169520.00"
"Wed Jul 15 2026 14:08:00 GMT+0530 (India Standard Time)","233.20","234.80","223.00","225.90","182.46","217.99","146.92","253.52","111.39","289.06","75.86","267.60","320.70","235.70","352.60","182.60","437.60","97.60","4720300.00","331240.00"
"Wed Jul 15 2026 14:09:00 GMT+0530 (India Standard Time)","225.90","231.70","225.55","231.70","182.52","218.08","146.97","253.63","111.42","289.18","75.87","267.60","320.70","235.70","352.60","182.60","437.60","97.60","4632680.00","180895.00"
"Wed Jul 15 2026 14:10:00 GMT+0530 (India Standard Time)","231.70","237.50","230.00","237.25","182.60","218.18","147.02","253.76","111.44","289.35","75.85","267.60","320.70","235.70","352.60","182.60","437.60","97.60","4676880.00","181155.00"
"Wed Jul 15 2026 14:11:00 GMT+0530 (India Standard Time)","237.25","237.35","231.50","232.65","182.64","218.24","147.04","253.83","111.45","289.43","75.85","267.60","320.70","235.70","352.60","182.60","437.60","97.60","4685135.00","99450.00"
"Wed Jul 15 2026 14:12:00 GMT+0530 (India Standard Time)","232.65","239.10","230.45","237.65","182.69","218.31","147.07","253.93","111.46","289.55","75.84","267.60","320.70","235.70","352.60","182.60","437.60","97.60","4711070.00","126880.00"
"Wed Jul 15 2026 14:13:00 GMT+0530 (India Standard Time)","238.00","238.10","229.00","232.75","182.76","218.41","147.12","254.05","111.48","289.69","75.83","267.60","320.70","235.70","352.60","182.60","437.60","97.60","4721990.00","176735.00"
"Wed Jul 15 2026 14:14:00 GMT+0530 (India Standard Time)","232.80","233.95","230.80","232.60","182.79","218.45","147.14","254.10","111.49","289.75","75.83","267.60","320.70","235.70","352.60","182.60","437.60","97.60","4765020.00","74945.00"
"Wed Jul 15 2026 14:15:00 GMT+0530 (India Standard Time)","232.50","232.70","226.80","228.00","182.83","218.50","147.17","254.16","111.50","289.83","75.84","267.60","320.70","235.70","352.60","182.60","437.60","97.60","4765085.00","113425.00"
"Wed Jul 15 2026 14:16:00 GMT+0530 (India Standard Time)","228.00","232.50","224.00","230.95","182.88","218.56","147.21","254.24","111.53","289.92","75.85","267.60","320.70","235.70","352.60","182.60","437.60","97.60","4759365.00","140400.00"
"Wed Jul 15 2026 14:17:00 GMT+0530 (India Standard Time)","230.95","237.25","230.10","237.05","182.96","218.66","147.25","254.37","111.55","290.07","75.84","267.60","320.70","235.70","352.60","182.60","437.60","97.60","4660305.00","176605.00"
"Wed Jul 15 2026 14:18:00 GMT+0530 (India Standard Time)","237.05","241.55","233.65","233.90","183.04","218.78","147.30","254.52","111.56","290.26","75.82","267.60","320.70","235.70","352.60","182.60","437.60","97.60","4608370.00","194480.00"
"Wed Jul 15 2026 14:19:00 GMT+0530 (India Standard Time)","233.55","241.20","233.20","236.95","183.09","218.85","147.33","254.61","111.57","290.37","75.81","267.60","320.70","235.70","352.60","182.60","437.60","97.60","4595955.00","114725.00"
"Wed Jul 15 2026 14:20:00 GMT+0530 (India Standard Time)","236.95","238.55","232.55","236.65","183.12","218.90","147.35","254.67","111.57","290.45","75.80","267.60","320.70","235.70","352.60","182.60","437.60","97.60","4594785.00","88595.00"
"Wed Jul 15 2026 14:21:00 GMT+0530 (India Standard Time)","236.65","238.90","233.90","235.70","183.16","218.95","147.37","254.74","111.58","290.53","75.79","267.60","320.70","235.70","352.60","182.60","437.60","97.60","4621370.00","95485.00"
"Wed Jul 15 2026 14:22:00 GMT+0530 (India Standard Time)","235.70","236.30","231.30","235.40","183.20","219.00","147.40","254.81","111.59","290.61","75.79","267.60","320.70","235.70","352.60","182.60","437.60","97.60","4642365.00","92040.00"
"Wed Jul 15 2026 14:23:00 GMT+0530 (India Standard Time)","235.40","237.65","234.00","237.65","183.23","219.04","147.41","254.86","111.60","290.67","75.78","267.60","320.70","235.70","352.60","182.60","437.60","97.60","4636840.00","64480.00"
"Wed Jul 15 2026 14:24:00 GMT+0530 (India Standard Time)","237.05","243.30","236.90","242.70","183.31","219.16","147.45","255.02","111.60","290.87","75.74","267.60","320.70","235.70","352.60","182.60","437.60","97.60","4622735.00","180440.00"
"Wed Jul 15 2026 14:25:00 GMT+0530 (India Standard Time)","243.00","244.95","241.00","242.05","183.38","219.28","147.49","255.17","111.59","291.07","75.70","267.60","320.70","235.70","352.60","182.60","437.60","97.60","4613440.00","167245.00"
"Wed Jul 15 2026 14:26:00 GMT+0530 (India Standard Time)","242.00","246.00","241.30","245.70","183.44","219.36","147.51","255.29","111.59","291.22","75.66","267.60","320.70","235.70","352.60","182.60","437.60","97.60","4528940.00","115635.00"
"Wed Jul 15 2026 14:27:00 GMT+0530 (India Standard Time)","245.05","245.05","235.15","239.00","183.50","219.46","147.55","255.41","111.59","291.37","75.64","267.60","320.70","235.70","352.60","182.60","437.60","97.60","4463160.00","143585.00"
"Wed Jul 15 2026 14:28:00 GMT+0530 (India Standard Time)","239.05","241.10","237.25","238.40","183.53","219.50","147.56","255.47","111.60","291.43","75.63","267.60","320.70","235.70","352.60","182.60","437.60","97.60","4424615.00","68965.00"
"Wed Jul 15 2026 14:29:00 GMT+0530 (India Standard Time)","237.90","241.35","235.70","236.75","183.57","219.55","147.58","255.53","111.60","291.51","75.62","267.60","320.70","235.70","352.60","182.60","437.60","97.60","4419090.00","79820.00"
"Wed Jul 15 2026 14:30:00 GMT+0530 (India Standard Time)","237.70","241.95","234.00","241.45","183.62","219.63","147.61","255.63","111.61","291.64","75.60","267.60","320.70","235.70","352.60","182.60","437.60","97.60","4417335.00","126165.00"
"Wed Jul 15 2026 14:31:00 GMT+0530 (India Standard Time)","240.90","242.80","239.35","242.70","183.66","219.69","147.63","255.72","111.61","291.74","75.58","267.60","320.70","235.70","352.60","182.60","437.60","97.60","4433195.00","94055.00"
"Wed Jul 15 2026 14:32:00 GMT+0530 (India Standard Time)","243.35","243.35","237.55","237.80","183.68","219.72","147.65","255.76","111.61","291.80","75.57","267.60","320.70","235.70","352.60","182.60","437.60","97.60","4429555.00","53560.00"
"Wed Jul 15 2026 14:33:00 GMT+0530 (India Standard Time)","237.80","238.80","235.00","237.55","183.72","219.77","147.67","255.82","111.62","291.87","75.56","267.60","320.70","235.70","352.60","182.60","437.60","97.60","4425265.00","82810.00"
"Wed Jul 15 2026 14:34:00 GMT+0530 (India Standard Time)","237.55","239.00","232.35","239.00","183.78","219.85","147.70","255.92","111.63","292.00","75.55","267.60","320.70","235.70","352.60","182.60","437.60","97.60","4331275.00","139295.00"
"Wed Jul 15 2026 14:35:00 GMT+0530 (India Standard Time)","239.00","239.55","233.50","235.60","183.83","219.92","147.73","256.01","111.64","292.11","75.55","267.60","320.70","235.70","352.60","182.60","437.60","97.60","4336475.00","124865.00"
"Wed Jul 15 2026 14:36:00 GMT+0530 (India Standard Time)","235.60","239.00","230.15","238.35","183.87","219.99","147.76","256.10","111.65","292.21","75.54","267.60","320.70","235.70","352.60","182.60","437.60","97.60","4325360.00","119405.00"
"Wed Jul 15 2026 14:37:00 GMT+0530 (India Standard Time)","238.35","238.55","230.15","236.25","183.91","220.03","147.79","256.16","111.66","292.28","75.54","267.60","320.70","235.70","352.60","182.60","437.60","97.60","4324580.00","87815.00"
"Wed Jul 15 2026 14:38:00 GMT+0530 (India Standard Time)","236.00","236.00","220.45","223.00","184.00","220.13","147.86","256.27","111.72","292.41","75.58","267.60","320.70","235.70","352.60","182.60","437.60","97.60","4314375.00","265785.00"
"Wed Jul 15 2026 14:39:00 GMT+0530 (India Standard Time)","223.00","223.00","214.30","215.70","184.06","220.19","147.93","256.33","111.79","292.46","75.66","267.60","320.70","235.70","352.60","182.60","437.60","97.60","4305405.00","247195.00"
"Wed Jul 15 2026 14:40:00 GMT+0530 (India Standard Time)","215.70","223.80","215.70","220.45","184.12","220.25","147.99","256.38","111.85","292.52","75.72","267.60","320.70","235.70","352.60","182.60","437.60","97.60","4295330.00","210795.00"
"Wed Jul 15 2026 14:41:00 GMT+0530 (India Standard Time)","220.45","226.20","220.25","222.40","184.18","220.32","148.04","256.45","111.90","292.59","75.77","267.60","320.70","235.70","352.60","182.60","437.60","97.60","4276025.00","204620.00"
"Wed Jul 15 2026 14:42:00 GMT+0530 (India Standard Time)","222.40","223.15","217.00","220.95","184.21","220.35","148.07","256.48","111.94","292.62","75.80","267.60","320.70","235.70","352.60","182.60","437.60","97.60","4290715.00","114010.00"
"Wed Jul 15 2026 14:43:00 GMT+0530 (India Standard Time)","220.95","223.00","219.65","221.70","184.23","220.37","148.09","256.51","111.96","292.64","75.82","267.60","320.70","235.70","352.60","182.60","437.60","97.60","4283890.00","74555.00"
"Wed Jul 15 2026 14:44:00 GMT+0530 (India Standard Time)","221.60","224.40","216.50","219.60","184.26","220.39","148.12","256.53","111.98","292.67","75.84","267.60","320.70","235.70","352.60","182.60","437.60","97.60","4282980.00","94900.00"
"Wed Jul 15 2026 14:45:00 GMT+0530 (India Standard Time)","219.60","229.00","218.10","226.25","184.34","220.49","148.20","256.64","112.05","292.78","75.90","267.60","320.70","235.70","352.60","182.60","437.60","97.60","4219345.00","278655.00"
"Wed Jul 15 2026 14:46:00 GMT+0530 (India Standard Time)","226.25","227.60","222.25","224.40","184.37","220.52","148.22","256.67","112.07","292.82","75.92","267.60","320.70","235.70","352.60","182.60","437.60","97.60","4171570.00","95420.00"
"Wed Jul 15 2026 14:47:00 GMT+0530 (India Standard Time)","224.40","232.65","223.95","231.10","184.43","220.59","148.27","256.76","112.11","292.92","75.94","267.60","320.70","235.70","352.60","182.60","437.60","97.60","4155840.00","175500.00"
"Wed Jul 15 2026 14:48:00 GMT+0530 (India Standard Time)","231.70","235.10","230.00","232.45","184.50","220.69","148.32","256.87","112.14","293.06","75.95","267.60","320.70","235.70","352.60","182.60","437.60","97.60","4148755.00","200135.00"
"Wed Jul 15 2026 14:49:00 GMT+0530 (India Standard Time)","232.45","237.00","231.50","236.40","184.55","220.75","148.35","256.95","112.15","293.15","75.95","267.60","320.70","235.70","352.60","182.60","437.60","97.60","4122885.00","119340.00"
"Wed Jul 15 2026 14:50:00 GMT+0530 (India Standard Time)","236.40","239.75","231.40","235.30","184.63","220.86","148.40","257.08","112.18","293.31","75.95","267.60","320.70","235.70","352.60","182.60","437.60","97.60","4099355.00","204685.00"
"Wed Jul 15 2026 14:51:00 GMT+0530 (India Standard Time)","235.30","239.80","234.95","239.60","184.70","220.95","148.44","257.20","112.19","293.46","75.94","267.60","320.70","235.70","352.60","182.60","437.60","97.60","4083235.00","165685.00"
"Wed Jul 15 2026 14:52:00 GMT+0530 (India Standard Time)","238.00","241.90","235.75","239.90","184.75","221.03","148.47","257.30","112.20","293.58","75.92","267.60","320.70","235.70","352.60","182.60","437.60","97.60","4035330.00","131820.00"
"Wed Jul 15 2026 14:53:00 GMT+0530 (India Standard Time)","239.85","241.05","237.45","239.95","184.79","221.08","148.50","257.37","112.20","293.66","75.91","267.60","320.70","235.70","352.60","182.60","437.60","97.60","4001335.00","88530.00"
"Wed Jul 15 2026 14:54:00 GMT+0530 (India Standard Time)","239.55","240.50","235.35","235.50","184.82","221.12","148.51","257.42","112.21","293.73","75.91","267.60","320.70","235.70","352.60","182.60","437.60","97.60","3991390.00","77480.00"
"Wed Jul 15 2026 14:55:00 GMT+0530 (India Standard Time)","235.65","241.75","235.65","237.00","184.86","221.18","148.54","257.50","112.22","293.82","75.90","267.60","320.70","235.70","352.60","182.60","437.60","97.60","3984370.00","108290.00"
"Wed Jul 15 2026 14:56:00 GMT+0530 (India Standard Time)","237.00","241.20","236.60","238.00","184.89","221.22","148.56","257.55","112.23","293.89","75.90","267.60","320.70","235.70","352.60","182.60","437.60","97.60","3989050.00","72410.00"
"Wed Jul 15 2026 14:57:00 GMT+0530 (India Standard Time)","238.00","244.45","238.00","243.65","184.95","221.30","148.59","257.66","112.23","294.02","75.87","267.60","320.70","235.70","352.60","182.60","437.60","97.60","3983395.00","127465.00"
"Wed Jul 15 2026 14:58:00 GMT+0530 (India Standard Time)","243.45","244.00","238.00","240.40","185.00","221.38","148.62","257.77","112.24","294.15","75.85","267.60","320.70","235.70","352.60","182.60","437.60","97.60","3965975.00","134485.00"
"Wed Jul 15 2026 14:59:00 GMT+0530 (India Standard Time)","240.60","247.10","239.90","243.45","185.11","221.54","148.67","257.98","112.24","294.41","75.80","267.60","320.70","235.70","352.60","182.60","437.60","97.60","3927755.00","245635.00"
"Wed Jul 15 2026 15:00:00 GMT+0530 (India Standard Time)","243.45","250.95","224.60","243.00","185.36","221.89","148.82","258.43","112.28","294.97","75.75","267.60","320.70","235.70","352.60","182.60","437.60","97.60","3863080.00","610415.00"
"Wed Jul 15 2026 15:01:00 GMT+0530 (India Standard Time)","243.00","246.40","237.00","243.60","185.43","222.00","148.86","258.57","112.29","295.14","75.72","267.60","320.70","235.70","352.60","182.60","437.60","97.60","3836430.00","167570.00"
"Wed Jul 15 2026 15:02:00 GMT+0530 (India Standard Time)","243.60","251.75","243.60","245.20","185.54","222.16","148.91","258.79","112.28","295.42","75.65","267.60","320.70","235.70","352.60","182.60","437.60","97.60","3777800.00","236535.00"
"Wed Jul 15 2026 15:03:00 GMT+0530 (India Standard Time)","245.20","245.20","240.00","244.10","185.60","222.26","148.94","258.92","112.29","295.58","75.63","267.60","320.70","235.70","352.60","182.60","437.60","97.60","3781635.00","152035.00"
"Wed Jul 15 2026 15:04:00 GMT+0530 (India Standard Time)","244.10","244.55","236.15","240.95","185.66","222.35","148.98","259.03","112.30","295.71","75.61","267.60","320.70","235.70","352.60","182.60","437.60","97.60","3755960.00","151775.00"
"Wed Jul 15 2026 15:05:00 GMT+0530 (India Standard Time)","240.95","241.85","236.25","240.95","185.70","222.39","149.00","259.09","112.30","295.78","75.61","267.60","320.70","235.70","352.60","182.60","437.60","97.60","3731910.00","78260.00"
"Wed Jul 15 2026 15:06:00 GMT+0530 (India Standard Time)","240.25","241.00","232.55","239.80","185.75","222.47","149.04","259.19","112.32","295.90","75.60","267.60","320.70","235.70","352.60","182.60","437.60","97.60","3698955.00","152425.00"
"Wed Jul 15 2026 15:07:00 GMT+0530 (India Standard Time)","239.50","239.50","232.05","236.20","185.80","222.53","149.07","259.26","112.34","295.99","75.61","267.60","320.70","235.70","352.60","182.60","437.60","97.60","3694015.00","117000.00"
"Wed Jul 15 2026 15:08:00 GMT+0530 (India Standard Time)","236.20","239.10","235.00","237.95","185.82","222.56","149.08","259.29","112.34","296.03","75.61","267.60","320.70","235.70","352.60","182.60","437.60","97.60","3670875.00","53300.00"
"Wed Jul 15 2026 15:09:00 GMT+0530 (India Standard Time)","237.95","240.55","235.45","239.70","185.85","222.60","149.10","259.35","112.35","296.10","75.60","267.60","320.70","235.70","352.60","182.60","437.60","97.60","3634215.00","87425.00"
"Wed Jul 15 2026 15:10:00 GMT+0530 (India Standard Time)","239.70","241.85","236.55","237.90","185.88","222.64","149.12","259.40","112.36","296.16","75.60","267.60","320.70","235.70","352.60","182.60","437.60","97.60","3611335.00","73385.00"
"Wed Jul 15 2026 15:11:00 GMT+0530 (India Standard Time)","237.90","239.90","236.85","238.15","185.91","222.68","149.14","259.45","112.37","296.22","75.60","267.60","320.70","235.70","352.60","182.60","437.60","97.60","3591835.00","71695.00"
"Wed Jul 15 2026 15:12:00 GMT+0530 (India Standard Time)","238.15","241.05","237.25","239.50","185.96","222.74","149.17","259.53","112.38","296.32","75.59","267.60","320.70","235.70","352.60","182.60","437.60","97.60","3532035.00","118430.00"
"Wed Jul 15 2026 15:13:00 GMT+0530 (India Standard Time)","239.50","239.50","235.60","238.50","185.98","222.78","149.18","259.57","112.39","296.37","75.59","267.60","320.70","235.70","352.60","182.60","437.60","97.60","3503435.00","62725.00"
"Wed Jul 15 2026 15:14:00 GMT+0530 (India Standard Time)","238.50","238.50","231.60","233.00","186.04","222.86","149.23","259.67","112.41","296.49","75.60","267.60","320.70","235.70","352.60","182.60","437.60","97.60","3454880.00","178360.00"
"Wed Jul 15 2026 15:15:00 GMT+0530 (India Standard Time)","233.00","239.90","232.60","239.55","186.11","222.94","149.27","259.78","112.43","296.61","75.60","267.60","320.70","235.70","352.60","182.60","437.60","97.60","3382210.00","167050.00"
"Wed Jul 15 2026 15:16:00 GMT+0530 (India Standard Time)","239.55","241.80","237.50","240.25","186.14","222.99","149.29","259.84","112.44","296.69","75.59","267.60","320.70","235.70","352.60","182.60","437.60","97.60","3366480.00","93405.00"
"Wed Jul 15 2026 15:17:00 GMT+0530 (India Standard Time)","240.25","240.30","237.00","237.95","186.17","223.03","149.31","259.89","112.45","296.75","75.59","267.60","320.70","235.70","352.60","182.60","437.60","97.60","3362515.00","73515.00"
"Wed Jul 15 2026 15:18:00 GMT+0530 (India Standard Time)","237.95","238.30","232.45","232.45","186.20","223.07","149.34","259.94","112.47","296.81","75.60","267.60","320.70","235.70","352.60","182.60","437.60","97.60","3350750.00","94055.00"
"Wed Jul 15 2026 15:19:00 GMT+0530 (India Standard Time)","232.45","233.50","229.50","230.35","186.25","223.13","149.37","260.00","112.49","296.88","75.61","267.60","320.70","235.70","352.60","182.60","437.60","97.60","3334435.00","132080.00"
"Wed Jul 15 2026 15:20:00 GMT+0530 (India Standard Time)","231.40","231.90","228.65","231.20","186.29","223.18","149.41","260.06","112.52","296.95","75.63","267.60","320.70","235.70","352.60","182.60","437.60","97.60","3285750.00","133965.00"
"Wed Jul 15 2026 15:21:00 GMT+0530 (India Standard Time)","230.95","233.80","229.25","232.35","186.32","223.21","149.43","260.10","112.53","296.99","75.64","267.60","320.70","235.70","352.60","182.60","437.60","97.60","3267485.00","73515.00"
"Wed Jul 15 2026 15:22:00 GMT+0530 (India Standard Time)","233.15","236.35","232.85","234.40","186.35","223.25","149.45","260.15","112.55","297.05","75.65","267.60","320.70","235.70","352.60","182.60","437.60","97.60","3240055.00","93210.00"
"Wed Jul 15 2026 15:23:00 GMT+0530 (India Standard Time)","234.05","235.90","233.40","235.20","186.36","223.27","149.46","260.17","112.56","297.08","75.65","267.60","320.70","235.70","352.60","182.60","437.60","97.60","3229720.00","40755.00"
"Wed Jul 15 2026 15:24:00 GMT+0530 (India Standard Time)","234.70","235.15","231.15","232.30","186.40","223.31","149.49","260.22","112.57","297.13","75.66","267.60","320.70","235.70","352.60","182.60","437.60","97.60","3200535.00","100360.00"
"Wed Jul 15 2026 15:25:00 GMT+0530 (India Standard Time)","231.75","234.55","231.00","234.05","186.43","223.35","149.51","260.26","112.59","297.18","75.67","267.60","320.70","235.70","352.60","182.60","437.60","97.60","3179540.00","82615.00"
"Wed Jul 15 2026 15:26:00 GMT+0530 (India Standard Time)","234.05","235.00","233.00","234.95","186.45","223.38","149.53","260.31","112.60","297.23","75.68","267.60","320.70","235.70","352.60","182.60","437.60","97.60","3138720.00","80665.00"
"Wed Jul 15 2026 15:27:00 GMT+0530 (India Standard Time)","234.50","235.00","233.75","234.50","186.48","223.42","149.55","260.35","112.62","297.28","75.68","267.60","320.70","235.70","352.60","182.60","437.60","97.60","3093610.00","81185.00"
"Wed Jul 15 2026 15:28:00 GMT+0530 (India Standard Time)","233.85","234.85","233.60","233.75","186.52","223.46","149.58","260.41","112.63","297.35","75.69","267.60","320.70","235.70","352.60","182.60","437.60","97.60","3055715.00","103545.00"
"Wed Jul 15 2026 15:29:00 GMT+0530 (India Standard Time)","233.70","235.00","232.45","232.45","186.59","223.54","149.63","260.50","112.67","297.46","75.71","267.60","320.70","235.70","352.60","182.60","437.60","97.60","2980380.00","196170.00"
"Thu Jul 16 2026 09:15:00 GMT+0530 (India Standard Time)","209.00","209.00","172.65","183.00","188.22","188.22","188.22","188.22","188.22","188.22","188.22","230.83","312.62","150.67","392.78","68.88","554.73","-93.07","2950610.00","589550.00"
"Thu Jul 16 2026 09:16:00 GMT+0530 (India Standard Time)","183.00","183.00","170.20","171.70","182.44","189.01","175.87","195.58","169.29","202.15","162.72","230.83","312.62","150.67","392.78","68.88","554.73","-93.07","3118310.00","456235.00"
"Thu Jul 16 2026 09:17:00 GMT+0530 (India Standard Time)","169.80","170.10","162.00","163.15","177.21","186.88","167.54","196.55","157.86","206.23","148.19","230.83","312.62","150.67","392.78","68.88","554.73","-93.07","3299920.00","450905.00"
"Thu Jul 16 2026 09:18:00 GMT+0530 (India Standard Time)","163.15","163.15","152.90","152.90","170.77","183.33","158.21","195.89","145.65","208.45","133.09","230.83","312.62","150.67","392.78","68.88","554.73","-93.07","3419585.00","666770.00"
"Thu Jul 16 2026 09:19:00 GMT+0530 (India Standard Time)","152.90","156.65","149.50","154.55","167.39","180.56","154.21","193.73","141.04","206.90","127.87","230.83","312.62","150.67","392.78","68.88","554.73","-93.07","3678350.00","529555.00"
"Thu Jul 16 2026 09:20:00 GMT+0530 (India Standard Time)","154.55","154.55","147.35","153.25","164.31","177.66","150.96","191.01","137.61","204.36","124.26","230.83","312.62","150.67","392.78","68.88","554.73","-93.07","3904680.00","658125.00"
"Thu Jul 16 2026 09:21:00 GMT+0530 (India Standard Time)","153.25","165.90","153.25","163.65","163.63","175.65","151.62","187.66","139.61","199.67","127.60","230.83","312.62","150.67","392.78","68.88","554.73","-93.07","4059185.00","839995.00"
"Thu Jul 16 2026 09:22:00 GMT+0530 (India Standard Time)","163.65","163.70","157.05","159.75","163.33","174.86","151.81","186.38","140.29","197.90","128.76","230.83","312.62","150.67","392.78","68.88","554.73","-93.07","4111510.00","396045.00"
"Thu Jul 16 2026 09:23:00 GMT+0530 (India Standard Time)","159.75","165.50","156.85","160.15","163.16","174.28","152.03","185.41","140.90","196.53","129.78","230.83","312.62","150.67","392.78","68.88","554.73","-93.07","4261010.00","350025.00"
"Thu Jul 16 2026 09:24:00 GMT+0530 (India Standard Time)","160.15","164.90","159.40","161.05","163.08","173.88","152.28","184.68","141.47","195.48","130.67","230.83","312.62","150.67","392.78","68.88","554.73","-93.07","4314635.00","306215.00"
"Thu Jul 16 2026 09:25:00 GMT+0530 (India Standard Time)","161.05","164.00","156.80","160.90","162.93","173.42","152.43","183.91","141.94","194.40","131.45","230.83","312.62","150.67","392.78","68.88","554.73","-93.07","4440215.00","330980.00"
"Thu Jul 16 2026 09:26:00 GMT+0530 (India Standard Time)","160.90","164.95","158.00","162.00","162.85","173.03","152.67","183.22","142.49","193.40","132.31","230.83","312.62","150.67","392.78","68.88","554.73","-93.07","4517175.00","350220.00"
"Thu Jul 16 2026 09:27:00 GMT+0530 (India Standard Time)","162.00","169.00","159.60","169.00","163.03","172.93","153.13","182.84","143.22","192.74","133.32","230.83","312.62","150.67","392.78","68.88","554.73","-93.07","4585620.00","370240.00"
"Thu Jul 16 2026 09:28:00 GMT+0530 (India Standard Time)","169.00","172.70","166.25","170.30","163.64","173.28","154.00","182.92","144.36","192.55","134.73","230.83","312.62","150.67","392.78","68.88","554.73","-93.07","4546035.00","629395.00"
"Thu Jul 16 2026 09:29:00 GMT+0530 (India Standard Time)","170.30","173.10","164.10","166.30","163.94","173.29","154.60","182.63","145.26","191.98","135.91","230.83","312.62","150.67","392.78","68.88","554.73","-93.07","4614545.00","543140.00"
"Thu Jul 16 2026 09:30:00 GMT+0530 (India Standard Time)","166.30","166.65","157.95","163.70","163.88","172.95","154.80","182.02","145.73","191.09","136.66","230.83","312.62","150.67","392.78","68.88","554.73","-93.07","4674345.00","462995.00"
"Thu Jul 16 2026 09:31:00 GMT+0530 (India Standard Time)","163.70","167.00","162.30","164.55","163.90","172.82","154.99","181.73","146.07","190.64","137.16","230.83","312.62","150.67","392.78","68.88","554.73","-93.07","4687020.00","285935.00"
"Thu Jul 16 2026 09:32:00 GMT+0530 (India Standard Time)","164.55","168.95","164.00","166.05","163.96","172.77","155.15","181.58","146.34","190.39","137.53","230.83","312.62","150.67","392.78","68.88","554.73","-93.07","4754815.00","208455.00"
"Thu Jul 16 2026 09:33:00 GMT+0530 (India Standard Time)","166.05","174.45","164.20","170.20","164.26","172.93","155.59","181.60","146.92","190.26","138.26","230.83","312.62","150.67","392.78","68.88","554.73","-93.07","4809415.00","469690.00"
"Thu Jul 16 2026 09:34:00 GMT+0530 (India Standard Time)","170.05","178.40","169.00","177.05","165.01","173.79","156.23","182.58","147.44","191.36","138.66","230.83","312.62","150.67","392.78","68.88","554.73","-93.07","4778995.00","680810.00"
"Thu Jul 16 2026 09:35:00 GMT+0530 (India Standard Time)","177.45","181.00","175.90","178.75","165.95","175.10","156.81","184.24","147.66","193.39","138.52","230.83","312.62","150.67","392.78","68.88","554.73","-93.07","4690790.00","714805.00"
"Thu Jul 16 2026 09:36:00 GMT+0530 (India Standard Time)","178.45","190.00","177.55","188.20","167.32","177.44","157.21","187.55","147.10","197.67","136.98","230.83","312.62","150.67","392.78","68.88","554.73","-93.07","4591275.00","787995.00"
"Thu Jul 16 2026 09:37:00 GMT+0530 (India Standard Time)","187.55","187.55","172.55","180.60","167.98","178.23","157.72","188.48","147.47","198.74","137.22","230.83","312.62","150.67","392.78","68.88","554.73","-93.07","4507685.00","589810.00"
"Thu Jul 16 2026 09:38:00 GMT+0530 (India Standard Time)","180.75","187.20","178.50","184.95","168.46","178.90","158.01","189.35","147.56","199.79","137.12","230.83","312.62","150.67","392.78","68.88","554.73","-93.07","4519515.00","369590.00"
"Thu Jul 16 2026 09:39:00 GMT+0530 (India Standard Time)","184.95","185.15","180.30","180.85","168.68","179.19","158.18","189.69","147.67","200.20","137.17","230.83","312.62","150.67","392.78","68.88","554.73","-93.07","4512495.00","205335.00"
"Thu Jul 16 2026 09:40:00 GMT+0530 (India Standard Time)","180.75","182.90","177.70","178.00","168.87","179.38","158.36","189.89","147.85","200.40","137.34","230.83","312.62","150.67","392.78","68.88","554.73","-93.07","4493775.00","214110.00"
"Thu Jul 16 2026 09:41:00 GMT+0530 (India Standard Time)","178.00","181.10","173.10","177.20","169.07","179.53","158.61","189.99","148.15","200.45","137.69","230.83","312.62","150.67","392.78","68.88","554.73","-93.07","4514380.00","301470.00"
"Thu Jul 16 2026 09:42:00 GMT+0530 (India Standard Time)","177.20","177.20","166.05","169.25","169.12","179.42","158.82","189.72","148.52","200.02","138.22","230.83","312.62","150.67","392.78","68.88","554.73","-93.07","4526340.00","411710.00"
"Thu Jul 16 2026 09:43:00 GMT+0530 (India Standard Time)","169.25","171.45","162.45","164.70","169.05","179.23","158.87","189.41","148.69","199.59","138.50","230.83","312.62","150.67","392.78","68.88","554.73","-93.07","4440345.00","333710.00"
"Thu Jul 16 2026 09:44:00 GMT+0530 (India Standard Time)","165.50","167.95","161.15","162.60","168.97","179.09","158.85","189.21","148.72","199.33","138.60","230.83","312.62","150.67","392.78","68.88","554.73","-93.07","4466150.00","216645.00"
"Thu Jul 16 2026 09:45:00 GMT+0530 (India Standard Time)","162.60","167.00","160.05","163.45","168.85","178.90","158.81","188.95","148.76","198.99","138.72","230.83","312.62","150.67","392.78","68.88","554.73","-93.07","4548505.00","289770.00"
"Thu Jul 16 2026 09:46:00 GMT+0530 (India Standard Time)","163.85","165.85","161.50","161.75","168.74","178.72","158.76","188.71","148.78","198.69","138.80","230.83","312.62","150.67","392.78","68.88","554.73","-93.07","4594655.00","274625.00"
"Thu Jul 16 2026 09:47:00 GMT+0530 (India Standard Time)","161.75","166.35","158.35","166.35","168.64","178.55","158.74","188.46","148.83","198.37","138.92","230.83","312.62","150.67","392.78","68.88","554.73","-93.07","4717570.00","284310.00"
"Thu Jul 16 2026 09:48:00 GMT+0530 (India Standard Time)","166.30","170.00","163.85","167.55","168.61","178.41","158.81","188.21","149.01","198.01","139.21","230.83","312.62","150.67","392.78","68.88","554.73","-93.07","4724070.00","334165.00"
"Thu Jul 16 2026 09:49:00 GMT+0530 (India Standard Time)","167.55","174.85","167.55","173.20","168.69","178.38","159.00","188.07","149.32","197.76","139.63","230.83","312.62","150.67","392.78","68.88","554.73","-93.07","4721730.00","387400.00"
"Thu Jul 16 2026 09:50:00 GMT+0530 (India Standard Time)","173.20","176.15","171.15","172.15","168.79","178.39","159.19","188.00","149.58","197.60","139.98","230.83","312.62","150.67","392.78","68.88","554.73","-93.07","4737850.00","340275.00"
"Thu Jul 16 2026 09:51:00 GMT+0530 (India Standard Time)","172.15","179.75","171.40","177.60","168.95","178.51","159.40","188.07","149.84","197.63","140.28","230.83","312.62","150.67","392.78","68.88","554.73","-93.07","4750330.00","354835.00"
"Thu Jul 16 2026 09:52:00 GMT+0530 (India Standard Time)","177.60","179.30","176.20","178.25","169.06","178.61","159.51","188.17","149.96","197.72","140.40","230.83","312.62","150.67","392.78","68.88","554.73","-93.07","4742205.00","190190.00"
"Thu Jul 16 2026 09:53:00 GMT+0530 (India Standard Time)","178.25","179.15","175.55","176.45","169.12","178.67","159.58","188.21","150.04","197.75","140.50","230.83","312.62","150.67","392.78","68.88","554.73","-93.07","4738110.00","131105.00"
"Thu Jul 16 2026 09:54:00 GMT+0530 (India Standard Time)","176.45","178.70","168.20","169.15","169.18","178.64","159.73","188.09","150.27","197.55","140.81","230.83","312.62","150.67","392.78","68.88","554.73","-93.07","4698070.00","325715.00"
"Thu Jul 16 2026 09:55:00 GMT+0530 (India Standard Time)","169.15","170.00","162.20","163.90","169.12","178.52","159.73","187.92","150.33","197.31","140.94","230.83","312.62","150.67","392.78","68.88","554.73","-93.07","4637750.00","251615.00"
"Thu Jul 16 2026 09:56:00 GMT+0530 (India Standard Time)","163.90","167.20","159.90","161.95","169.03","178.39","159.68","187.74","150.32","197.09","140.97","230.83","312.62","150.67","392.78","68.88","554.73","-93.07","4612660.00","260065.00"
"Thu Jul 16 2026 09:57:00 GMT+0530 (India Standard Time)","161.95","164.00","160.00","161.70","168.96","178.29","159.63","187.63","150.29","196.96","140.96","230.83","312.62","150.67","392.78","68.88","554.73","-93.07","4668235.00","173355.00"
"Thu Jul 16 2026 09:58:00 GMT+0530 (India Standard Time)","161.70","162.00","159.35","161.20","168.89","178.21","159.56","187.54","150.24","196.86","140.92","230.83","312.62","150.67","392.78","68.88","554.73","-93.07","4736225.00","155935.00"
"Thu Jul 16 2026 09:59:00 GMT+0530 (India Standard Time)","161.15","166.20","160.00","166.20","168.82","178.10","159.55","187.38","150.27","196.66","140.99","230.83","312.62","150.67","392.78","68.88","554.73","-93.07","4756635.00","238225.00"
"Thu Jul 16 2026 10:00:00 GMT+0530 (India Standard Time)","166.20","168.90","165.55","166.65","168.79","177.98","159.60","187.17","150.41","196.36","141.22","230.83","312.62","150.67","392.78","68.88","554.73","-93.07","4802070.00","346320.00"
"Thu Jul 16 2026 10:01:00 GMT+0530 (India Standard Time)","166.65","167.65","162.80","162.80","168.76","177.92","159.59","187.09","150.43","196.25","141.26","230.83","312.62","150.67","392.78","68.88","554.73","-93.07","4854265.00","136305.00"
"Thu Jul 16 2026 10:02:00 GMT+0530 (India Standard Time)","162.80","163.70","160.40","163.25","168.72","177.87","159.57","187.02","150.42","196.17","141.27","230.83","312.62","150.67","392.78","68.88","554.73","-93.07","4821245.00","107640.00"
"Thu Jul 16 2026 10:03:00 GMT+0530 (India Standard Time)","163.25","169.15","162.75","167.20","168.70","177.81","159.59","186.93","150.47","196.04","141.36","230.83","312.62","150.67","392.78","68.88","554.73","-93.07","4827095.00","153400.00"
"Thu Jul 16 2026 10:04:00 GMT+0530 (India Standard Time)","167.20","167.20","162.85","165.60","168.68","177.77","159.59","186.87","150.50","195.96","141.40","230.83","312.62","150.67","392.78","68.88","554.73","-93.07","4845555.00","104520.00"
"Thu Jul 16 2026 10:05:00 GMT+0530 (India Standard Time)","165.60","171.30","165.60","169.75","168.68","177.72","159.65","186.75","150.61","195.79","141.58","230.83","312.62","150.67","392.78","68.88","554.73","-93.07","4867135.00","235820.00"
"Thu Jul 16 2026 10:06:00 GMT+0530 (India Standard Time)","170.00","172.55","167.95","170.30","168.70","177.69","159.71","186.68","150.71","195.68","141.72","230.83","312.62","150.67","392.78","68.88","554.73","-93.07","4871945.00","183560.00"
"Thu Jul 16 2026 10:07:00 GMT+0530 (India Standard Time)","170.45","175.40","169.00","172.70","168.74","177.69","159.79","186.64","150.85","195.59","141.90","230.83","312.62","150.67","392.78","68.88","554.73","-93.07","4867590.00","228670.00"
"Thu Jul 16 2026 10:08:00 GMT+0530 (India Standard Time)","172.30","172.55","168.25","170.15","168.75","177.68","159.83","186.60","150.90","195.53","141.98","230.83","312.62","150.67","392.78","68.88","554.73","-93.07","4828980.00","101985.00"
"Thu Jul 16 2026 10:09:00 GMT+0530 (India Standard Time)","169.65","173.30","167.30","171.80","168.77","177.66","159.87","186.55","150.98","195.45","142.08","230.83","312.62","150.67","392.78","68.88","554.73","-93.07","4812275.00","139100.00"
"Thu Jul 16 2026 10:10:00 GMT+0530 (India Standard Time)","171.80","176.90","167.85","173.75","168.81","177.67","159.96","186.52","151.11","195.37","142.26","230.83","312.62","150.67","392.78","68.88","554.73","-93.07","4794270.00","240110.00"
"Thu Jul 16 2026 10:11:00 GMT+0530 (India Standard Time)","173.75","174.30","171.00","171.95","168.84","177.67","160.00","186.50","151.17","195.33","142.34","230.83","312.62","150.67","392.78","68.88","554.73","-93.07","4845230.00","111475.00"
"Thu Jul 16 2026 10:12:00 GMT+0530 (India Standard Time)","171.95","177.35","171.95","174.95","168.87","177.69","160.06","186.50","151.25","195.32","142.43","230.83","312.62","150.67","392.78","68.88","554.73","-93.07","4849650.00","132340.00"
"Thu Jul 16 2026 10:13:00 GMT+0530 (India Standard Time)","174.95","174.95","168.80","170.10","168.89","177.68","160.10","186.47","151.31","195.26","142.52","230.83","312.62","150.67","392.78","68.88","554.73","-93.07","4835480.00","122980.00"
"Thu Jul 16 2026 10:14:00 GMT+0530 (India Standard Time)","170.10","170.35","166.55","168.40","168.89","177.65","160.12","186.41","151.36","195.17","142.60","230.83","312.62","150.67","392.78","68.88","554.73","-93.07","4842890.00","122915.00"
"Thu Jul 16 2026 10:15:00 GMT+0530 (India Standard Time)","168.40","171.30","163.90","164.00","168.86","177.58","160.14","186.30","151.42","195.03","142.70","230.83","312.62","150.67","392.78","68.88","554.73","-93.07","4825990.00","206310.00"
"Thu Jul 16 2026 10:16:00 GMT+0530 (India Standard Time)","164.00","168.15","162.95","166.00","168.84","177.54","160.14","186.24","151.44","194.94","142.74","230.83","312.62","150.67","392.78","68.88","554.73","-93.07","4800640.00","115635.00"
"Thu Jul 16 2026 10:17:00 GMT+0530 (India Standard Time)","166.00","167.40","163.50","166.30","168.82","177.50","160.15","186.18","151.47","194.86","142.79","230.83","312.62","150.67","392.78","68.88","554.73","-93.07","4831255.00","124280.00"
"Thu Jul 16 2026 10:18:00 GMT+0530 (India Standard Time)","166.30","167.30","163.85","165.00","168.80","177.46","160.15","186.11","151.49","194.77","142.84","230.83","312.62","150.67","392.78","68.88","554.73","-93.07","4847635.00","130715.00"
"Thu Jul 16 2026 10:19:00 GMT+0530 (India Standard Time)","165.95","168.80","164.60","168.80","168.80","177.43","160.16","186.07","151.52","194.71","142.89","230.83","312.62","150.67","392.78","68.88","554.73","-93.07","4913220.00","89245.00"
"Thu Jul 16 2026 10:20:00 GMT+0530 (India Standard Time)","168.80","171.75","166.45","169.80","168.80","177.40","160.20","186.01","151.59","194.61","142.99","230.83","312.62","150.67","392.78","68.88","554.73","-93.07","4909775.00","159900.00"
"Thu Jul 16 2026 10:21:00 GMT+0530 (India Standard Time)","169.80","170.70","167.25","167.80","168.80","177.39","160.21","185.97","151.63","194.56","143.04","230.83","312.62","150.67","392.78","68.88","554.73","-93.07","4942600.00","85150.00"
"Thu Jul 16 2026 10:22:00 GMT+0530 (India Standard Time)","167.80","169.55","166.05","167.75","168.80","177.36","160.23","185.93","151.66","194.50","143.09","230.83","312.62","150.67","392.78","68.88","554.73","-93.07","4946045.00","95550.00"
"Thu Jul 16 2026 10:23:00 GMT+0530 (India Standard Time)","167.75","170.60","166.20","169.00","168.79","177.35","160.24","185.90","151.69","194.45","143.14","230.83","312.62","150.67","392.78","68.88","554.73","-93.07","4929795.00","76960.00"
"Thu Jul 16 2026 10:24:00 GMT+0530 (India Standard Time)","169.00","169.20","165.70","166.75","168.79","177.33","160.25","185.87","151.71","194.41","143.17","230.83","312.62","150.67","392.78","68.88","554.73","-93.07","4937920.00","62270.00"
"Thu Jul 16 2026 10:25:00 GMT+0530 (India Standard Time)","166.75","170.35","166.60","168.75","168.79","177.31","160.26","185.84","151.74","194.37","143.21","230.83","312.62","150.67","392.78","68.88","554.73","-93.07","4923490.00","71370.00"
"Thu Jul 16 2026 10:26:00 GMT+0530 (India Standard Time)","168.75","175.50","168.35","174.20","168.83","177.32","160.33","185.81","151.84","194.31","143.34","230.83","312.62","150.67","392.78","68.88","554.73","-93.07","4935710.00","198250.00"
"Thu Jul 16 2026 10:27:00 GMT+0530 (India Standard Time)","174.20","183.70","174.00","177.35","169.05","177.57","160.54","186.09","152.02","194.61","143.50","230.83","312.62","150.67","392.78","68.88","554.73","-93.07","4918680.00","531765.00"
"Thu Jul 16 2026 10:28:00 GMT+0530 (India Standard Time)","177.35","179.05","170.80","170.80","169.11","177.59","160.62","186.07","152.14","194.55","143.66","230.83","312.62","150.67","392.78","68.88","554.73","-93.07","4878575.00","258700.00"
"Thu Jul 16 2026 10:29:00 GMT+0530 (India Standard Time)","170.80","171.75","167.80","171.20","169.11","177.56","160.67","186.01","152.22","194.46","143.77","230.83","312.62","150.67","392.78","68.88","554.73","-93.07","4839120.00","175240.00"
"Thu Jul 16 2026 10:30:00 GMT+0530 (India Standard Time)","171.20","173.20","169.80","172.35","169.14","177.56","160.71","185.98","152.29","194.40","143.87","230.83","312.62","150.67","392.78","68.88","554.73","-93.07","4855500.00","172380.00"
"Thu Jul 16 2026 10:31:00 GMT+0530 (India Standard Time)","172.40","174.00","169.15","170.15","169.15","177.54","160.76","185.93","152.36","194.33","143.97","230.83","312.62","150.67","392.78","68.88","554.73","-93.07","4947540.00","159575.00"
"Thu Jul 16 2026 10:32:00 GMT+0530 (India Standard Time)","170.15","172.65","169.20","171.30","169.15","177.53","160.78","185.91","152.40","194.29","144.02","230.83","312.62","150.67","392.78","68.88","554.73","-93.07","4957810.00","73970.00"
"Thu Jul 16 2026 10:33:00 GMT+0530 (India Standard Time)","171.30","173.25","169.05","171.80","169.16","177.53","160.80","185.89","152.43","194.26","144.07","230.83","312.62","150.67","392.78","68.88","554.73","-93.07","4999150.00","82745.00"
"Thu Jul 16 2026 10:34:00 GMT+0530 (India Standard Time)","171.80","174.25","170.70","173.85","169.18","177.53","160.83","185.88","152.47","194.24","144.12","230.83","312.62","150.67","392.78","68.88","554.73","-93.07","5021965.00","91585.00"
"Thu Jul 16 2026 10:35:00 GMT+0530 (India Standard Time)","173.85","177.60","173.00","177.50","169.26","177.60","160.92","185.93","152.59","194.27","144.25","230.83","312.62","150.67","392.78","68.88","554.73","-93.07","4996550.00","281580.00"
"Thu Jul 16 2026 10:36:00 GMT+0530 (India Standard Time)","177.10","177.65","170.00","171.00","169.29","177.60","160.99","185.90","152.68","194.21","144.37","230.83","312.62","150.67","392.78","68.88","554.73","-93.07","4980430.00","205335.00"
"Thu Jul 16 2026 10:37:00 GMT+0530 (India Standard Time)","170.45","174.90","170.00","174.90","169.31","177.60","161.03","185.89","152.74","194.18","144.45","230.83","312.62","150.67","392.78","68.88","554.73","-93.07","4968665.00","133900.00"
"Thu Jul 16 2026 10:38:00 GMT+0530 (India Standard Time)","174.00","175.60","171.90","174.70","169.33","177.61","161.06","185.89","152.78","194.16","144.50","230.83","312.62","150.67","392.78","68.88","554.73","-93.07","4981535.00","96980.00"
"Thu Jul 16 2026 10:39:00 GMT+0530 (India Standard Time)","174.70","175.85","173.35","173.90","169.35","177.62","161.08","185.89","152.81","194.16","144.54","230.83","312.62","150.67","392.78","68.88","554.73","-93.07","4984720.00","70330.00"
"Thu Jul 16 2026 10:40:00 GMT+0530 (India Standard Time)","173.85","175.25","169.30","170.75","169.36","177.61","161.12","185.86","152.87","194.10","144.62","230.83","312.62","150.67","392.78","68.88","554.73","-93.07","4962425.00","144950.00"
"Thu Jul 16 2026 10:41:00 GMT+0530 (India Standard Time)","170.75","170.75","164.00","164.20","169.32","177.52","161.12","185.72","152.92","193.92","144.73","230.83","312.62","150.67","392.78","68.88","554.73","-93.07","4952675.00","323570.00"
"Thu Jul 16 2026 10:42:00 GMT+0530 (India Standard Time)","164.20","167.20","163.65","166.60","169.30","177.48","161.12","185.66","152.94","193.84","144.77","230.83","312.62","150.67","392.78","68.88","554.73","-93.07","4864080.00","145600.00"
"Thu Jul 16 2026 10:43:00 GMT+0530 (India Standard Time)","166.60","167.60","164.00","164.90","169.29","177.45","161.12","185.62","152.95","193.78","144.79","230.83","312.62","150.67","392.78","68.88","554.73","-93.07","4884100.00","97760.00"
"Thu Jul 16 2026 10:44:00 GMT+0530 (India Standard Time)","164.90","165.80","162.30","162.30","169.26","177.42","161.10","185.58","152.95","193.73","144.79","230.83","312.62","150.67","392.78","68.88","554.73","-93.07","4918160.00","105560.00"
"Thu Jul 16 2026 10:45:00 GMT+0530 (India Standard Time)","162.30","162.30","158.05","161.05","169.14","177.30","160.97","185.47","152.81","193.64","144.64","230.83","312.62","150.67","392.78","68.88","554.73","-93.07","4942340.00","354965.00"
"Thu Jul 16 2026 10:46:00 GMT+0530 (India Standard Time)","161.05","161.70","155.90","155.90","169.01","177.21","160.80","185.42","152.59","193.63","144.38","230.83","312.62","150.67","392.78","68.88","554.73","-93.07","4918680.00","294775.00"
"Thu Jul 16 2026 10:47:00 GMT+0530 (India Standard Time)","156.15","156.80","152.55","153.00","168.77","177.12","160.42","185.47","152.07","193.83","143.72","230.83","312.62","150.67","392.78","68.88","554.73","-93.07","4921930.00","404235.00"
"Thu Jul 16 2026 10:48:00 GMT+0530 (India Standard Time)","153.00","154.00","151.10","151.75","168.61","177.08","160.15","185.54","151.68","194.01","143.22","230.83","312.62","150.67","392.78","68.88","554.73","-93.07","4941950.00","252590.00"
"Thu Jul 16 2026 10:49:00 GMT+0530 (India Standard Time)","152.20","154.05","151.25","152.35","168.47","177.03","159.91","185.59","151.36","194.15","142.80","230.83","312.62","150.67","392.78","68.88","554.73","-93.07","5019235.00","226980.00"
"Thu Jul 16 2026 10:50:00 GMT+0530 (India Standard Time)","152.70","152.70","143.70","146.50","167.89","177.00","158.77","186.12","149.66","195.23","140.55","230.83","312.62","150.67","392.78","68.88","554.73","-93.07","5147090.00","760110.00"
"Thu Jul 16 2026 10:51:00 GMT+0530 (India Standard Time)","146.50","149.85","145.25","147.70","167.61","176.96","158.26","186.32","148.90","195.67","139.55","230.83","312.62","150.67","392.78","68.88","554.73","-93.07","5303025.00","376545.00"
"Thu Jul 16 2026 10:52:00 GMT+0530 (India Standard Time)","147.55","148.65","146.85","147.65","167.47","176.94","158.01","186.41","148.54","195.87","139.07","230.83","312.62","150.67","392.78","68.88","554.73","-93.07","5407220.00","190385.00"
"Thu Jul 16 2026 10:53:00 GMT+0530 (India Standard Time)","147.65","147.70","145.50","146.90","167.35","176.92","157.78","186.49","148.21","196.06","138.64","230.83","312.62","150.67","392.78","68.88","554.73","-93.07","5491720.00","163605.00"
"Thu Jul 16 2026 10:54:00 GMT+0530 (India Standard Time)","146.90","149.00","146.15","147.95","167.24","176.90","157.58","186.55","147.92","196.21","138.27","230.83","312.62","150.67","392.78","68.88","554.73","-93.07","5544955.00","158470.00"
"Thu Jul 16 2026 10:55:00 GMT+0530 (India Standard Time)","147.95","147.95","142.00","144.00","166.95","176.88","157.02","186.80","147.09","196.73","137.16","230.83","312.62","150.67","392.78","68.88","554.73","-93.07","5631730.00","365235.00"
"Thu Jul 16 2026 10:56:00 GMT+0530 (India Standard Time)","143.80","144.70","141.05","143.20","166.70","176.87","156.53","187.04","146.36","197.21","136.20","230.83","312.62","150.67","392.78","68.88","554.73","-93.07","5753995.00","293605.00"
"Thu Jul 16 2026 10:57:00 GMT+0530 (India Standard Time)","143.20","143.35","139.50","140.90","166.37","176.88","155.86","187.38","145.35","197.89","134.85","230.83","312.62","150.67","392.78","68.88","554.73","-93.07","5857670.00","378885.00"
"Thu Jul 16 2026 10:58:00 GMT+0530 (India Standard Time)","140.90","142.00","140.55","140.95","166.19","176.87","155.50","187.55","144.82","198.24","134.14","230.83","312.62","150.67","392.78","68.88","554.73","-93.07","6019065.00","209170.00"
"Thu Jul 16 2026 10:59:00 GMT+0530 (India Standard Time)","140.95","141.35","137.90","137.95","165.86","176.88","154.84","187.91","143.81","198.93","132.79","230.83","312.62","150.67","392.78","68.88","554.73","-93.07","6115980.00","355615.00"
"Thu Jul 16 2026 11:00:00 GMT+0530 (India Standard Time)","137.90","137.90","131.00","133.50","164.79","177.05","152.52","189.31","140.26","201.57","128.00","230.83","312.62","150.67","392.78","68.88","554.73","-93.07","6264505.00","1036165.00"
"Thu Jul 16 2026 11:01:00 GMT+0530 (India Standard Time)","133.50","134.85","132.00","132.50","164.23","177.08","151.38","189.92","138.53","202.77","125.68","230.83","312.62","150.67","392.78","68.88","554.73","-93.07","6342895.00","548925.00"
"Thu Jul 16 2026 11:02:00 GMT+0530 (India Standard Time)","132.50","135.90","132.30","135.30","163.85","177.04","150.66","190.23","137.47","203.43","124.28","230.83","312.62","150.67","392.78","68.88","554.73","-93.07","6533800.00","397800.00"
"Thu Jul 16 2026 11:03:00 GMT+0530 (India Standard Time)","135.30","137.60","135.10","137.00","163.35","176.92","149.77","190.50","136.19","204.07","122.62","230.83","312.62","150.67","392.78","68.88","554.73","-93.07","6748365.00","593905.00"
"Thu Jul 16 2026 11:04:00 GMT+0530 (India Standard Time)","137.00","140.00","136.65","137.90","162.98","176.79","149.16","190.60","135.35","204.41","121.54","230.83","312.62","150.67","392.78","68.88","554.73","-93.07","6889610.00","480870.00"
"Thu Jul 16 2026 11:05:00 GMT+0530 (India Standard Time)","137.90","142.95","137.60","142.75","162.55","176.56","148.55","190.57","134.54","204.57","120.53","230.83","312.62","150.67","392.78","68.88","554.73","-93.07","7006415.00","641940.00"
"Thu Jul 16 2026 11:06:00 GMT+0530 (India Standard Time)","142.75","144.20","142.30","142.60","162.16","176.30","148.03","190.43","133.90","204.56","119.77","230.83","312.62","150.67","392.78","68.88","554.73","-93.07","7049575.00","677235.00"
"Thu Jul 16 2026 11:07:00 GMT+0530 (India Standard Time)","142.55","144.70","140.60","140.90","161.92","176.14","147.71","190.35","133.49","204.57","119.27","230.83","312.62","150.67","392.78","68.88","554.73","-93.07","7088965.00","412165.00"
"Thu Jul 16 2026 11:08:00 GMT+0530 (India Standard Time)","141.30","142.40","140.30","141.35","161.77","176.04","147.49","190.31","133.22","204.59","118.94","230.83","312.62","150.67","392.78","68.88","554.73","-93.07","7081360.00","261235.00"
"Thu Jul 16 2026 11:09:00 GMT+0530 (India Standard Time)","141.45","144.00","140.70","140.70","161.61","175.93","147.28","190.26","132.95","204.59","118.62","230.83","312.62","150.67","392.78","68.88","554.73","-93.07","7099690.00","280475.00"
"Thu Jul 16 2026 11:10:00 GMT+0530 (India Standard Time)","140.50","142.95","140.45","142.10","161.50","175.86","147.13","190.22","132.77","204.59","118.41","230.83","312.62","150.67","392.78","68.88","554.73","-93.07","7166120.00","192725.00"
"Thu Jul 16 2026 11:11:00 GMT+0530 (India Standard Time)","141.75","141.90","140.25","141.05","161.40","175.80","147.01","190.20","132.61","204.59","118.22","230.83","312.62","150.67","392.78","68.88","554.73","-93.07","7240675.00","159965.00"
"Thu Jul 16 2026 11:12:00 GMT+0530 (India Standard Time)","141.05","143.00","140.90","143.00","161.32","175.74","146.90","190.16","132.48","204.58","118.06","230.83","312.62","150.67","392.78","68.88","554.73","-93.07","7266610.00","154310.00"
"Thu Jul 16 2026 11:13:00 GMT+0530 (India Standard Time)","143.00","143.40","141.00","143.05","161.20","175.65","146.75","190.10","132.29","204.56","117.84","230.83","312.62","150.67","392.78","68.88","554.73","-93.07","7324980.00","229580.00"
"Thu Jul 16 2026 11:14:00 GMT+0530 (India Standard Time)","143.05","145.95","142.80","145.40","160.97","175.45","146.48","189.93","132.00","204.41","117.52","230.83","312.62","150.67","392.78","68.88","554.73","-93.07","7311070.00","512200.00"
"Thu Jul 16 2026 11:15:00 GMT+0530 (India Standard Time)","145.40","145.55","143.20","144.90","160.83","175.32","146.33","189.82","131.83","204.32","117.33","230.83","312.62","150.67","392.78","68.88","554.73","-93.07","7320040.00","311155.00"
"Thu Jul 16 2026 11:16:00 GMT+0530 (India Standard Time)","144.90","146.20","143.50","145.60","160.71","175.22","146.21","189.73","131.70","204.23","117.19","230.83","312.62","150.67","392.78","68.88","554.73","-93.07","7272785.00","260975.00"
"Thu Jul 16 2026 11:17:00 GMT+0530 (India Standard Time)","145.60","149.70","145.60","148.95","160.51","174.98","146.03","189.46","131.55","203.94","117.08","230.83","312.62","150.67","392.78","68.88","554.73","-93.07","7200960.00","606840.00"
"Thu Jul 16 2026 11:18:00 GMT+0530 (India Standard Time)","148.95","149.90","145.30","145.45","160.38","174.85","145.91","189.32","131.44","203.78","116.97","230.83","312.62","150.67","392.78","68.88","554.73","-93.07","7176585.00","354640.00"
"Thu Jul 16 2026 11:19:00 GMT+0530 (India Standard Time)","145.45","149.20","145.45","148.45","160.30","174.76","145.84","189.21","131.38","203.67","116.93","230.83","312.62","150.67","392.78","68.88","554.73","-93.07","7150520.00","243880.00"
"Thu Jul 16 2026 11:20:00 GMT+0530 (India Standard Time)","148.45","149.00","146.80","147.90","160.21","174.65","145.76","189.09","131.32","203.54","116.88","230.83","312.62","150.67","392.78","68.88","554.73","-93.07","7152990.00","279825.00"
"Thu Jul 16 2026 11:21:00 GMT+0530 (India Standard Time)","147.90","147.90","145.15","146.80","160.11","174.55","145.67","188.98","131.24","203.42","116.80","230.83","312.62","150.67","392.78","68.88","554.73","-93.07","7078240.00","275340.00"
"Thu Jul 16 2026 11:22:00 GMT+0530 (India Standard Time)","146.80","147.90","145.65","146.95","160.05","174.48","145.62","188.91","131.18","203.34","116.75","230.83","312.62","150.67","392.78","68.88","554.73","-93.07","7122570.00","183105.00"
"Thu Jul 16 2026 11:23:00 GMT+0530 (India Standard Time)","146.95","148.45","146.00","147.45","159.99","174.42","145.57","188.84","131.14","203.26","116.72","230.83","312.62","150.67","392.78","68.88","554.73","-93.07","7150065.00","168740.00"
"Thu Jul 16 2026 11:24:00 GMT+0530 (India Standard Time)","147.45","149.90","147.40","148.75","159.93","174.33","145.52","188.74","131.11","203.15","116.70","230.83","312.62","150.67","392.78","68.88","554.73","-93.07","7154810.00","223860.00"
"Thu Jul 16 2026 11:25:00 GMT+0530 (India Standard Time)","148.75","148.80","146.95","147.70","159.88","174.28","145.48","188.68","131.08","203.08","116.68","230.83","312.62","150.67","392.78","68.88","554.73","-93.07","7178535.00","148135.00"
"Thu Jul 16 2026 11:26:00 GMT+0530 (India Standard Time)","147.70","149.00","146.30","147.10","159.83","174.22","145.44","188.61","131.04","203.00","116.65","230.83","312.62","150.67","392.78","68.88","554.73","-93.07","7183930.00","166400.00"
"Thu Jul 16 2026 11:27:00 GMT+0530 (India Standard Time)","147.10","147.40","146.15","146.65","159.79","174.18","145.40","188.57","131.02","202.96","116.63","230.83","312.62","150.67","392.78","68.88","554.73","-93.07","7223125.00","106470.00"
"Thu Jul 16 2026 11:28:00 GMT+0530 (India Standard Time)","146.65","150.55","146.65","150.05","159.71","174.07","145.35","188.44","130.98","202.80","116.62","230.83","312.62","150.67","392.78","68.88","554.73","-93.07","7197970.00","312390.00"
"Thu Jul 16 2026 11:29:00 GMT+0530 (India Standard Time)","150.05","151.00","148.55","150.00","159.64","173.98","145.30","188.31","130.97","202.65","116.63","230.83","312.62","150.67","392.78","68.88","554.73","-93.07","7150325.00","278395.00"
"Thu Jul 16 2026 11:30:00 GMT+0530 (India Standard Time)","150.00","151.15","147.35","148.35","159.57","173.89","145.26","188.21","130.94","202.52","116.62","230.83","312.62","150.67","392.78","68.88","554.73","-93.07","7127705.00","251550.00"
"Thu Jul 16 2026 11:31:00 GMT+0530 (India Standard Time)","148.65","149.30","145.75","147.60","159.52","173.83","145.21","188.13","130.90","202.44","116.60","230.83","312.62","150.67","392.78","68.88","554.73","-93.07","7126405.00","185445.00"
"Thu Jul 16 2026 11:32:00 GMT+0530 (India Standard Time)","147.60","148.10","145.35","146.80","159.45","173.75","145.15","188.05","130.85","202.35","116.56","230.83","312.62","150.67","392.78","68.88","554.73","-93.07","7061925.00","207155.00"
"Thu Jul 16 2026 11:33:00 GMT+0530 (India Standard Time)","146.80","148.50","145.75","146.50","159.41","173.70","145.12","188.00","130.82","202.29","116.53","230.83","312.62","150.67","392.78","68.88","554.73","-93.07","7045740.00","144105.00"
"Thu Jul 16 2026 11:34:00 GMT+0530 (India Standard Time)","146.50","148.65","146.00","148.25","159.37","173.66","145.08","187.94","130.80","202.23","116.51","230.83","312.62","150.67","392.78","68.88","554.73","-93.07","7063940.00","132600.00"
"Thu Jul 16 2026 11:35:00 GMT+0530 (India Standard Time)","148.25","148.25","145.00","147.40","159.33","173.61","145.05","187.89","130.77","202.17","116.49","230.83","312.62","150.67","392.78","68.88","554.73","-93.07","7024680.00","142740.00"
"Thu Jul 16 2026 11:36:00 GMT+0530 (India Standard Time)","147.40","147.60","146.00","146.50","159.29","173.57","145.02","187.84","130.74","202.12","116.46","230.83","312.62","150.67","392.78","68.88","554.73","-93.07","7045220.00","118300.00"
"Thu Jul 16 2026 11:37:00 GMT+0530 (India Standard Time)","146.40","151.60","145.95","150.80","159.23","173.48","144.98","187.73","130.73","201.99","116.47","230.83","312.62","150.67","392.78","68.88","554.73","-93.07","7037550.00","257660.00"
"Thu Jul 16 2026 11:38:00 GMT+0530 (India Standard Time)","150.65","152.00","136.70","143.05","158.96","173.23","144.70","187.50","130.43","201.77","116.16","230.83","312.62","150.67","392.78","68.88","554.73","-93.07","7008950.00","731380.00"
"Thu Jul 16 2026 11:39:00 GMT+0530 (India Standard Time)","143.00","145.50","141.60","142.90","158.82","173.10","144.54","187.38","130.26","201.67","115.98","230.83","312.62","150.67","392.78","68.88","554.73","-93.07","6931730.00","388310.00"
"Thu Jul 16 2026 11:40:00 GMT+0530 (India Standard Time)","142.65","144.20","141.05","142.90","158.73","173.02","144.44","187.31","130.14","201.60","115.85","230.83","312.62","150.67","392.78","68.88","554.73","-93.07","6969300.00","252005.00"
"Thu Jul 16 2026 11:41:00 GMT+0530 (India Standard Time)","142.60","143.00","140.60","141.40","158.66","172.97","144.36","187.27","130.05","201.57","115.75","230.83","312.62","150.67","392.78","68.88","554.73","-93.07","6996470.00","164905.00"
"Thu Jul 16 2026 11:42:00 GMT+0530 (India Standard Time)","141.60","146.65","141.05","145.60","158.57","172.87","144.26","187.17","129.96","201.47","115.66","230.83","312.62","150.67","392.78","68.88","554.73","-93.07","7053410.00","291850.00"
"Thu Jul 16 2026 11:43:00 GMT+0530 (India Standard Time)","145.60","149.35","145.60","148.55","158.49","172.77","144.21","187.04","129.93","201.32","115.65","230.83","312.62","150.67","392.78","68.88","554.73","-93.07","7074730.00","325000.00"
"Thu Jul 16 2026 11:44:00 GMT+0530 (India Standard Time)","148.55","149.80","148.00","148.20","158.44","172.70","144.18","186.96","129.92","201.22","115.66","230.83","312.62","150.67","392.78","68.88","554.73","-93.07","7091175.00","211315.00"
"Thu Jul 16 2026 11:45:00 GMT+0530 (India Standard Time)","148.20","149.15","146.65","148.25","158.40","172.65","144.15","186.90","129.90","201.15","115.65","230.83","312.62","150.67","392.78","68.88","554.73","-93.07","7112755.00","160615.00"
"Thu Jul 16 2026 11:46:00 GMT+0530 (India Standard Time)","148.25","149.85","146.20","146.50","158.36","172.60","144.13","186.84","129.89","201.08","115.65","230.83","312.62","150.67","392.78","68.88","554.73","-93.07","7144020.00","150085.00"
"Thu Jul 16 2026 11:47:00 GMT+0530 (India Standard Time)","146.50","148.15","145.40","147.40","158.34","172.57","144.10","186.80","129.87","201.03","115.64","230.83","312.62","150.67","392.78","68.88","554.73","-93.07","7169370.00","110565.00"
"Thu Jul 16 2026 11:48:00 GMT+0530 (India Standard Time)","146.85","149.55","145.85","148.70","158.31","172.53","144.08","186.75","129.86","200.98","115.64","230.83","312.62","150.67","392.78","68.88","554.73","-93.07","7181265.00","118560.00"
"Thu Jul 16 2026 11:49:00 GMT+0530 (India Standard Time)","148.70","149.70","146.60","147.70","158.28","172.49","144.06","186.70","129.85","200.92","115.64","230.83","312.62","150.67","392.78","68.88","554.73","-93.07","7193160.00","134615.00"
"Thu Jul 16 2026 11:50:00 GMT+0530 (India Standard Time)","147.70","151.65","147.15","150.95","158.24","172.44","144.05","186.63","129.85","200.83","115.66","230.83","312.62","150.67","392.78","68.88","554.73","-93.07","7176845.00","170885.00"
"Thu Jul 16 2026 11:51:00 GMT+0530 (India Standard Time)","150.95","154.75","148.50","149.15","158.16","172.29","144.02","186.42","129.89","200.56","115.76","230.83","312.62","150.67","392.78","68.88","554.73","-93.07","7163520.00","537680.00"
"Thu Jul 16 2026 11:52:00 GMT+0530 (India Standard Time)","149.15","151.40","148.30","150.20","158.13","172.24","144.01","186.36","129.89","200.48","115.78","230.83","312.62","150.67","392.78","68.88","554.73","-93.07","7145385.00","157495.00"
"Thu Jul 16 2026 11:53:00 GMT+0530 (India Standard Time)","150.20","150.20","148.00","149.40","158.11","172.21","144.00","186.32","129.89","200.43","115.78","230.83","312.62","150.67","392.78","68.88","554.73","-93.07","7188090.00","103415.00"
"Thu Jul 16 2026 11:54:00 GMT+0530 (India Standard Time)","149.40","150.25","146.05","146.65","158.07","172.16","143.97","186.26","129.88","200.35","115.78","230.83","312.62","150.67","392.78","68.88","554.73","-93.07","7154810.00","171860.00"
"Thu Jul 16 2026 11:55:00 GMT+0530 (India Standard Time)","146.65","148.95","146.60","148.55","158.05","172.14","143.96","186.23","129.87","200.32","115.78","230.83","312.62","150.67","392.78","68.88","554.73","-93.07","7169890.00","72605.00"
"Thu Jul 16 2026 11:56:00 GMT+0530 (India Standard Time)","148.55","148.55","146.75","147.75","158.04","172.13","143.95","186.21","129.87","200.30","115.78","230.83","312.62","150.67","392.78","68.88","554.73","-93.07","7181265.00","56550.00"
"Thu Jul 16 2026 11:57:00 GMT+0530 (India Standard Time)","147.75","148.80","147.20","147.90","158.03","172.11","143.95","186.19","129.86","200.27","115.78","230.83","312.62","150.67","392.78","68.88","554.73","-93.07","7172685.00","56615.00"
"Thu Jul 16 2026 11:58:00 GMT+0530 (India Standard Time)","147.90","149.85","147.50","148.90","158.01","172.08","143.93","186.15","129.86","200.23","115.79","230.83","312.62","150.67","392.78","68.88","554.73","-93.07","7168720.00","94315.00"
"Thu Jul 16 2026 11:59:00 GMT+0530 (India Standard Time)","148.90","149.50","144.95","147.85","157.96","172.03","143.90","186.09","129.84","200.15","115.78","230.83","312.62","150.67","392.78","68.88","554.73","-93.07","7139145.00","188175.00"
"Thu Jul 16 2026 12:00:00 GMT+0530 (India Standard Time)","147.85","149.25","145.80","149.25","157.94","171.99","143.89","186.04","129.84","200.10","115.78","230.83","312.62","150.67","392.78","68.88","554.73","-93.07","7155590.00","114725.00"
"Thu Jul 16 2026 12:01:00 GMT+0530 (India Standard Time)","149.25","152.00","149.10","151.50","157.90","171.92","143.88","185.95","129.86","199.97","115.83","230.83","312.62","150.67","392.78","68.88","554.73","-93.07","7115355.00","260520.00"
"Thu Jul 16 2026 12:02:00 GMT+0530 (India Standard Time)","151.50","153.85","150.15","153.70","157.88","171.88","143.88","185.88","129.88","199.87","115.88","230.83","312.62","150.67","392.78","68.88","554.73","-93.07","7112495.00","186615.00"
"Thu Jul 16 2026 12:03:00 GMT+0530 (India Standard Time)","153.70","157.80","153.10","157.20","157.86","171.79","143.93","185.72","130.00","199.64","116.08","230.83","312.62","150.67","392.78","68.88","554.73","-93.07","7093580.00","484835.00"
"Thu Jul 16 2026 12:04:00 GMT+0530 (India Standard Time)","157.20","159.65","156.00","156.30","157.86","171.72","143.99","185.58","130.13","199.44","116.27","230.83","312.62","150.67","392.78","68.88","554.73","-93.07","7034950.00","453180.00"
"Thu Jul 16 2026 12:05:00 GMT+0530 (India Standard Time)","156.30","156.45","154.20","155.30","157.84","171.67","144.02","185.49","130.19","199.32","116.37","230.83","312.62","150.67","392.78","68.88","554.73","-93.07","6994325.00","256490.00"
"Thu Jul 16 2026 12:06:00 GMT+0530 (India Standard Time)","155.30","157.45","154.65","155.80","157.84","171.64","144.03","185.45","130.22","199.25","116.42","230.83","312.62","150.67","392.78","68.88","554.73","-93.07","7014930.00","139360.00"
"Thu Jul 16 2026 12:07:00 GMT+0530 (India Standard Time)","155.40","157.75","155.00","157.25","157.83","171.62","144.05","185.40","130.26","199.18","116.48","230.83","312.62","150.67","392.78","68.88","554.73","-93.07","7022470.00","152880.00"
"Thu Jul 16 2026 12:08:00 GMT+0530 (India Standard Time)","156.95","157.45","153.75","155.10","157.82","171.58","144.07","185.34","130.31","199.09","116.55","230.83","312.62","150.67","392.78","68.88","554.73","-93.07","7024160.00","197795.00"
"Thu Jul 16 2026 12:09:00 GMT+0530 (India Standard Time)","155.35","156.00","153.95","154.10","157.81","171.55","144.07","185.29","130.33","199.03","116.59","230.83","312.62","150.67","392.78","68.88","554.73","-93.07","7006870.00","122005.00"
"Thu Jul 16 2026 12:10:00 GMT+0530 (India Standard Time)","154.25","155.10","152.40","153.40","157.80","171.52","144.08","185.25","130.36","198.97","116.64","230.83","312.62","150.67","392.78","68.88","554.73","-93.07","7003815.00","141115.00"
"Thu Jul 16 2026 12:11:00 GMT+0530 (India Standard Time)","152.90","153.15","150.75","152.50","157.78","171.48","144.08","185.19","130.38","198.89","116.68","230.83","312.62","150.67","392.78","68.88","554.73","-93.07","6972160.00","172510.00"
"Thu Jul 16 2026 12:12:00 GMT+0530 (India Standard Time)","152.60","154.25","149.75","154.25","157.77","171.45","144.08","185.14","130.40","198.82","116.71","230.83","312.62","150.67","392.78","68.88","554.73","-93.07","6963580.00","145795.00"
"Thu Jul 16 2026 12:13:00 GMT+0530 (India Standard Time)","153.50","157.00","153.30","155.00","157.75","171.40","144.10","185.05","130.45","198.70","116.80","230.83","312.62","150.67","392.78","68.88","554.73","-93.07","6970340.00","259155.00"
"Thu Jul 16 2026 12:14:00 GMT+0530 (India Standard Time)","155.00","158.00","155.00","156.60","157.75","171.37","144.13","184.99","130.51","198.61","116.89","230.83","312.62","150.67","392.78","68.88","554.73","-93.07","6995365.00","216190.00"
"Thu Jul 16 2026 12:15:00 GMT+0530 (India Standard Time)","156.60","158.65","155.40","157.45","157.75","171.34","144.15","184.94","130.55","198.53","116.96","230.83","312.62","150.67","392.78","68.88","554.73","-93.07","6994520.00","172770.00"
"Thu Jul 16 2026 12:16:00 GMT+0530 (India Standard Time)","157.50","159.00","156.75","157.20","157.75","171.32","144.18","184.89","130.61","198.46","117.04","230.83","312.62","150.67","392.78","68.88","554.73","-93.07","6994975.00","192725.00"
"Thu Jul 16 2026 12:17:00 GMT+0530 (India Standard Time)","157.20","157.30","155.00","155.95","157.74","171.29","144.19","184.85","130.64","198.40","117.08","230.83","312.62","150.67","392.78","68.88","554.73","-93.07","6963190.00","124150.00"
"Thu Jul 16 2026 12:18:00 GMT+0530 (India Standard Time)","155.95","158.85","155.35","157.55","157.74","171.28","144.20","184.81","130.67","198.35","117.13","230.83","312.62","150.67","392.78","68.88","554.73","-93.07","6952205.00","127010.00"
"Thu Jul 16 2026 12:19:00 GMT+0530 (India Standard Time)","157.55","158.55","153.60","155.20","157.74","171.25","144.22","184.77","130.70","198.29","117.18","230.83","312.62","150.67","392.78","68.88","554.73","-93.07","6970600.00","134355.00"
"Thu Jul 16 2026 12:20:00 GMT+0530 (India Standard Time)","154.80","155.15","153.75","154.00","157.73","171.23","144.22","184.74","130.72","198.25","117.21","230.83","312.62","150.67","392.78","68.88","554.73","-93.07","6958380.00","99385.00"
"Thu Jul 16 2026 12:21:00 GMT+0530 (India Standard Time)","154.00","156.00","154.00","156.00","157.72","171.22","144.23","184.72","130.73","198.21","117.24","230.83","312.62","150.67","392.78","68.88","554.73","-93.07","6967740.00","73515.00"
"Thu Jul 16 2026 12:22:00 GMT+0530 (India Standard Time)","156.00","159.00","155.30","155.90","157.72","171.20","144.24","184.68","130.77","198.15","117.29","230.83","312.62","150.67","392.78","68.88","554.73","-93.07","6959875.00","141050.00"
"Thu Jul 16 2026 12:23:00 GMT+0530 (India Standard Time)","155.90","157.60","155.80","157.40","157.72","171.19","144.25","184.66","130.78","198.13","117.31","230.83","312.62","150.67","392.78","68.88","554.73","-93.07","6967025.00","54730.00"
"Thu Jul 16 2026 12:24:00 GMT+0530 (India Standard Time)","157.40","158.40","153.00","153.90","157.71","171.16","144.26","184.61","130.82","198.06","117.37","230.83","312.62","150.67","392.78","68.88","554.73","-93.07","6957535.00","170430.00"
"Thu Jul 16 2026 12:25:00 GMT+0530 (India Standard Time)","153.90","154.15","145.90","147.25","157.62","171.03","144.22","184.43","130.81","197.84","117.40","230.83","312.62","150.67","392.78","68.88","554.73","-93.07","6760520.00","537225.00"
"Thu Jul 16 2026 12:26:00 GMT+0530 (India Standard Time)","147.25","148.75","145.90","147.65","157.58","170.98","144.19","184.37","130.79","197.76","117.40","230.83","312.62","150.67","392.78","68.88","554.73","-93.07","6794450.00","209300.00"
"Thu Jul 16 2026 12:27:00 GMT+0530 (India Standard Time)","147.65","151.50","147.65","148.00","157.55","170.92","144.17","184.30","130.79","197.68","117.41","230.83","312.62","150.67","392.78","68.88","554.73","-93.07","6863675.00","213525.00"
"Thu Jul 16 2026 12:28:00 GMT+0530 (India Standard Time)","148.00","148.20","142.55","143.90","157.43","170.80","144.06","184.17","130.69","197.54","117.32","230.83","312.62","150.67","392.78","68.88","554.73","-93.07","6853080.00","474695.00"
"Thu Jul 16 2026 12:29:00 GMT+0530 (India Standard Time)","143.90","145.20","141.00","143.05","157.37","170.74","143.99","184.12","130.62","197.49","117.24","230.83","312.62","150.67","392.78","68.88","554.73","-93.07","6917300.00","228020.00"
"Thu Jul 16 2026 12:30:00 GMT+0530 (India Standard Time)","143.05","148.15","143.05","147.40","157.30","170.66","143.94","184.02","130.57","197.39","117.21","230.83","312.62","150.67","392.78","68.88","554.73","-93.07","6954350.00","328120.00"
"Thu Jul 16 2026 12:31:00 GMT+0530 (India Standard Time)","147.40","149.20","146.65","146.80","157.26","170.62","143.91","183.97","130.56","197.32","117.21","230.83","312.62","150.67","392.78","68.88","554.73","-93.07","6957795.00","180180.00"
"Thu Jul 16 2026 12:32:00 GMT+0530 (India Standard Time)","146.80","149.40","146.05","148.30","157.23","170.57","143.89","183.91","130.55","197.24","117.21","230.83","312.62","150.67","392.78","68.88","554.73","-93.07","6930300.00","210275.00"
"Thu Jul 16 2026 12:33:00 GMT+0530 (India Standard Time)","148.30","151.75","148.20","151.75","157.20","170.52","143.88","183.84","130.56","197.15","117.25","230.83","312.62","150.67","392.78","68.88","554.73","-93.07","6906900.00","219310.00"
"Thu Jul 16 2026 12:34:00 GMT+0530 (India Standard Time)","151.75","153.95","149.10","150.00","157.17","170.46","143.88","183.75","130.59","197.04","117.29","230.83","312.62","150.67","392.78","68.88","554.73","-93.07","6907550.00","269425.00"
"Thu Jul 16 2026 12:35:00 GMT+0530 (India Standard Time)","150.00","153.00","148.30","150.55","157.15","170.42","143.87","183.70","130.60","196.97","117.32","230.83","312.62","150.67","392.78","68.88","554.73","-93.07","6955650.00","178360.00"
"Thu Jul 16 2026 12:36:00 GMT+0530 (India Standard Time)","150.55","150.90","149.00","150.15","157.13","170.40","143.87","183.67","130.60","196.93","117.34","230.83","312.62","150.67","392.78","68.88","554.73","-93.07","6980805.00","105300.00"
"Thu Jul 16 2026 12:37:00 GMT+0530 (India Standard Time)","150.15","152.90","150.00","152.50","157.12","170.38","143.87","183.64","130.61","196.89","117.36","230.83","312.62","150.67","392.78","68.88","554.73","-93.07","6967285.00","88335.00"
"Thu Jul 16 2026 12:38:00 GMT+0530 (India Standard Time)","152.90","154.45","152.20","153.00","157.11","170.35","143.87","183.59","130.64","196.83","117.40","230.83","312.62","150.67","392.78","68.88","554.73","-93.07","6971770.00","165165.00"
"Thu Jul 16 2026 12:39:00 GMT+0530 (India Standard Time)","153.40","154.00","151.95","153.50","157.10","170.33","143.88","183.55","130.66","196.78","117.43","230.83","312.62","150.67","392.78","68.88","554.73","-93.07","6957145.00","123825.00"
"Thu Jul 16 2026 12:40:00 GMT+0530 (India Standard Time)","153.50","155.50","153.40","153.55","157.10","170.30","143.89","183.51","130.68","196.71","117.48","230.83","312.62","150.67","392.78","68.88","554.73","-93.07","6904105.00","159770.00"
"Thu Jul 16 2026 12:41:00 GMT+0530 (India Standard Time)","154.20","156.60","153.95","155.45","157.09","170.27","143.90","183.46","130.72","196.65","117.53","230.83","312.62","150.67","392.78","68.88","554.73","-93.07","6887660.00","173420.00"
"Thu Jul 16 2026 12:42:00 GMT+0530 (India Standard Time)","155.75","162.30","155.00","162.30","157.11","170.25","143.96","183.40","130.82","196.54","117.68","230.83","312.62","150.67","392.78","68.88","554.73","-93.07","6819215.00","361465.00"
"Thu Jul 16 2026 12:43:00 GMT+0530 (India Standard Time)","160.95","167.75","158.45","163.80","157.19","170.27","144.12","183.34","131.05","196.41","117.97","230.83","312.62","150.67","392.78","68.88","554.73","-93.07","6767020.00","767715.00"
"Thu Jul 16 2026 12:44:00 GMT+0530 (India Standard Time)","163.80","163.80","159.45","162.20","157.24","170.26","144.21","183.28","131.19","196.30","118.17","230.83","312.62","150.67","392.78","68.88","554.73","-93.07","6891495.00","506805.00"
"Thu Jul 16 2026 12:45:00 GMT+0530 (India Standard Time)","162.20","164.00","159.75","160.60","157.26","170.25","144.26","183.24","131.27","196.23","118.28","230.83","312.62","150.67","392.78","68.88","554.73","-93.07","6892405.00","282815.00"
"Thu Jul 16 2026 12:46:00 GMT+0530 (India Standard Time)","160.60","161.50","159.75","160.00","157.26","170.24","144.29","183.22","131.31","196.20","118.33","230.83","312.62","150.67","392.78","68.88","554.73","-93.07","6895070.00","138580.00"
"Thu Jul 16 2026 12:47:00 GMT+0530 (India Standard Time)","159.75","161.95","159.20","160.60","157.27","170.23","144.31","183.20","131.35","196.16","118.38","230.83","312.62","150.67","392.78","68.88","554.73","-93.07","6860165.00","132015.00"
"Thu Jul 16 2026 12:48:00 GMT+0530 (India Standard Time)","160.45","161.65","160.00","160.70","157.28","170.23","144.32","183.19","131.37","196.14","118.41","230.83","312.62","150.67","392.78","68.88","554.73","-93.07","6868030.00","72605.00"
"Thu Jul 16 2026 12:49:00 GMT+0530 (India Standard Time)","160.70","162.70","160.70","161.00","157.28","170.23","144.34","183.17","131.39","196.12","118.45","230.83","312.62","150.67","392.78","68.88","554.73","-93.07","6865105.00","95680.00"
"Thu Jul 16 2026 12:50:00 GMT+0530 (India Standard Time)","161.00","161.45","158.85","159.30","157.29","170.22","144.36","183.15","131.43","196.08","118.50","230.83","312.62","150.67","392.78","68.88","554.73","-93.07","6865105.00","138255.00"
"Thu Jul 16 2026 12:51:00 GMT+0530 (India Standard Time)","159.30","162.40","159.30","162.15","157.30","170.22","144.38","183.13","131.47","196.05","118.55","230.83","312.62","150.67","392.78","68.88","554.73","-93.07","6847295.00","136825.00"
"Thu Jul 16 2026 12:52:00 GMT+0530 (India Standard Time)","162.15","162.15","158.35","161.00","157.31","170.21","144.41","183.11","131.50","196.01","118.60","230.83","312.62","150.67","392.78","68.88","554.73","-93.07","6856850.00","141180.00"
"Thu Jul 16 2026 12:53:00 GMT+0530 (India Standard Time)","161.00","166.55","160.95","166.55","157.35","170.23","144.48","183.10","131.60","195.98","118.73","230.83","312.62","150.67","392.78","68.88","554.73","-93.07","6843265.00","346450.00"
"Thu Jul 16 2026 12:54:00 GMT+0530 (India Standard Time)","166.55","169.30","163.15","163.55","157.41","170.26","144.56","183.10","131.72","195.95","118.87","230.83","312.62","150.67","392.78","68.88","554.73","-93.07","6851910.00","421070.00"
"Thu Jul 16 2026 12:55:00 GMT+0530 (India Standard Time)","163.55","168.05","163.55","165.45","157.43","170.27","144.60","183.10","131.76","195.94","118.93","230.83","312.62","150.67","392.78","68.88","554.73","-93.07","6854640.00","172965.00"
"Thu Jul 16 2026 12:56:00 GMT+0530 (India Standard Time)","165.45","167.40","164.55","166.35","157.45","170.28","144.62","183.11","131.80","195.94","118.97","230.83","312.62","150.67","392.78","68.88","554.73","-93.07","6847555.00","123955.00"
"Thu Jul 16 2026 12:57:00 GMT+0530 (India Standard Time)","165.70","167.25","164.80","167.05","157.47","170.29","144.65","183.11","131.83","195.93","119.01","230.83","312.62","150.67","392.78","68.88","554.73","-93.07","6838455.00","120575.00"
"Thu Jul 16 2026 12:58:00 GMT+0530 (India Standard Time)","167.05","168.80","166.25","167.65","157.50","170.32","144.69","183.13","131.87","195.94","119.06","230.83","312.62","150.67","392.78","68.88","554.73","-93.07","6782555.00","181740.00"
"Thu Jul 16 2026 12:59:00 GMT+0530 (India Standard Time)","167.65","168.45","166.65","168.30","157.52","170.33","144.71","183.14","131.90","195.95","119.09","230.83","312.62","150.67","392.78","68.88","554.73","-93.07","6724250.00","107445.00"
"Thu Jul 16 2026 13:00:00 GMT+0530 (India Standard Time)","168.30","177.80","168.30","176.40","157.76","170.63","144.89","183.50","132.02","196.37","119.15","230.83","312.62","150.67","392.78","68.88","554.73","-93.07","6693830.00","853905.00"
"Thu Jul 16 2026 13:01:00 GMT+0530 (India Standard Time)","176.40","176.60","167.40","167.40","157.86","170.72","144.99","183.59","132.12","196.46","119.25","230.83","312.62","150.67","392.78","68.88","554.73","-93.07","6550180.00","457145.00"
"Thu Jul 16 2026 13:02:00 GMT+0530 (India Standard Time)","167.40","171.10","166.20","170.00","157.89","170.76","145.03","183.62","132.17","196.48","119.30","230.83","312.62","150.67","392.78","68.88","554.73","-93.07","6477575.00","208715.00"
"Thu Jul 16 2026 13:03:00 GMT+0530 (India Standard Time)","170.00","170.95","168.70","170.05","157.91","170.78","145.05","183.64","132.19","196.50","119.33","230.83","312.62","150.67","392.78","68.88","554.73","-93.07","6454955.00","101335.00"
"Thu Jul 16 2026 13:04:00 GMT+0530 (India Standard Time)","170.05","171.30","163.90","164.05","157.95","170.80","145.10","183.64","132.25","196.49","119.41","230.83","312.62","150.67","392.78","68.88","554.73","-93.07","6446895.00","242905.00"
"Thu Jul 16 2026 13:05:00 GMT+0530 (India Standard Time)","164.05","167.70","164.05","167.50","157.97","170.81","145.14","183.65","132.30","196.48","119.46","230.83","312.62","150.67","392.78","68.88","554.73","-93.07","6396130.00","175500.00"
"Thu Jul 16 2026 13:06:00 GMT+0530 (India Standard Time)","167.50","168.70","165.15","166.00","157.99","170.82","145.16","183.65","132.33","196.48","119.50","230.83","312.62","150.67","392.78","68.88","554.73","-93.07","6374745.00","120185.00"
"Thu Jul 16 2026 13:07:00 GMT+0530 (India Standard Time)","166.00","168.45","164.60","166.40","158.00","170.83","145.18","183.65","132.35","196.48","119.53","230.83","312.62","150.67","392.78","68.88","554.73","-93.07","6389370.00","93340.00"
"Thu Jul 16 2026 13:08:00 GMT+0530 (India Standard Time)","166.65","166.90","164.30","164.65","158.01","170.83","145.19","183.65","132.37","196.47","119.56","230.83","312.62","150.67","392.78","68.88","554.73","-93.07","6396520.00","77805.00"
"Thu Jul 16 2026 13:09:00 GMT+0530 (India Standard Time)","165.00","167.10","164.40","166.80","158.03","170.84","145.21","183.65","132.40","196.46","119.59","230.83","312.62","150.67","392.78","68.88","554.73","-93.07","6403085.00","97110.00"
"Thu Jul 16 2026 13:10:00 GMT+0530 (India Standard Time)","166.35","170.70","165.55","170.20","158.06","170.86","145.25","183.67","132.44","196.48","119.63","230.83","312.62","150.67","392.78","68.88","554.73","-93.07","6389240.00","173875.00"
"Thu Jul 16 2026 13:11:00 GMT+0530 (India Standard Time)","169.90","171.35","168.45","171.25","158.08","170.89","145.28","183.70","132.47","196.50","119.66","230.83","312.62","150.67","392.78","68.88","554.73","-93.07","6388980.00","138840.00"
"Thu Jul 16 2026 13:12:00 GMT+0530 (India Standard Time)","170.70","171.75","168.00","168.00","158.10","170.91","145.30","183.71","132.50","196.51","119.69","230.83","312.62","150.67","392.78","68.88","554.73","-93.07","6371365.00","112775.00"
"Thu Jul 16 2026 13:13:00 GMT+0530 (India Standard Time)","168.60","169.00","166.20","167.75","158.12","170.92","145.32","183.72","132.52","196.52","119.72","230.83","312.62","150.67","392.78","68.88","554.73","-93.07","6365645.00","104130.00"
"Thu Jul 16 2026 13:14:00 GMT+0530 (India Standard Time)","167.95","170.00","165.25","170.00","158.14","170.93","145.34","183.73","132.55","196.52","119.75","230.83","312.62","150.67","392.78","68.88","554.73","-93.07","6346405.00","101335.00"
"Thu Jul 16 2026 13:15:00 GMT+0530 (India Standard Time)","169.95","178.55","169.80","177.10","158.26","171.09","145.43","183.92","132.60","196.75","119.77","230.83","312.62","150.67","392.78","68.88","554.73","-93.07","6344520.00","458835.00"
"Thu Jul 16 2026 13:16:00 GMT+0530 (India Standard Time)","177.10","178.65","173.35","174.45","158.34","171.20","145.49","184.05","132.64","196.91","119.78","230.83","312.62","150.67","392.78","68.88","554.73","-93.07","6313450.00","302185.00"
"Thu Jul 16 2026 13:17:00 GMT+0530 (India Standard Time)","174.45","176.60","173.60","175.80","158.38","171.24","145.51","184.11","132.65","196.97","119.79","230.83","312.62","150.67","392.78","68.88","554.73","-93.07","6282185.00","120965.00"
"Thu Jul 16 2026 13:18:00 GMT+0530 (India Standard Time)","175.80","178.00","173.75","174.90","158.44","171.32","145.56","184.20","132.67","197.08","119.79","230.83","312.62","150.67","392.78","68.88","554.73","-93.07","6275620.00","218335.00"
"Thu Jul 16 2026 13:19:00 GMT+0530 (India Standard Time)","174.90","175.00","173.50","173.50","158.45","171.34","145.57","184.22","132.69","197.11","119.80","230.83","312.62","150.67","392.78","68.88","554.73","-93.07","6220890.00","71370.00"
"Thu Jul 16 2026 13:20:00 GMT+0530 (India Standard Time)","173.50","174.75","170.70","170.70","158.49","171.38","145.61","184.27","132.72","197.15","119.83","230.83","312.62","150.67","392.78","68.88","554.73","-93.07","6205680.00","172640.00"
"Thu Jul 16 2026 13:21:00 GMT+0530 (India Standard Time)","170.70","173.50","170.00","171.45","158.52","171.40","145.63","184.29","132.74","197.18","119.85","230.83","312.62","150.67","392.78","68.88","554.73","-93.07","6156085.00","111345.00"
"Thu Jul 16 2026 13:22:00 GMT+0530 (India Standard Time)","171.45","174.90","170.30","174.90","158.53","171.42","145.64","184.31","132.75","197.20","119.86","230.83","312.62","150.67","392.78","68.88","554.73","-93.07","6146530.00","79495.00"
"Thu Jul 16 2026 13:23:00 GMT+0530 (India Standard Time)","175.25","177.00","173.95","175.85","158.57","171.48","145.67","184.38","132.77","197.28","119.87","230.83","312.62","150.67","392.78","68.88","554.73","-93.07","6146465.00","153790.00"
"Thu Jul 16 2026 13:24:00 GMT+0530 (India Standard Time)","175.85","177.75","174.70","176.90","158.61","171.53","145.70","184.44","132.79","197.36","119.87","230.83","312.62","150.67","392.78","68.88","554.73","-93.07","6158035.00","139750.00"
"Thu Jul 16 2026 13:25:00 GMT+0530 (India Standard Time)","176.90","184.60","176.85","182.45","158.89","171.96","145.82","185.04","132.74","198.11","119.67","230.83","312.62","150.67","392.78","68.88","554.73","-93.07","5946655.00","783640.00"
"Thu Jul 16 2026 13:26:00 GMT+0530 (India Standard Time)","182.65","186.90","182.65","182.85","159.10","172.32","145.88","185.54","132.66","198.76","119.44","230.83","312.62","150.67","392.78","68.88","554.73","-93.07","5887245.00","539825.00"
"Thu Jul 16 2026 13:27:00 GMT+0530 (India Standard Time)","182.85","185.45","182.45","184.70","159.20","172.49","145.91","185.77","132.62","199.06","119.34","230.83","312.62","150.67","392.78","68.88","554.73","-93.07","5827835.00","257140.00"
"Thu Jul 16 2026 13:28:00 GMT+0530 (India Standard Time)","184.70","184.70","181.65","182.15","159.28","172.61","145.94","185.94","132.61","199.28","119.27","230.83","312.62","150.67","392.78","68.88","554.73","-93.07","5800730.00","213785.00"
"Thu Jul 16 2026 13:29:00 GMT+0530 (India Standard Time)","182.10","184.20","181.90","182.50","159.32","172.69","145.96","186.05","132.60","199.41","119.24","230.83","312.62","150.67","392.78","68.88","554.73","-93.07","5728320.00","137995.00"
"Thu Jul 16 2026 13:30:00 GMT+0530 (India Standard Time)","182.50","203.85","182.50","199.15","159.96","174.02","145.90","188.07","131.84","202.13","117.78","230.83","312.62","150.67","392.78","68.88","554.73","-93.07","5646615.00","1176760.00"
"Thu Jul 16 2026 13:31:00 GMT+0530 (India Standard Time)","199.15","209.30","198.50","207.60","160.50","175.31","145.68","190.12","130.87","204.94","116.06","230.83","312.62","150.67","392.78","68.88","554.73","-93.07","5348460.00","810225.00"
"Thu Jul 16 2026 13:32:00 GMT+0530 (India Standard Time)","207.60","208.15","198.40","201.85","160.76","175.90","145.62","191.04","130.48","206.19","115.34","230.83","312.62","150.67","392.78","68.88","554.73","-93.07","5186090.00","427700.00"
"Thu Jul 16 2026 13:33:00 GMT+0530 (India Standard Time)","201.85","206.45","198.20","205.20","160.94","176.30","145.58","191.65","130.23","207.01","114.87","230.83","312.62","150.67","392.78","68.88","554.73","-93.07","5085925.00","285415.00"
"Thu Jul 16 2026 13:34:00 GMT+0530 (India Standard Time)","205.20","205.35","198.40","200.45","161.05","176.53","145.57","192.00","130.10","207.48","114.62","230.83","312.62","150.67","392.78","68.88","554.73","-93.07","5028400.00","182975.00"
"Thu Jul 16 2026 13:35:00 GMT+0530 (India Standard Time)","200.45","203.20","199.40","201.65","161.18","176.81","145.56","192.43","129.93","208.06","114.31","230.83","312.62","150.67","392.78","68.88","554.73","-93.07","5008445.00","228865.00"
"Thu Jul 16 2026 13:36:00 GMT+0530 (India Standard Time)","201.65","203.10","199.90","201.35","161.26","176.96","145.55","192.67","129.85","208.38","114.14","230.83","312.62","150.67","392.78","68.88","554.73","-93.07","4975620.00","127725.00"
"Thu Jul 16 2026 13:37:00 GMT+0530 (India Standard Time)","201.35","216.40","201.35","212.50","161.60","177.77","145.43","193.95","129.25","210.12","113.08","230.83","312.62","150.67","392.78","68.88","554.73","-93.07","4986475.00","487565.00"
"Thu Jul 16 2026 13:38:00 GMT+0530 (India Standard Time)","212.45","219.00","212.45","216.70","161.94","178.63","145.26","195.32","128.57","212.01","111.88","230.83","312.62","150.67","392.78","68.88","554.73","-93.07","4920760.00","439985.00"
"Thu Jul 16 2026 13:39:00 GMT+0530 (India Standard Time)","217.05","218.25","214.80","216.65","162.18","179.21","145.15","196.25","128.11","213.28","111.08","230.83","312.62","150.67","392.78","68.88","554.73","-93.07","4828655.00","303030.00"
"Thu Jul 16 2026 13:40:00 GMT+0530 (India Standard Time)","216.80","231.75","216.50","226.00","162.68","180.54","144.82","198.39","126.97","216.25","109.11","230.83","312.62","150.67","392.78","68.88","554.73","-93.07","4760145.00","565045.00"
"Thu Jul 16 2026 13:41:00 GMT+0530 (India Standard Time)","225.65","231.80","223.95","231.50","162.94","181.24","144.64","199.53","126.35","217.83","108.05","230.83","312.62","150.67","392.78","68.88","554.73","-93.07","4668755.00","276835.00"
"Thu Jul 16 2026 13:42:00 GMT+0530 (India Standard Time)","229.25","231.90","224.60","225.30","163.16","181.82","144.51","200.47","125.86","219.13","107.20","230.83","312.62","150.67","392.78","68.88","554.73","-93.07","4602130.00","248235.00"
"Thu Jul 16 2026 13:43:00 GMT+0530 (India Standard Time)","225.25","227.10","222.80","226.40","163.33","182.23","144.43","201.13","125.53","220.02","106.63","230.83","312.62","150.67","392.78","68.88","554.73","-93.07","4569045.00","186875.00"
"Thu Jul 16 2026 13:44:00 GMT+0530 (India Standard Time)","226.00","232.55","225.15","230.80","163.59","182.91","144.27","202.23","124.96","221.54","105.64","230.83","312.62","150.67","392.78","68.88","554.73","-93.07","4541940.00","286000.00"
"Thu Jul 16 2026 13:45:00 GMT+0530 (India Standard Time)","231.05","231.05","220.65","225.80","163.87","183.58","144.15","203.29","124.44","223.01","104.73","230.83","312.62","150.67","392.78","68.88","554.73","-93.07","4497480.00","319540.00"
"Thu Jul 16 2026 13:46:00 GMT+0530 (India Standard Time)","225.80","226.45","220.30","222.60","163.98","183.84","144.12","203.70","124.26","223.56","104.40","230.83","312.62","150.67","392.78","68.88","554.73","-93.07","4411355.00","134420.00"
"Thu Jul 16 2026 13:47:00 GMT+0530 (India Standard Time)","222.60","226.60","222.00","222.00","164.09","184.09","144.08","204.09","124.08","224.10","104.08","230.83","312.62","150.67","392.78","68.88","554.73","-93.07","4339790.00","131105.00"
"Thu Jul 16 2026 13:48:00 GMT+0530 (India Standard Time)","222.00","225.00","221.40","222.65","164.17","184.28","144.06","204.40","123.94","224.51","103.83","230.83","312.62","150.67","392.78","68.88","554.73","-93.07","4293770.00","103545.00"
"Thu Jul 16 2026 13:49:00 GMT+0530 (India Standard Time)","222.65","225.85","222.00","223.30","164.23","184.42","144.04","204.61","123.85","224.80","103.66","230.83","312.62","150.67","392.78","68.88","554.73","-93.07","4278820.00","73255.00"
"Thu Jul 16 2026 13:50:00 GMT+0530 (India Standard Time)","223.30","223.70","219.45","220.10","164.33","184.65","144.02","204.96","123.70","225.28","103.39","230.83","312.62","150.67","392.78","68.88","554.73","-93.07","4268030.00","128700.00"
"Thu Jul 16 2026 13:51:00 GMT+0530 (India Standard Time)","220.50","221.60","209.35","209.35","164.50","184.98","144.02","205.45","123.54","225.93","103.06","230.83","312.62","150.67","392.78","68.88","554.73","-93.07","4211480.00","244920.00"
"Thu Jul 16 2026 13:52:00 GMT+0530 (India Standard Time)","209.35","212.70","208.70","211.95","164.60","185.18","144.03","205.76","123.45","226.34","102.87","230.83","312.62","150.67","392.78","68.88","554.73","-93.07","4126330.00","169130.00"
"Thu Jul 16 2026 13:53:00 GMT+0530 (India Standard Time)","211.55","215.30","205.30","214.20","164.73","185.42","144.04","206.11","123.34","226.80","102.65","230.83","312.62","150.67","392.78","68.88","554.73","-93.07","4101955.00","192920.00"
"Thu Jul 16 2026 13:54:00 GMT+0530 (India Standard Time)","214.20","214.55","209.50","209.60","164.79","185.53","144.04","206.28","123.30","227.02","102.55","230.83","312.62","150.67","392.78","68.88","554.73","-93.07","4095455.00","93860.00"
"Thu Jul 16 2026 13:55:00 GMT+0530 (India Standard Time)","209.50","210.00","204.90","204.90","164.86","185.66","144.06","206.46","123.26","227.26","102.46","230.83","312.62","150.67","392.78","68.88","554.73","-93.07","4098705.00","125320.00"
"Thu Jul 16 2026 13:56:00 GMT+0530 (India Standard Time)","205.30","205.30","197.80","203.40","164.99","185.88","144.11","206.76","123.23","227.64","102.35","230.83","312.62","150.67","392.78","68.88","554.73","-93.07","4089865.00","265915.00"
"Thu Jul 16 2026 13:57:00 GMT+0530 (India Standard Time)","203.40","205.75","202.00","203.90","165.05","185.97","144.13","206.90","123.21","227.82","102.29","230.83","312.62","150.67","392.78","68.88","554.73","-93.07","4087655.00","112970.00"
"Thu Jul 16 2026 13:58:00 GMT+0530 (India Standard Time)","203.90","203.90","200.55","200.55","165.09","186.04","144.15","206.98","123.20","227.93","102.26","230.83","312.62","150.67","392.78","68.88","554.73","-93.07","4098055.00","83070.00"
"Thu Jul 16 2026 13:59:00 GMT+0530 (India Standard Time)","200.80","202.75","194.60","195.75","165.17","186.16","144.19","207.14","123.21","228.12","102.23","230.83","312.62","150.67","392.78","68.88","554.73","-93.07","4094805.00","182390.00"
"Thu Jul 16 2026 14:00:00 GMT+0530 (India Standard Time)","195.75","200.00","193.15","195.80","165.25","186.26","144.24","207.27","123.23","228.28","102.21","230.83","312.62","150.67","392.78","68.88","554.73","-93.07","4129775.00","176735.00"
"Thu Jul 16 2026 14:01:00 GMT+0530 (India Standard Time)","195.80","198.00","194.45","196.25","165.29","186.32","144.26","207.35","123.23","228.38","102.21","230.83","312.62","150.67","392.78","68.88","554.73","-93.07","4145895.00","101205.00"
"Thu Jul 16 2026 14:02:00 GMT+0530 (India Standard Time)","196.25","199.10","190.45","193.60","165.36","186.41","144.31","207.46","123.26","228.51","102.21","230.83","312.62","150.67","392.78","68.88","554.73","-93.07","4137575.00","177255.00"
"Thu Jul 16 2026 14:03:00 GMT+0530 (India Standard Time)","193.60","196.40","192.30","195.35","165.41","186.48","144.34","207.54","123.27","228.61","102.21","230.83","312.62","150.67","392.78","68.88","554.73","-93.07","4131725.00","125060.00"
"Thu Jul 16 2026 14:04:00 GMT+0530 (India Standard Time)","195.35","198.95","194.00","196.50","165.46","186.55","144.37","207.64","123.28","228.73","102.20","230.83","312.62","150.67","392.78","68.88","554.73","-93.07","4137575.00","126165.00"
"Thu Jul 16 2026 14:05:00 GMT+0530 (India Standard Time)","196.50","197.35","191.90","191.95","165.49","186.59","144.40","207.69","123.30","228.79","102.20","230.83","312.62","150.67","392.78","68.88","554.73","-93.07","4136210.00","86775.00"
"Thu Jul 16 2026 14:06:00 GMT+0530 (India Standard Time)","191.95","193.85","188.35","188.90","165.55","186.66","144.44","207.77","123.34","228.87","102.23","230.83","312.62","150.67","392.78","68.88","554.73","-93.07","4145505.00","169195.00"
"Thu Jul 16 2026 14:07:00 GMT+0530 (India Standard Time)","188.90","195.20","188.40","194.80","165.59","186.71","144.47","207.82","123.35","228.94","102.24","230.83","312.62","150.67","392.78","68.88","554.73","-93.07","4150965.00","107250.00"
"Thu Jul 16 2026 14:08:00 GMT+0530 (India Standard Time)","194.15","197.45","192.45","197.45","165.63","186.76","144.50","207.90","123.37","229.03","102.23","230.83","312.62","150.67","392.78","68.88","554.73","-93.07","4156685.00","103220.00"
"Thu Jul 16 2026 14:09:00 GMT+0530 (India Standard Time)","198.20","198.60","195.65","198.00","165.69","186.84","144.53","208.00","123.38","229.16","102.22","230.83","312.62","150.67","392.78","68.88","554.73","-93.07","4167020.00","134160.00"
"Thu Jul 16 2026 14:10:00 GMT+0530 (India Standard Time)","198.00","199.90","196.55","196.55","165.76","186.94","144.57","208.13","123.39","229.32","102.20","230.83","312.62","150.67","392.78","68.88","554.73","-93.07","4164940.00","167830.00"
"Thu Jul 16 2026 14:11:00 GMT+0530 (India Standard Time)","195.75","196.75","193.95","195.65","165.79","186.99","144.59","208.19","123.40","229.38","102.20","230.83","312.62","150.67","392.78","68.88","554.73","-93.07","4195165.00","82550.00"
"Thu Jul 16 2026 14:12:00 GMT+0530 (India Standard Time)","195.65","196.65","193.85","194.50","165.82","187.02","144.61","208.23","123.41","229.44","102.20","230.83","312.62","150.67","392.78","68.88","554.73","-93.07","4180995.00","69680.00"
"Thu Jul 16 2026 14:13:00 GMT+0530 (India Standard Time)","194.95","195.10","190.55","193.00","165.86","187.08","144.64","208.29","123.43","229.51","102.21","230.83","312.62","150.67","392.78","68.88","554.73","-93.07","4170465.00","117065.00"
"Thu Jul 16 2026 14:14:00 GMT+0530 (India Standard Time)","193.00","196.90","193.00","195.70","165.90","187.13","144.67","208.36","123.44","229.59","102.21","230.83","312.62","150.67","392.78","68.88","554.73","-93.07","4149405.00","101335.00"
"Thu Jul 16 2026 14:15:00 GMT+0530 (India Standard Time)","195.20","196.30","194.05","194.95","165.92","187.15","144.68","208.39","123.45","229.62","102.21","230.83","312.62","150.67","392.78","68.88","554.73","-93.07","4151550.00","44005.00"
"Thu Jul 16 2026 14:16:00 GMT+0530 (India Standard Time)","194.60","194.60","189.00","189.30","165.96","187.20","144.72","208.44","123.48","229.69","102.23","230.83","312.62","150.67","392.78","68.88","554.73","-93.07","4139785.00","135265.00"
"Thu Jul 16 2026 14:17:00 GMT+0530 (India Standard Time)","189.30","191.50","181.55","181.90","166.02","187.25","144.78","208.49","123.55","229.73","102.31","230.83","312.62","150.67","392.78","68.88","554.73","-93.07","4148365.00","233675.00"
"Thu Jul 16 2026 14:18:00 GMT+0530 (India Standard Time)","181.90","188.60","181.00","185.80","166.07","187.30","144.84","208.53","123.61","229.76","102.38","230.83","312.62","150.67","392.78","68.88","554.73","-93.07","4133870.00","215735.00"
"Thu Jul 16 2026 14:19:00 GMT+0530 (India Standard Time)","185.95","188.40","185.30","187.20","166.10","187.33","144.87","208.56","123.64","229.79","102.41","230.83","312.62","150.67","392.78","68.88","554.73","-93.07","4136015.00","103155.00"
"Thu Jul 16 2026 14:20:00 GMT+0530 (India Standard Time)","186.70","192.60","186.70","190.95","166.14","187.38","144.91","208.61","123.68","229.85","102.44","230.83","312.62","150.67","392.78","68.88","554.73","-93.07","4139460.00","140205.00"
"Thu Jul 16 2026 14:21:00 GMT+0530 (India Standard Time)","190.20","195.65","189.50","195.00","166.22","187.47","144.96","208.72","123.71","229.98","102.46","230.83","312.62","150.67","392.78","68.88","554.73","-93.07","4123145.00","205140.00"
"Thu Jul 16 2026 14:22:00 GMT+0530 (India Standard Time)","195.00","195.75","192.80","193.95","166.29","187.56","145.01","208.83","123.74","230.10","102.47","230.83","312.62","150.67","392.78","68.88","554.73","-93.07","4151355.00","189735.00"
"Thu Jul 16 2026 14:23:00 GMT+0530 (India Standard Time)","193.95","195.30","191.40","194.40","166.31","187.59","145.03","208.87","123.75","230.15","102.48","230.83","312.62","150.67","392.78","68.88","554.73","-93.07","4155060.00","70655.00"
"Thu Jul 16 2026 14:24:00 GMT+0530 (India Standard Time)","194.40","195.15","191.85","194.00","166.34","187.63","145.05","208.91","123.77","230.20","102.48","230.83","312.62","150.67","392.78","68.88","554.73","-93.07","4160650.00","83850.00"
"Thu Jul 16 2026 14:25:00 GMT+0530 (India Standard Time)","194.00","197.00","192.50","194.80","166.38","187.68","145.09","208.98","123.79","230.28","102.49","230.83","312.62","150.67","392.78","68.88","554.73","-93.07","4151290.00","117260.00"
"Thu Jul 16 2026 14:26:00 GMT+0530 (India Standard Time)","194.25","196.90","194.05","195.55","166.42","187.73","145.11","209.04","123.80","230.35","102.49","230.83","312.62","150.67","392.78","68.88","554.73","-93.07","4146675.00","92690.00"
"Thu Jul 16 2026 14:27:00 GMT+0530 (India Standard Time)","195.85","198.55","193.80","198.55","166.46","187.79","145.14","209.12","123.81","230.44","102.49","230.83","312.62","150.67","392.78","68.88","554.73","-93.07","4149860.00","117455.00"
"Thu Jul 16 2026 14:28:00 GMT+0530 (India Standard Time)","198.55","200.60","196.05","197.50","166.54","187.90","145.19","209.26","123.83","230.61","102.47","230.83","312.62","150.67","392.78","68.88","554.73","-93.07","4127890.00","191880.00"
"Thu Jul 16 2026 14:29:00 GMT+0530 (India Standard Time)","197.50","198.00","194.05","195.00","166.58","187.95","145.21","209.32","123.84","230.68","102.47","230.83","312.62","150.67","392.78","68.88","554.73","-93.07","4118270.00","95940.00"
"Thu Jul 16 2026 14:30:00 GMT+0530 (India Standard Time)","195.00","195.00","190.00","190.60","166.64","188.01","145.26","209.39","123.88","230.77","102.50","230.83","312.62","150.67","392.78","68.88","554.73","-93.07","4096495.00","176020.00"
"Thu Jul 16 2026 14:31:00 GMT+0530 (India Standard Time)","190.60","193.85","190.00","192.70","166.67","188.05","145.29","209.44","123.90","230.82","102.52","230.83","312.62","150.67","392.78","68.88","554.73","-93.07","4063800.00","106340.00"
"Thu Jul 16 2026 14:32:00 GMT+0530 (India Standard Time)","192.70","193.35","185.60","187.35","166.71","188.10","145.33","209.48","123.94","230.87","102.56","230.83","312.62","150.67","392.78","68.88","554.73","-93.07","4050475.00","151255.00"
"Thu Jul 16 2026 14:33:00 GMT+0530 (India Standard Time)","187.35","193.45","187.05","191.15","166.74","188.13","145.35","209.52","123.96","230.91","102.57","230.83","312.62","150.67","392.78","68.88","554.73","-93.07","4037020.00","91455.00"
"Thu Jul 16 2026 14:34:00 GMT+0530 (India Standard Time)","191.15","191.55","187.80","191.25","166.76","188.15","145.37","209.54","123.98","230.93","102.59","230.83","312.62","150.67","392.78","68.88","554.73","-93.07","4023370.00","65195.00"
"Thu Jul 16 2026 14:35:00 GMT+0530 (India Standard Time)","190.55","192.60","189.30","191.10","166.77","188.17","145.38","209.56","123.99","230.95","102.60","230.83","312.62","150.67","392.78","68.88","554.73","-93.07","4016480.00","47385.00"
"Thu Jul 16 2026 14:36:00 GMT+0530 (India Standard Time)","191.10","194.30","189.00","193.40","166.80","188.19","145.40","209.59","124.00","230.99","102.61","230.83","312.62","150.67","392.78","68.88","554.73","-93.07","4017195.00","69225.00"
"Thu Jul 16 2026 14:37:00 GMT+0530 (India Standard Time)","193.40","193.85","192.00","193.10","166.82","188.22","145.42","209.62","124.02","231.02","102.62","230.83","312.62","150.67","392.78","68.88","554.73","-93.07","4006860.00","59865.00"
"Thu Jul 16 2026 14:38:00 GMT+0530 (India Standard Time)","193.00","195.70","193.00","194.65","166.85","188.26","145.44","209.66","124.03","231.07","102.62","230.83","312.62","150.67","392.78","68.88","554.73","-93.07","3981835.00","85345.00"
"Thu Jul 16 2026 14:39:00 GMT+0530 (India Standard Time)","194.65","194.95","192.00","193.25","166.87","188.29","145.46","209.70","124.05","231.11","102.63","230.83","312.62","150.67","392.78","68.88","554.73","-93.07","3965975.00","75465.00"
"Thu Jul 16 2026 14:40:00 GMT+0530 (India Standard Time)","192.75","198.70","192.10","197.85","166.91","188.34","145.49","209.77","124.06","231.19","102.63","230.83","312.62","150.67","392.78","68.88","554.73","-93.07","3940300.00","111670.00"
"Thu Jul 16 2026 14:41:00 GMT+0530 (India Standard Time)","197.85","199.00","192.45","192.45","166.96","188.40","145.52","209.84","124.08","231.28","102.64","230.83","312.62","150.67","392.78","68.88","554.73","-93.07","3934580.00","129545.00"
"Thu Jul 16 2026 14:42:00 GMT+0530 (India Standard Time)","192.60","195.20","187.15","187.55","167.00","188.44","145.56","209.88","124.12","231.32","102.67","230.83","312.62","150.67","392.78","68.88","554.73","-93.07","3929705.00","134485.00"
"Thu Jul 16 2026 14:43:00 GMT+0530 (India Standard Time)","187.75","189.85","187.45","189.50","167.02","188.47","145.58","209.91","124.14","231.35","102.70","230.83","312.62","150.67","392.78","68.88","554.73","-93.07","3930420.00","89895.00"
"Thu Jul 16 2026 14:44:00 GMT+0530 (India Standard Time)","189.30","190.60","187.05","188.70","167.05","188.49","145.61","209.93","124.16","231.38","102.72","230.83","312.62","150.67","392.78","68.88","554.73","-93.07","3932695.00","93210.00"
"Thu Jul 16 2026 14:45:00 GMT+0530 (India Standard Time)","189.55","189.85","187.15","187.60","167.08","188.53","145.64","209.97","124.20","231.41","102.76","230.83","312.62","150.67","392.78","68.88","554.73","-93.07","3917225.00","133315.00"
"Thu Jul 16 2026 14:46:00 GMT+0530 (India Standard Time)","187.35","191.10","187.35","190.35","167.10","188.54","145.66","209.99","124.22","231.43","102.77","230.83","312.62","150.67","392.78","68.88","554.73","-93.07","3916510.00","57785.00"
"Thu Jul 16 2026 14:47:00 GMT+0530 (India Standard Time)","190.40","190.80","184.30","187.00","167.13","188.57","145.69","210.01","124.25","231.45","102.81","230.83","312.62","150.67","392.78","68.88","554.73","-93.07","3907865.00","123825.00"
"Thu Jul 16 2026 14:48:00 GMT+0530 (India Standard Time)","187.00","191.75","187.00","190.80","167.16","188.60","145.72","210.04","124.28","231.49","102.83","230.83","312.62","150.67","392.78","68.88","554.73","-93.07","3874195.00","97435.00"
"Thu Jul 16 2026 14:49:00 GMT+0530 (India Standard Time)","190.80","194.70","190.15","194.40","167.19","188.64","145.74","210.09","124.30","231.54","102.85","230.83","312.62","150.67","392.78","68.88","554.73","-93.07","3831230.00","99580.00"
"Thu Jul 16 2026 14:50:00 GMT+0530 (India Standard Time)","194.40","194.40","190.70","191.30","167.21","188.67","145.76","210.12","124.31","231.57","102.86","230.83","312.62","150.67","392.78","68.88","554.73","-93.07","3823755.00","72735.00"
"Thu Jul 16 2026 14:51:00 GMT+0530 (India Standard Time)","191.30","193.15","190.40","191.55","167.23","188.68","145.77","210.14","124.32","231.59","102.87","230.83","312.62","150.67","392.78","68.88","554.73","-93.07","3808090.00","42510.00"
"Thu Jul 16 2026 14:52:00 GMT+0530 (India Standard Time)","191.55","192.45","189.40","191.85","167.24","188.70","145.79","210.15","124.33","231.61","102.88","230.83","312.62","150.67","392.78","68.88","554.73","-93.07","3816345.00","49530.00"
"Thu Jul 16 2026 14:53:00 GMT+0530 (India Standard Time)","191.95","192.40","186.85","187.15","167.26","188.71","145.80","210.17","124.35","231.62","102.89","230.83","312.62","150.67","392.78","68.88","554.73","-93.07","3808805.00","58045.00"
"Thu Jul 16 2026 14:54:00 GMT+0530 (India Standard Time)","187.15","191.00","187.05","189.10","167.27","188.73","145.81","210.18","124.36","231.64","102.90","230.83","312.62","150.67","392.78","68.88","554.73","-93.07","3798015.00","43225.00"
"Thu Jul 16 2026 14:55:00 GMT+0530 (India Standard Time)","189.10","189.20","183.50","186.00","167.31","188.76","145.86","210.21","124.41","231.66","102.95","230.83","312.62","150.67","392.78","68.88","554.73","-93.07","3754725.00","159185.00"
"Thu Jul 16 2026 14:56:00 GMT+0530 (India Standard Time)","186.00","186.60","178.85","179.45","167.34","188.78","145.91","210.22","124.47","231.65","103.04","230.83","312.62","150.67","392.78","68.88","554.73","-93.07","3745820.00","205400.00"
"Thu Jul 16 2026 14:57:00 GMT+0530 (India Standard Time)","179.45","184.35","178.25","183.65","167.37","188.80","145.95","210.22","124.52","231.65","103.09","230.83","312.62","150.67","392.78","68.88","554.73","-93.07","3720470.00","146640.00"
"Thu Jul 16 2026 14:58:00 GMT+0530 (India Standard Time)","183.65","183.65","176.25","177.90","167.40","188.81","145.99","210.21","124.59","231.62","103.18","230.83","312.62","150.67","392.78","68.88","554.73","-93.07","3729635.00","198120.00"
"Thu Jul 16 2026 14:59:00 GMT+0530 (India Standard Time)","177.90","184.35","170.50","177.90","167.45","188.82","146.08","210.18","124.72","231.55","103.35","230.83","312.62","150.67","392.78","68.88","554.73","-93.07","3696225.00","403975.00"
"Thu Jul 16 2026 15:00:00 GMT+0530 (India Standard Time)","177.90","182.05","164.70","176.35","167.50","188.80","146.19","210.10","124.89","231.41","103.58","230.83","312.62","150.67","392.78","68.88","554.73","-93.07","3687710.00","527865.00"
"Thu Jul 16 2026 15:01:00 GMT+0530 (India Standard Time)","176.50","187.65","176.50","182.20","167.56","188.84","146.27","210.12","124.99","231.40","103.71","230.83","312.62","150.67","392.78","68.88","554.73","-93.07","3672045.00","338455.00"
"Thu Jul 16 2026 15:02:00 GMT+0530 (India Standard Time)","182.20","195.50","182.20","195.50","167.68","188.97","146.38","210.26","125.09","231.55","103.80","230.83","312.62","150.67","392.78","68.88","554.73","-93.07","3621800.00","426855.00"
"Thu Jul 16 2026 15:03:00 GMT+0530 (India Standard Time)","195.50","202.75","192.45","201.35","167.82","189.16","146.47","210.51","125.12","231.86","103.78","230.83","312.62","150.67","392.78","68.88","554.73","-93.07","3575065.00","371995.00"
"Thu Jul 16 2026 15:04:00 GMT+0530 (India Standard Time)","201.35","203.55","200.00","201.95","167.93","189.33","146.53","210.73","125.13","232.13","103.73","230.83","312.62","150.67","392.78","68.88","554.73","-93.07","3524040.00","270400.00"
"Thu Jul 16 2026 15:05:00 GMT+0530 (India Standard Time)","201.95","202.25","196.15","196.80","168.01","189.44","146.58","210.87","125.15","232.30","103.72","230.83","312.62","150.67","392.78","68.88","554.73","-93.07","3518905.00","223730.00"
"Thu Jul 16 2026 15:06:00 GMT+0530 (India Standard Time)","196.80","199.90","194.00","199.20","168.07","189.52","146.62","210.97","125.17","232.41","103.72","230.83","312.62","150.67","392.78","68.88","554.73","-93.07","3465865.00","168220.00"
"Thu Jul 16 2026 15:07:00 GMT+0530 (India Standard Time)","199.20","203.60","198.90","199.50","168.15","189.63","146.67","211.12","125.18","232.60","103.70","230.83","312.62","150.67","392.78","68.88","554.73","-93.07","3472235.00","207415.00"
"Thu Jul 16 2026 15:08:00 GMT+0530 (India Standard Time)","199.45","199.45","195.40","196.20","168.19","189.68","146.69","211.18","125.20","232.67","103.70","230.83","312.62","150.67","392.78","68.88","554.73","-93.07","3468530.00","112320.00"
"Thu Jul 16 2026 15:09:00 GMT+0530 (India Standard Time)","196.85","200.00","196.85","199.30","168.25","189.76","146.73","211.28","125.21","232.79","103.70","230.83","312.62","150.67","392.78","68.88","554.73","-93.07","3408340.00","158405.00"
"Thu Jul 16 2026 15:10:00 GMT+0530 (India Standard Time)","199.55","200.75","197.25","199.20","168.27","189.80","146.75","211.33","125.22","232.85","103.70","230.83","312.62","150.67","392.78","68.88","554.73","-93.07","3399110.00","77610.00"
"Thu Jul 16 2026 15:11:00 GMT+0530 (India Standard Time)","198.65","199.70","197.90","197.90","168.30","189.83","146.76","211.37","125.23","232.90","103.70","230.83","312.62","150.67","392.78","68.88","554.73","-93.07","3398005.00","70915.00"
"Thu Jul 16 2026 15:12:00 GMT+0530 (India Standard Time)","198.00","198.00","193.00","193.00","168.34","189.89","146.80","211.43","125.26","232.98","103.71","230.83","312.62","150.67","392.78","68.88","554.73","-93.07","3393130.00","145470.00"
"Thu Jul 16 2026 15:13:00 GMT+0530 (India Standard Time)","193.25","193.80","188.65","192.85","168.40","189.95","146.85","211.50","125.31","233.05","103.76","230.83","312.62","150.67","392.78","68.88","554.73","-93.07","3360240.00","207155.00"
"Thu Jul 16 2026 15:14:00 GMT+0530 (India Standard Time)","192.05","194.40","190.50","190.50","168.45","190.00","146.89","211.55","125.34","233.10","103.79","230.83","312.62","150.67","392.78","68.88","554.73","-93.07","3327545.00","157105.00"
"Thu Jul 16 2026 15:15:00 GMT+0530 (India Standard Time)","190.75","195.65","187.15","195.00","168.51","190.07","146.95","211.63","125.39","233.19","103.83","230.83","312.62","150.67","392.78","68.88","554.73","-93.07","3274895.00","225355.00"
"Thu Jul 16 2026 15:16:00 GMT+0530 (India Standard Time)","194.20","196.00","193.00","193.35","168.54","190.10","146.97","211.67","125.41","233.23","103.85","230.83","312.62","150.67","392.78","68.88","554.73","-93.07","3256435.00","93015.00"
"Thu Jul 16 2026 15:17:00 GMT+0530 (India Standard Time)","193.50","195.65","192.95","194.30","168.57","190.14","147.00","211.71","125.43","233.28","103.86","230.83","312.62","150.67","392.78","68.88","554.73","-93.07","3259295.00","105430.00"
"Thu Jul 16 2026 15:18:00 GMT+0530 (India Standard Time)","193.95","196.00","188.70","190.55","168.62","190.19","147.05","211.77","125.47","233.34","103.90","230.83","312.62","150.67","392.78","68.88","554.73","-93.07","3244540.00","181935.00"
"Thu Jul 16 2026 15:19:00 GMT+0530 (India Standard Time)","190.55","191.40","189.15","191.00","168.64","190.22","147.07","211.79","125.49","233.36","103.92","230.83","312.62","150.67","392.78","68.88","554.73","-93.07","3244020.00","89765.00"
"Thu Jul 16 2026 15:20:00 GMT+0530 (India Standard Time)","191.00","194.50","191.00","194.20","168.67","190.24","147.09","211.82","125.51","233.40","103.94","230.83","312.62","150.67","392.78","68.88","554.73","-93.07","3227380.00","88270.00"
"Thu Jul 16 2026 15:21:00 GMT+0530 (India Standard Time)","194.20","196.00","191.70","192.25","168.70","190.29","147.12","211.87","125.54","233.45","103.96","230.83","312.62","150.67","392.78","68.88","554.73","-93.07","3210545.00","127010.00"
"Thu Jul 16 2026 15:22:00 GMT+0530 (India Standard Time)","192.25","194.35","191.00","191.45","168.73","190.31","147.14","211.90","125.56","233.48","103.98","230.83","312.62","150.67","392.78","68.88","554.73","-93.07","3192345.00","86255.00"
"Thu Jul 16 2026 15:23:00 GMT+0530 (India Standard Time)","191.45","192.80","190.40","191.30","168.74","190.33","147.16","211.91","125.57","233.50","103.99","230.83","312.62","150.67","392.78","68.88","554.73","-93.07","3180385.00","55510.00"
"Thu Jul 16 2026 15:24:00 GMT+0530 (India Standard Time)","191.40","192.70","190.05","192.70","168.77","190.35","147.18","211.94","125.59","233.52","104.01","230.83","312.62","150.67","392.78","68.88","554.73","-93.07","3167840.00","87815.00"
"Thu Jul 16 2026 15:25:00 GMT+0530 (India Standard Time)","192.70","196.00","190.40","196.00","168.81","190.40","147.21","211.99","125.62","233.59","104.03","230.83","312.62","150.67","392.78","68.88","554.73","-93.07","3133975.00","141180.00"
"Thu Jul 16 2026 15:26:00 GMT+0530 (India Standard Time)","196.00","198.35","192.70","193.80","168.84","190.44","147.24","212.04","125.64","233.64","104.04","230.83","312.62","150.67","392.78","68.88","554.73","-93.07","3104530.00","120575.00"
"Thu Jul 16 2026 15:27:00 GMT+0530 (India Standard Time)","193.80","194.65","191.25","191.80","168.87","190.47","147.27","212.07","125.66","233.68","104.06","230.83","312.62","150.67","392.78","68.88","554.73","-93.07","3093870.00","91000.00"
"Thu Jul 16 2026 15:28:00 GMT+0530 (India Standard Time)","191.80","193.60","191.10","191.90","168.91","190.51","147.30","212.12","125.70","233.72","104.09","230.83","312.62","150.67","392.78","68.88","554.73","-93.07","3055000.00","147355.00"
"Thu Jul 16 2026 15:29:00 GMT+0530 (India Standard Time)","191.50","192.30","189.00","189.05","168.95","190.55","147.34","212.16","125.74","233.76","104.14","230.83","312.62","150.67","392.78","68.88","554.73","-93.07","3026985.00","162500.00"
"Fri Jul 17 2026 09:15:00 GMT+0530 (India Standard Time)","191.00","201.75","167.00","167.00","178.58","178.58","178.58","178.58","178.58","178.58","178.58","184.20","237.40","135.85","285.75","82.65","387.30","-18.90","3068520.00","1167400.00"
"Fri Jul 17 2026 09:16:00 GMT+0530 (India Standard Time)","167.90","167.90","153.05","153.05","166.93","177.14","156.73","187.34","146.53","197.54","136.33","184.20","237.40","135.85","285.75","82.65","387.30","-18.90","3408275.00","1521910.00"
"Fri Jul 17 2026 09:17:00 GMT+0530 (India Standard Time)","153.30","155.35","149.55","152.40","161.80","172.54","151.06","183.28","140.32","194.02","129.58","184.20","237.40","135.85","285.75","82.65","387.30","-18.90","3945890.00","1474590.00"
"Fri Jul 17 2026 09:18:00 GMT+0530 (India Standard Time)","152.40","152.40","143.65","143.65","157.93","169.33","146.53","180.74","135.13","192.14","123.73","184.20","237.40","135.85","285.75","82.65","387.30","-18.90","4678700.00","1416675.00"
"Fri Jul 17 2026 09:19:00 GMT+0530 (India Standard Time)","143.95","147.95","141.65","145.20","154.95","166.36","143.55","177.76","132.14","189.16","120.74","184.20","237.40","135.85","285.75","82.65","387.30","-18.90","5454605.00","1660750.00"
"Fri Jul 17 2026 09:20:00 GMT+0530 (India Standard Time)","145.20","145.80","140.00","143.20","152.13","163.31","140.94","174.50","129.76","185.68","118.57","184.20","237.40","135.85","285.75","82.65","387.30","-18.90","6315595.00","2239900.00"
"Fri Jul 17 2026 09:21:00 GMT+0530 (India Standard Time)","143.20","146.50","142.80","144.70","151.14","161.86","140.42","172.58","129.70","183.30","118.98","184.20","237.40","135.85","285.75","82.65","387.30","-18.90","7231640.00","1447550.00"
"Fri Jul 17 2026 09:22:00 GMT+0530 (India Standard Time)","144.70","146.45","143.00","143.00","150.53","160.96","140.10","171.40","129.67","181.83","119.24","184.20","237.40","135.85","285.75","82.65","387.30","-18.90","7848880.00","1039545.00"
"Fri Jul 17 2026 09:23:00 GMT+0530 (India Standard Time)","143.00","145.50","142.65","145.25","150.18","160.41","139.96","170.64","129.73","180.86","119.51","184.20","237.40","135.85","285.75","82.65","387.30","-18.90","8302840.00","727285.00"
"Fri Jul 17 2026 09:24:00 GMT+0530 (India Standard Time)","145.25","145.25","140.80","141.00","149.68","159.76","139.60","169.83","129.53","179.91","119.45","184.20","237.40","135.85","285.75","82.65","387.30","-18.90","8561085.00","874315.00"
"Fri Jul 17 2026 09:25:00 GMT+0530 (India Standard Time)","141.00","141.55","137.00","138.65","148.43","158.50","138.37","168.56","128.30","178.62","118.24","184.20","237.40","135.85","285.75","82.65","387.30","-18.90","8908900.00","1809405.00"
"Fri Jul 17 2026 09:26:00 GMT+0530 (India Standard Time)","138.65","140.30","137.00","139.75","147.68","157.66","137.69","167.65","127.71","177.63","117.72","184.20","237.40","135.85","285.75","82.65","387.30","-18.90","9567090.00","1337895.00"
"Fri Jul 17 2026 09:27:00 GMT+0530 (India Standard Time)","139.75","140.80","135.25","136.70","146.84","156.80","136.88","166.76","126.92","176.72","116.96","184.20","237.40","135.85","285.75","82.65","387.30","-18.90","10224370.00","1508780.00"
"Fri Jul 17 2026 09:28:00 GMT+0530 (India Standard Time)","136.70","138.35","136.25","136.30","146.46","156.40","136.51","166.35","126.56","176.30","116.61","184.20","237.40","135.85","285.75","82.65","387.30","-18.90","10931830.00","742950.00"
"Fri Jul 17 2026 09:29:00 GMT+0530 (India Standard Time)","136.30","137.50","134.00","134.25","145.81","155.81","135.80","165.82","125.80","175.82","115.79","184.20","237.40","135.85","285.75","82.65","387.30","-18.90","11286275.00","1166685.00"
"Fri Jul 17 2026 09:30:00 GMT+0530 (India Standard Time)","134.25","138.25","132.00","136.60","144.90","154.88","134.92","164.86","124.94","174.84","114.96","184.20","237.40","135.85","285.75","82.65","387.30","-18.90","11699545.00","1969695.00"
"Fri Jul 17 2026 09:31:00 GMT+0530 (India Standard Time)","136.85","140.15","136.00","139.60","144.45","154.21","134.70","163.96","124.94","173.72","115.18","184.20","237.40","135.85","285.75","82.65","387.30","-18.90","12379445.00","1683305.00"
"Fri Jul 17 2026 09:32:00 GMT+0530 (India Standard Time)","139.60","141.80","136.00","136.00","144.09","153.69","134.49","163.28","124.89","172.88","115.30","184.20","237.40","135.85","285.75","82.65","387.30","-18.90","12741495.00","1400815.00"
"Fri Jul 17 2026 09:33:00 GMT+0530 (India Standard Time)","136.00","137.15","132.55","133.45","143.60","153.19","134.01","162.78","124.42","172.37","114.83","184.20","237.40","135.85","285.75","82.65","387.30","-18.90","13053820.00","1330550.00"
"Fri Jul 17 2026 09:34:00 GMT+0530 (India Standard Time)","133.45","137.45","130.15","136.65","143.12","152.66","133.58","162.20","124.04","171.74","114.50","184.20","237.40","135.85","285.75","82.65","387.30","-18.90","13433745.00","1531205.00"
"Fri Jul 17 2026 09:35:00 GMT+0530 (India Standard Time)","136.65","137.00","135.00","136.25","142.90","152.37","133.43","161.85","123.96","171.32","114.49","184.20","237.40","135.85","285.75","82.65","387.30","-18.90","13702065.00","882830.00"
"Fri Jul 17 2026 09:36:00 GMT+0530 (India Standard Time)","136.25","138.45","134.45","134.45","142.65","152.05","133.26","161.44","123.86","170.84","114.47","184.20","237.40","135.85","285.75","82.65","387.30","-18.90","14003795.00","1054105.00"
"Fri Jul 17 2026 09:37:00 GMT+0530 (India Standard Time)","134.85","135.40","131.10","131.20","142.33","151.74","132.92","161.15","123.50","170.56","114.09","184.20","237.40","135.85","285.75","82.65","387.30","-18.90","14372540.00","1000220.00"
"Fri Jul 17 2026 09:38:00 GMT+0530 (India Standard Time)","130.70","131.80","128.70","130.00","141.62","151.19","132.06","160.76","122.49","170.33","112.92","184.20","237.40","135.85","285.75","82.65","387.30","-18.90","14386190.00","1902745.00"
"Fri Jul 17 2026 09:39:00 GMT+0530 (India Standard Time)","129.75","131.95","128.00","131.40","141.26","150.88","131.64","160.49","122.03","170.11","112.41","184.20","237.40","135.85","285.75","82.65","387.30","-18.90","14642745.00","1110005.00"
"Fri Jul 17 2026 09:40:00 GMT+0530 (India Standard Time)","131.05","132.30","129.30","130.50","141.03","150.66","131.39","160.30","121.76","169.94","112.12","184.20","237.40","135.85","285.75","82.65","387.30","-18.90","15053675.00","760955.00"
"Fri Jul 17 2026 09:41:00 GMT+0530 (India Standard Time)","130.30","131.85","129.70","130.80","140.82","150.47","131.18","160.12","121.53","169.76","111.89","184.20","237.40","135.85","285.75","82.65","387.30","-18.90","15334995.00","710385.00"
"Fri Jul 17 2026 09:42:00 GMT+0530 (India Standard Time)","130.80","131.40","129.00","129.60","140.65","150.31","130.98","159.98","121.32","169.64","111.66","184.20","237.40","135.85","285.75","82.65","387.30","-18.90","15562495.00","580775.00"
"Fri Jul 17 2026 09:43:00 GMT+0530 (India Standard Time)","129.60","130.25","127.30","128.20","140.28","150.02","130.54","159.76","120.81","169.50","111.07","184.20","237.40","135.85","285.75","82.65","387.30","-18.90","15855450.00","1127490.00"
"Fri Jul 17 2026 09:44:00 GMT+0530 (India Standard Time)","128.20","131.30","125.65","127.70","139.89","149.70","130.07","159.52","120.26","169.34","110.44","184.20","237.40","135.85","285.75","82.65","387.30","-18.90","16081780.00","1256840.00"
"Fri Jul 17 2026 09:45:00 GMT+0530 (India Standard Time)","127.70","127.70","121.55","125.60","138.97","149.14","128.81","159.30","118.64","169.46","108.48","184.20","237.40","135.85","285.75","82.65","387.30","-18.90","16335150.00","2514070.00"
"Fri Jul 17 2026 09:46:00 GMT+0530 (India Standard Time)","125.60","127.35","124.05","124.60","138.63","148.89","128.37","159.15","118.11","169.41","107.85","184.20","237.40","135.85","285.75","82.65","387.30","-18.90","16866070.00","1061645.00"
"Fri Jul 17 2026 09:47:00 GMT+0530 (India Standard Time)","124.60","126.95","122.45","126.75","138.29","148.63","127.95","158.97","117.61","169.31","107.27","184.20","237.40","135.85","285.75","82.65","387.30","-18.90","17167280.00","1094015.00"
"Fri Jul 17 2026 09:48:00 GMT+0530 (India Standard Time)","126.75","126.90","124.35","125.25","138.09","148.47","127.71","158.85","117.32","169.24","106.94","184.20","237.40","135.85","285.75","82.65","387.30","-18.90","17500340.00","691340.00"
"Fri Jul 17 2026 09:49:00 GMT+0530 (India Standard Time)","125.25","128.00","125.10","126.85","137.91","148.31","127.52","158.71","117.12","169.11","106.72","184.20","237.40","135.85","285.75","82.65","387.30","-18.90","17714450.00","684580.00"
"Fri Jul 17 2026 09:50:00 GMT+0530 (India Standard Time)","126.85","126.85","123.90","124.70","137.72","148.16","127.29","158.59","116.85","169.03","106.42","184.20","237.40","135.85","285.75","82.65","387.30","-18.90","17864730.00","669435.00"
"Fri Jul 17 2026 09:51:00 GMT+0530 (India Standard Time)","124.70","131.10","124.40","130.00","137.54","147.95","127.13","158.36","116.72","168.77","106.31","184.20","237.40","135.85","285.75","82.65","387.30","-18.90","18063240.00","907985.00"
"Fri Jul 17 2026 09:52:00 GMT+0530 (India Standard Time)","130.00","130.85","128.95","130.40","137.31","147.65","126.98","157.98","116.65","168.31","106.32","184.20","237.40","135.85","285.75","82.65","387.30","-18.90","18183750.00","1447485.00"
"Fri Jul 17 2026 09:53:00 GMT+0530 (India Standard Time)","130.40","130.75","128.05","128.05","137.17","147.47","126.87","157.77","116.57","168.07","106.27","184.20","237.40","135.85","285.75","82.65","387.30","-18.90","18424900.00","840840.00"
"Fri Jul 17 2026 09:54:00 GMT+0530 (India Standard Time)","128.05","128.70","124.50","125.95","136.97","147.28","126.66","157.58","116.36","167.89","106.05","184.20","237.40","135.85","285.75","82.65","387.30","-18.90","18520255.00","906815.00"
"Fri Jul 17 2026 09:55:00 GMT+0530 (India Standard Time)","125.95","131.00","125.95","130.10","136.79","147.04","126.53","157.30","116.27","167.56","106.02","184.20","237.40","135.85","285.75","82.65","387.30","-18.90","18618405.00","1156350.00"
"Fri Jul 17 2026 09:56:00 GMT+0530 (India Standard Time)","130.10","133.85","130.10","132.50","136.62","146.72","126.51","156.83","116.41","166.94","106.30","184.20","237.40","135.85","285.75","82.65","387.30","-18.90","18701345.00","1908920.00"
"Fri Jul 17 2026 09:57:00 GMT+0530 (India Standard Time)","132.50","135.50","132.15","134.00","136.53","146.49","126.58","156.45","116.62","166.40","106.66","184.20","237.40","135.85","285.75","82.65","387.30","-18.90","18746975.00","1701050.00"
"Fri Jul 17 2026 09:58:00 GMT+0530 (India Standard Time)","134.00","134.95","129.55","129.75","136.40","146.27","126.54","156.13","116.68","166.00","106.81","184.20","237.40","135.85","285.75","82.65","387.30","-18.90","18600205.00","1388270.00"
"Fri Jul 17 2026 09:59:00 GMT+0530 (India Standard Time)","129.75","131.40","128.70","129.05","136.32","146.15","126.49","155.97","116.66","165.80","106.83","184.20","237.40","135.85","285.75","82.65","387.30","-18.90","18418855.00","733070.00"
"Fri Jul 17 2026 10:00:00 GMT+0530 (India Standard Time)","129.05","134.85","126.45","134.35","136.19","145.91","126.48","155.62","116.76","165.34","107.04","184.20","237.40","135.85","285.75","82.65","387.30","-18.90","18514860.00","1635400.00"
"Fri Jul 17 2026 10:01:00 GMT+0530 (India Standard Time)","134.35","138.55","131.65","136.25","136.17","145.75","126.59","155.33","117.02","164.90","107.44","184.20","237.40","135.85","285.75","82.65","387.30","-18.90","18855980.00","1698580.00"
"Fri Jul 17 2026 10:02:00 GMT+0530 (India Standard Time)","136.25","137.05","135.00","135.45","136.16","145.63","126.70","155.10","117.23","164.57","107.76","184.20","237.40","135.85","285.75","82.65","387.30","-18.90","18503160.00","1379625.00"
"Fri Jul 17 2026 10:03:00 GMT+0530 (India Standard Time)","135.45","136.45","134.25","134.40","136.15","145.54","126.75","154.93","117.36","164.32","107.97","184.20","237.40","135.85","285.75","82.65","387.30","-18.90","18611970.00","1010555.00"
"Fri Jul 17 2026 10:04:00 GMT+0530 (India Standard Time)","134.40","136.95","134.00","135.60","136.14","145.45","126.82","154.77","117.50","164.09","108.18","184.20","237.40","135.85","285.75","82.65","387.30","-18.90","18760105.00","997880.00"
"Fri Jul 17 2026 10:05:00 GMT+0530 (India Standard Time)","135.60","136.60","131.15","132.05","136.08","145.32","126.84","154.56","117.60","163.80","108.36","184.20","237.40","135.85","285.75","82.65","387.30","-18.90","18700240.00","1169220.00"
"Fri Jul 17 2026 10:06:00 GMT+0530 (India Standard Time)","132.20","133.00","130.20","132.65","136.03","145.22","126.84","154.41","117.65","163.61","108.45","184.20","237.40","135.85","285.75","82.65","387.30","-18.90","18608655.00","825435.00"
"Fri Jul 17 2026 10:07:00 GMT+0530 (India Standard Time)","133.00","133.50","131.45","131.75","136.00","145.16","126.84","154.32","117.68","163.48","108.52","184.20","237.40","135.85","285.75","82.65","387.30","-18.90","18686915.00","532025.00"
"Fri Jul 17 2026 10:08:00 GMT+0530 (India Standard Time)","131.95","133.85","130.50","130.65","135.97","145.10","126.83","154.24","117.70","163.38","108.56","184.20","237.40","135.85","285.75","82.65","387.30","-18.90","18730855.00","466115.00"
"Fri Jul 17 2026 10:09:00 GMT+0530 (India Standard Time)","130.65","130.65","127.20","129.70","135.84","144.93","126.74","154.03","117.65","163.12","108.55","184.20","237.40","135.85","285.75","82.65","387.30","-18.90","18677620.00","1313325.00"
"Fri Jul 17 2026 10:10:00 GMT+0530 (India Standard Time)","129.70","132.05","129.70","131.95","135.80","144.86","126.73","153.93","117.67","162.99","108.60","184.20","237.40","135.85","285.75","82.65","387.30","-18.90","18859295.00","583245.00"
"Fri Jul 17 2026 10:11:00 GMT+0530 (India Standard Time)","131.95","132.30","130.40","130.50","135.77","144.82","126.72","153.86","117.68","162.91","108.63","184.20","237.40","135.85","285.75","82.65","387.30","-18.90","18920005.00","381290.00"
"Fri Jul 17 2026 10:12:00 GMT+0530 (India Standard Time)","130.50","130.50","125.45","126.05","135.62","144.66","126.59","153.69","117.55","162.73","108.52","184.20","237.40","135.85","285.75","82.65","387.30","-18.90","19001190.00","1208350.00"
"Fri Jul 17 2026 10:13:00 GMT+0530 (India Standard Time)","126.05","126.45","124.10","126.05","135.44","144.49","126.39","153.55","117.33","162.60","108.28","184.20","237.40","135.85","285.75","82.65","387.30","-18.90","18883475.00","1286090.00"
"Fri Jul 17 2026 10:14:00 GMT+0530 (India Standard Time)","126.05","128.50","125.80","128.30","135.34","144.38","126.30","153.43","117.26","162.47","108.22","184.20","237.40","135.85","285.75","82.65","387.30","-18.90","19247865.00","856635.00"
"Fri Jul 17 2026 10:15:00 GMT+0530 (India Standard Time)","128.30","128.45","125.10","125.65","135.26","144.30","126.23","153.34","117.19","162.38","108.15","184.20","237.40","135.85","285.75","82.65","387.30","-18.90","19498310.00","640640.00"
"Fri Jul 17 2026 10:16:00 GMT+0530 (India Standard Time)","125.65","125.70","123.75","124.80","135.15","144.21","126.10","153.26","117.04","162.32","107.99","184.20","237.40","135.85","285.75","82.65","387.30","-18.90","19725875.00","775970.00"
"Fri Jul 17 2026 10:17:00 GMT+0530 (India Standard Time)","124.80","124.80","120.00","120.75","134.83","144.00","125.65","153.18","116.47","162.36","107.29","184.20","237.40","135.85","285.75","82.65","387.30","-18.90","19972095.00","1840345.00"
"Fri Jul 17 2026 10:18:00 GMT+0530 (India Standard Time)","120.75","121.85","110.65","110.65","133.93","143.83","124.03","153.73","114.12","163.64","104.22","184.20","237.40","135.85","285.75","82.65","387.30","-18.90","19860815.00","3428230.00"
"Fri Jul 17 2026 10:19:00 GMT+0530 (India Standard Time)","112.60","116.40","112.35","115.70","133.37","143.65","123.10","153.92","112.82","164.19","102.55","184.20","237.40","135.85","285.75","82.65","387.30","-18.90","19666205.00","2349230.00"
"Fri Jul 17 2026 10:20:00 GMT+0530 (India Standard Time)","115.70","118.00","113.95","117.70","133.11","143.51","122.71","153.92","112.30","164.32","101.90","184.20","237.40","135.85","285.75","82.65","387.30","-18.90","19981520.00","1271985.00"
"Fri Jul 17 2026 10:21:00 GMT+0530 (India Standard Time)","117.70","118.30","115.45","117.20","132.94","143.42","122.46","153.90","111.98","164.38","101.50","184.20","237.40","135.85","285.75","82.65","387.30","-18.90","20232485.00","885690.00"
"Fri Jul 17 2026 10:22:00 GMT+0530 (India Standard Time)","117.20","117.85","116.00","117.85","132.80","143.34","122.27","153.87","111.74","164.41","101.20","184.20","237.40","135.85","285.75","82.65","387.30","-18.90","20413835.00","703170.00"
"Fri Jul 17 2026 10:23:00 GMT+0530 (India Standard Time)","117.85","119.55","117.60","118.60","132.65","143.23","122.08","153.81","111.50","164.39","100.92","184.20","237.40","135.85","285.75","82.65","387.30","-18.90","20601360.00","889655.00"
"Fri Jul 17 2026 10:24:00 GMT+0530 (India Standard Time)","118.60","119.60","118.10","118.10","132.56","143.16","121.95","153.77","111.34","164.38","100.74","184.20","237.40","135.85","285.75","82.65","387.30","-18.90","20649070.00","593385.00"
"Fri Jul 17 2026 10:25:00 GMT+0530 (India Standard Time)","118.00","119.30","116.90","117.30","132.43","143.08","121.78","153.72","111.13","164.37","100.48","184.20","237.40","135.85","285.75","82.65","387.30","-18.90","20726160.00","755495.00"
"Fri Jul 17 2026 10:26:00 GMT+0530 (India Standard Time)","117.30","118.55","116.90","117.00","132.35","143.03","121.68","153.70","111.01","164.38","100.33","184.20","237.40","135.85","285.75","82.65","387.30","-18.90","20716605.00","414830.00"
"Fri Jul 17 2026 10:27:00 GMT+0530 (India Standard Time)","117.00","117.75","115.55","117.10","132.26","142.97","121.56","153.68","110.85","164.39","100.14","184.20","237.40","135.85","285.75","82.65","387.30","-18.90","20645495.00","499785.00"
"Fri Jul 17 2026 10:28:00 GMT+0530 (India Standard Time)","117.10","117.10","114.20","114.80","132.14","142.91","121.38","153.67","110.61","164.44","99.84","184.20","237.40","135.85","285.75","82.65","387.30","-18.90","20694570.00","638495.00"
"Fri Jul 17 2026 10:29:00 GMT+0530 (India Standard Time)","114.80","115.20","111.95","112.20","131.96","142.83","121.09","153.70","110.22","164.57","99.35","184.20","237.40","135.85","285.75","82.65","387.30","-18.90","20756515.00","823420.00"
"Fri Jul 17 2026 10:30:00 GMT+0530 (India Standard Time)","112.20","113.65","111.95","112.00","131.74","142.75","120.74","153.75","109.74","164.75","98.74","184.20","237.40","135.85","285.75","82.65","387.30","-18.90","20892950.00","1005355.00"
"Fri Jul 17 2026 10:31:00 GMT+0530 (India Standard Time)","112.05","112.55","111.10","111.55","131.57","142.68","120.45","153.79","109.34","164.90","98.23","184.20","237.40","135.85","285.75","82.65","387.30","-18.90","21096985.00","791310.00"
"Fri Jul 17 2026 10:32:00 GMT+0530 (India Standard Time)","111.55","112.35","109.70","112.00","131.31","142.58","120.03","153.85","108.76","165.13","97.49","184.20","237.40","135.85","285.75","82.65","387.30","-18.90","21324485.00","1173510.00"
"Fri Jul 17 2026 10:33:00 GMT+0530 (India Standard Time)","112.30","115.40","112.30","114.05","131.12","142.48","119.77","153.83","108.41","165.18","97.06","184.20","237.40","135.85","285.75","82.65","387.30","-18.90","21291205.00","977210.00"
"Fri Jul 17 2026 10:34:00 GMT+0530 (India Standard Time)","114.30","114.85","113.15","113.35","131.04","142.43","119.66","153.82","108.27","165.21","96.88","184.20","237.40","135.85","285.75","82.65","387.30","-18.90","21504145.00","407225.00"
"Fri Jul 17 2026 10:35:00 GMT+0530 (India Standard Time)","113.25","117.55","113.00","117.30","130.90","142.33","119.47","153.75","108.04","165.18","96.62","184.20","237.40","135.85","285.75","82.65","387.30","-18.90","21563685.00","898430.00"
"Fri Jul 17 2026 10:36:00 GMT+0530 (India Standard Time)","117.25","117.70","116.40","116.85","130.79","142.24","119.34","153.69","107.89","165.14","96.44","184.20","237.40","135.85","285.75","82.65","387.30","-18.90","21642205.00","746915.00"
"Fri Jul 17 2026 10:37:00 GMT+0530 (India Standard Time)","116.85","118.20","116.40","118.20","130.71","142.17","119.25","153.63","107.79","165.09","96.33","184.20","237.40","135.85","285.75","82.65","387.30","-18.90","21753225.00","586300.00"
"Fri Jul 17 2026 10:38:00 GMT+0530 (India Standard Time)","118.40","119.50","116.25","117.00","130.58","142.06","119.10","153.53","107.62","165.01","96.15","184.20","237.40","135.85","285.75","82.65","387.30","-18.90","21820240.00","938145.00"
"Fri Jul 17 2026 10:39:00 GMT+0530 (India Standard Time)","117.00","118.10","116.25","118.10","130.52","142.00","119.03","153.49","107.55","164.97","96.06","184.20","237.40","135.85","285.75","82.65","387.30","-18.90","21992100.00","449410.00"
"Fri Jul 17 2026 10:40:00 GMT+0530 (India Standard Time)","118.10","118.70","116.30","116.30","130.47","141.96","118.97","153.45","107.48","164.95","95.99","184.20","237.40","135.85","285.75","82.65","387.30","-18.90","22042215.00","357565.00"
"Fri Jul 17 2026 10:41:00 GMT+0530 (India Standard Time)","116.30","117.45","116.00","116.05","130.41","141.92","118.91","153.42","107.41","164.92","95.91","184.20","237.40","135.85","285.75","82.65","387.30","-18.90","22115535.00","362245.00"
"Fri Jul 17 2026 10:42:00 GMT+0530 (India Standard Time)","116.05","117.50","115.65","116.95","130.36","141.88","118.85","153.39","107.34","164.90","95.83","184.20","237.40","135.85","285.75","82.65","387.30","-18.90","22146735.00","358280.00"
"Fri Jul 17 2026 10:43:00 GMT+0530 (India Standard Time)","116.95","123.90","116.95","123.30","130.25","141.73","118.77","153.21","107.28","164.70","95.80","184.20","237.40","135.85","285.75","82.65","387.30","-18.90","22228440.00","1262950.00"
"Fri Jul 17 2026 10:44:00 GMT+0530 (India Standard Time)","123.30","123.30","119.85","121.00","130.14","141.60","118.69","153.05","107.23","164.50","95.78","184.20","237.40","135.85","285.75","82.65","387.30","-18.90","22154080.00","1194050.00"
"Fri Jul 17 2026 10:45:00 GMT+0530 (India Standard Time)","121.00","124.35","120.15","124.10","130.06","141.47","118.64","152.89","107.23","164.30","95.82","184.20","237.40","135.85","285.75","82.65","387.30","-18.90","22133605.00","1168115.00"
"Fri Jul 17 2026 10:46:00 GMT+0530 (India Standard Time)","124.10","124.90","122.00","122.80","129.98","141.35","118.61","152.72","107.24","164.10","95.86","184.20","237.40","135.85","285.75","82.65","387.30","-18.90","21964930.00","1161485.00"
"Fri Jul 17 2026 10:47:00 GMT+0530 (India Standard Time)","122.80","123.55","120.25","120.70","129.93","141.28","118.57","152.64","107.22","164.00","95.86","184.20","237.40","135.85","285.75","82.65","387.30","-18.90","21875555.00","623415.00"
"Fri Jul 17 2026 10:48:00 GMT+0530 (India Standard Time)","120.70","123.00","120.70","123.00","129.90","141.24","118.55","152.58","107.21","163.93","95.87","184.20","237.40","135.85","285.75","82.65","387.30","-18.90","21691800.00","436865.00"
"Fri Jul 17 2026 10:49:00 GMT+0530 (India Standard Time)","123.00","124.00","122.00","123.65","129.86","141.18","118.54","152.51","107.21","163.83","95.89","184.20","237.40","135.85","285.75","82.65","387.30","-18.90","21783645.00","557960.00"
"Fri Jul 17 2026 10:50:00 GMT+0530 (India Standard Time)","123.65","124.00","121.05","122.65","129.82","141.13","118.52","152.44","107.21","163.74","95.90","184.20","237.40","135.85","285.75","82.65","387.30","-18.90","21821930.00","521755.00"
"Fri Jul 17 2026 10:51:00 GMT+0530 (India Standard Time)","122.65","124.00","122.35","124.00","129.80","141.09","118.51","152.38","107.22","163.67","95.93","184.20","237.40","135.85","285.75","82.65","387.30","-18.90","21847020.00","435695.00"
"Fri Jul 17 2026 10:52:00 GMT+0530 (India Standard Time)","124.00","124.80","122.00","122.00","129.74","141.01","118.48","152.27","107.22","163.53","95.96","184.20","237.40","135.85","285.75","82.65","387.30","-18.90","21828560.00","811655.00"
"Fri Jul 17 2026 10:53:00 GMT+0530 (India Standard Time)","122.00","122.05","119.00","120.15","129.66","140.90","118.41","152.15","107.17","163.40","95.92","184.20","237.40","135.85","285.75","82.65","387.30","-18.90","21628945.00","967265.00"
"Fri Jul 17 2026 10:54:00 GMT+0530 (India Standard Time)","120.15","124.15","119.45","122.55","129.61","140.83","118.38","152.06","107.16","163.28","95.93","184.20","237.40","135.85","285.75","82.65","387.30","-18.90","21435440.00","716950.00"
"Fri Jul 17 2026 10:55:00 GMT+0530 (India Standard Time)","122.55","124.50","121.70","121.70","129.58","140.79","118.37","152.00","107.16","163.21","95.95","184.20","237.40","135.85","285.75","82.65","387.30","-18.90","21583445.00","485875.00"
"Fri Jul 17 2026 10:56:00 GMT+0530 (India Standard Time)","121.70","123.40","119.55","121.10","129.53","140.72","118.33","151.92","107.14","163.11","95.94","184.20","237.40","135.85","285.75","82.65","387.30","-18.90","21443890.00","623220.00"
"Fri Jul 17 2026 10:57:00 GMT+0530 (India Standard Time)","121.10","122.55","120.45","121.40","129.51","140.69","118.32","151.88","107.13","163.07","95.94","184.20","237.40","135.85","285.75","82.65","387.30","-18.90","21549840.00","293670.00"
"Fri Jul 17 2026 10:58:00 GMT+0530 (India Standard Time)","121.40","121.85","119.25","119.65","129.48","140.66","118.30","151.85","107.12","163.03","95.93","184.20","237.40","135.85","285.75","82.65","387.30","-18.90","21520330.00","303030.00"
"Fri Jul 17 2026 10:59:00 GMT+0530 (India Standard Time)","119.65","121.00","119.40","120.00","129.46","140.64","118.28","151.81","107.10","162.99","95.92","184.20","237.40","135.85","285.75","82.65","387.30","-18.90","21608665.00","278590.00"
"Fri Jul 17 2026 11:00:00 GMT+0530 (India Standard Time)","120.00","120.50","117.30","118.30","129.39","140.57","118.22","151.74","107.04","162.92","95.87","184.20","237.40","135.85","285.75","82.65","387.30","-18.90","21711885.00","650455.00"
"Fri Jul 17 2026 11:01:00 GMT+0530 (India Standard Time)","118.30","121.50","118.00","120.90","129.36","140.53","118.19","151.70","107.02","162.87","95.85","184.20","237.40","135.85","285.75","82.65","387.30","-18.90","21567715.00","403585.00"
"Fri Jul 17 2026 11:02:00 GMT+0530 (India Standard Time)","120.90","124.30","120.85","123.65","129.31","140.46","118.17","151.60","107.03","162.74","95.89","184.20","237.40","135.85","285.75","82.65","387.30","-18.90","21649615.00","791830.00"
"Fri Jul 17 2026 11:03:00 GMT+0530 (India Standard Time)","124.00","124.00","121.60","121.65","129.28","140.41","118.16","151.54","107.03","162.67","95.90","184.20","237.40","135.85","285.75","82.65","387.30","-18.90","21761350.00","477100.00"
"Fri Jul 17 2026 11:04:00 GMT+0530 (India Standard Time)","121.50","121.80","119.45","119.45","129.25","140.37","118.13","151.49","107.01","162.61","95.89","184.20","237.40","135.85","285.75","82.65","387.30","-18.90","21827130.00","461045.00"
"Fri Jul 17 2026 11:05:00 GMT+0530 (India Standard Time)","119.40","119.70","117.60","119.40","129.19","140.31","118.08","151.42","106.96","162.54","95.84","184.20","237.40","135.85","285.75","82.65","387.30","-18.90","21793330.00","586625.00"
"Fri Jul 17 2026 11:06:00 GMT+0530 (India Standard Time)","119.40","121.45","118.35","118.75","129.16","140.27","118.05","151.38","106.94","162.49","95.83","184.20","237.40","135.85","285.75","82.65","387.30","-18.90","21839740.00","376675.00"
"Fri Jul 17 2026 11:07:00 GMT+0530 (India Standard Time)","118.75","125.00","118.25","124.85","129.11","140.19","118.03","151.28","106.94","162.36","95.86","184.20","237.40","135.85","285.75","82.65","387.30","-18.90","21768240.00","858065.00"
"Fri Jul 17 2026 11:08:00 GMT+0530 (India Standard Time)","124.85","128.65","124.70","126.95","129.07","140.06","118.08","151.05","107.09","162.04","96.10","184.20","237.40","135.85","285.75","82.65","387.30","-18.90","21676265.00","2011620.00"
"Fri Jul 17 2026 11:09:00 GMT+0530 (India Standard Time)","126.95","127.75","124.30","125.10","129.04","139.99","118.09","150.94","107.14","161.89","96.19","184.20","237.40","135.85","285.75","82.65","387.30","-18.90","21670350.00","936715.00"
"Fri Jul 17 2026 11:10:00 GMT+0530 (India Standard Time)","125.10","128.55","125.05","127.85","129.03","139.94","118.12","150.85","107.21","161.76","96.30","184.20","237.40","135.85","285.75","82.65","387.30","-18.90","21711625.00","876850.00"
"Fri Jul 17 2026 11:11:00 GMT+0530 (India Standard Time)","127.85","128.15","125.20","126.75","129.01","139.89","118.14","150.77","107.26","161.64","96.38","184.20","237.40","135.85","285.75","82.65","387.30","-18.90","21844095.00","765310.00"
"Fri Jul 17 2026 11:12:00 GMT+0530 (India Standard Time)","126.75","127.40","125.70","126.20","129.00","139.86","118.15","150.72","107.29","161.58","96.43","184.20","237.40","135.85","285.75","82.65","387.30","-18.90","21883160.00","439335.00"
"Fri Jul 17 2026 11:13:00 GMT+0530 (India Standard Time)","126.20","129.95","126.00","128.95","129.00","139.80","118.19","150.61","107.39","161.41","96.58","184.20","237.40","135.85","285.75","82.65","387.30","-18.90","21775780.00","1150370.00"
"Fri Jul 17 2026 11:14:00 GMT+0530 (India Standard Time)","128.95","129.55","125.35","127.00","128.98","139.74","118.22","150.50","107.46","161.26","96.70","184.20","237.40","135.85","285.75","82.65","387.30","-18.90","21682960.00","1055730.00"
"Fri Jul 17 2026 11:15:00 GMT+0530 (India Standard Time)","127.00","127.95","126.00","126.85","128.97","139.71","118.24","150.45","107.50","161.19","96.76","184.20","237.40","135.85","285.75","82.65","387.30","-18.90","21829080.00","522210.00"
"Fri Jul 17 2026 11:16:00 GMT+0530 (India Standard Time)","126.85","130.00","126.65","129.55","128.97","139.67","118.28","150.36","107.58","161.06","96.88","184.20","237.40","135.85","285.75","82.65","387.30","-18.90","21755045.00","937300.00"
"Fri Jul 17 2026 11:17:00 GMT+0530 (India Standard Time)","129.55","129.55","126.00","127.70","128.96","139.62","118.31","150.27","107.66","160.92","97.00","184.20","237.40","135.85","285.75","82.65","387.30","-18.90","21631675.00","996125.00"
"Fri Jul 17 2026 11:18:00 GMT+0530 (India Standard Time)","127.70","130.00","127.65","129.90","128.96","139.58","118.34","150.20","107.72","160.82","97.10","184.20","237.40","135.85","285.75","82.65","387.30","-18.90","21588450.00","763360.00"
"Fri Jul 17 2026 11:19:00 GMT+0530 (India Standard Time)","129.90","130.00","126.70","127.50","128.96","139.54","118.38","150.12","107.79","160.70","97.21","184.20","237.40","135.85","285.75","82.65","387.30","-18.90","21301735.00","916890.00"
"Fri Jul 17 2026 11:20:00 GMT+0530 (India Standard Time)","127.50","128.25","126.70","127.75","128.95","139.51","118.39","150.07","107.83","160.63","97.27","184.20","237.40","135.85","285.75","82.65","387.30","-18.90","21292960.00","493285.00"
"Fri Jul 17 2026 11:21:00 GMT+0530 (India Standard Time)","127.75","128.45","126.80","126.80","128.95","139.49","118.40","150.04","107.85","160.58","97.31","184.20","237.40","135.85","285.75","82.65","387.30","-18.90","21264620.00","367445.00"
"Fri Jul 17 2026 11:22:00 GMT+0530 (India Standard Time)","126.80","126.85","122.50","124.50","128.90","139.39","118.40","149.89","107.91","160.38","97.41","184.20","237.40","135.85","285.75","82.65","387.30","-18.90","20958080.00","1453920.00"
"Fri Jul 17 2026 11:23:00 GMT+0530 (India Standard Time)","124.50","129.50","124.50","128.50","128.89","139.34","118.43","149.79","107.98","160.25","97.53","184.20","237.40","135.85","285.75","82.65","387.30","-18.90","20958340.00","1055600.00"
"Fri Jul 17 2026 11:24:00 GMT+0530 (India Standard Time)","128.50","129.70","124.80","125.50","128.87","139.30","118.45","149.72","108.02","160.15","97.60","184.20","237.40","135.85","285.75","82.65","387.30","-18.90","21067475.00","725205.00"
"Fri Jul 17 2026 11:25:00 GMT+0530 (India Standard Time)","125.50","127.60","124.80","127.25","128.86","139.27","118.46","149.67","108.05","160.08","97.65","184.20","237.40","135.85","285.75","82.65","387.30","-18.90","21079110.00","515580.00"
"Fri Jul 17 2026 11:26:00 GMT+0530 (India Standard Time)","127.25","128.90","126.20","126.55","128.86","139.24","118.47","149.63","108.09","160.01","97.70","184.20","237.40","135.85","285.75","82.65","387.30","-18.90","21200920.00","541580.00"
"Fri Jul 17 2026 11:27:00 GMT+0530 (India Standard Time)","126.55","126.55","124.95","125.65","128.85","139.21","118.48","149.58","108.11","159.95","97.74","184.20","237.40","135.85","285.75","82.65","387.30","-18.90","21233745.00","450970.00"
"Fri Jul 17 2026 11:28:00 GMT+0530 (India Standard Time)","125.65","126.95","125.15","126.05","128.84","139.20","118.48","149.55","108.13","159.91","97.77","184.20","237.40","135.85","285.75","82.65","387.30","-18.90","21218925.00","300300.00"
"Fri Jul 17 2026 11:29:00 GMT+0530 (India Standard Time)","126.05","126.75","123.50","126.65","128.83","139.16","118.49","149.50","108.15","159.84","97.82","184.20","237.40","135.85","285.75","82.65","387.30","-18.90","21295430.00","554385.00"
"Fri Jul 17 2026 11:30:00 GMT+0530 (India Standard Time)","126.50","126.70","124.60","125.85","128.82","139.14","118.49","149.47","108.17","159.79","97.84","184.20","237.40","135.85","285.75","82.65","387.30","-18.90","21390070.00","347750.00"
"Fri Jul 17 2026 11:31:00 GMT+0530 (India Standard Time)","125.90","126.50","124.65","125.40","128.81","139.13","118.50","149.44","108.18","159.76","97.86","184.20","237.40","135.85","285.75","82.65","387.30","-18.90","21407880.00","248755.00"
"Fri Jul 17 2026 11:32:00 GMT+0530 (India Standard Time)","125.15","126.60","124.50","125.30","128.80","139.11","118.50","149.41","108.19","159.72","97.89","184.20","237.40","135.85","285.75","82.65","387.30","-18.90","21468720.00","322140.00"
"Fri Jul 17 2026 11:33:00 GMT+0530 (India Standard Time)","125.35","126.70","123.35","124.10","128.79","139.08","118.50","149.37","108.21","159.66","97.92","184.20","237.40","135.85","285.75","82.65","387.30","-18.90","21547760.00","422565.00"
"Fri Jul 17 2026 11:34:00 GMT+0530 (India Standard Time)","124.05","124.05","120.10","122.55","128.73","138.99","118.47","149.26","108.21","159.52","97.94","184.20","237.40","135.85","285.75","82.65","387.30","-18.90","21265010.00","1216735.00"
"Fri Jul 17 2026 11:35:00 GMT+0530 (India Standard Time)","122.55","122.80","120.00","120.60","128.70","138.95","118.45","149.20","108.19","159.46","97.94","184.20","237.40","135.85","285.75","82.65","387.30","-18.90","21321430.00","586040.00"
"Fri Jul 17 2026 11:36:00 GMT+0530 (India Standard Time)","120.60","124.30","119.40","123.90","128.66","138.90","118.43","149.13","108.20","159.36","97.96","184.20","237.40","135.85","285.75","82.65","387.30","-18.90","21254805.00","785525.00"
"Fri Jul 17 2026 11:37:00 GMT+0530 (India Standard Time)","123.90","126.20","122.55","125.40","128.64","138.85","118.43","149.06","108.22","159.28","98.01","184.20","237.40","135.85","285.75","82.65","387.30","-18.90","21197475.00","692445.00"
"Fri Jul 17 2026 11:38:00 GMT+0530 (India Standard Time)","125.05","125.55","122.00","122.10","128.62","138.82","118.42","149.01","108.23","159.21","98.03","184.20","237.40","135.85","285.75","82.65","387.30","-18.90","21330400.00","546325.00"
"Fri Jul 17 2026 11:39:00 GMT+0530 (India Standard Time)","122.10","122.55","120.35","120.35","128.60","138.79","118.41","148.98","108.22","159.17","98.03","184.20","237.40","135.85","285.75","82.65","387.30","-18.90","21501545.00","422500.00"
"Fri Jul 17 2026 11:40:00 GMT+0530 (India Standard Time)","120.35","122.45","120.00","120.10","128.57","138.75","118.39","148.93","108.21","159.12","98.02","184.20","237.40","135.85","285.75","82.65","387.30","-18.90","21686145.00","469755.00"
"Fri Jul 17 2026 11:41:00 GMT+0530 (India Standard Time)","120.10","120.90","118.50","118.65","128.52","138.70","118.35","148.88","108.17","159.05","97.99","184.20","237.40","135.85","285.75","82.65","387.30","-18.90","21689070.00","722670.00"
"Fri Jul 17 2026 11:42:00 GMT+0530 (India Standard Time)","118.65","120.40","118.00","120.05","128.49","138.66","118.32","148.84","108.14","159.01","97.97","184.20","237.40","135.85","285.75","82.65","387.30","-18.90","21757125.00","485875.00"
"Fri Jul 17 2026 11:43:00 GMT+0530 (India Standard Time)","120.05","120.55","118.20","118.95","128.47","138.64","118.30","148.81","108.13","158.98","97.96","184.20","237.40","135.85","285.75","82.65","387.30","-18.90","21740420.00","329810.00"
"Fri Jul 17 2026 11:44:00 GMT+0530 (India Standard Time)","118.95","119.10","116.00","117.45","128.41","138.58","118.23","148.76","108.05","158.93","97.88","184.20","237.40","135.85","285.75","82.65","387.30","-18.90","21724495.00","810485.00"
"Fri Jul 17 2026 11:45:00 GMT+0530 (India Standard Time)","117.30","117.30","115.45","115.80","128.36","138.54","118.18","148.73","107.99","158.91","97.81","184.20","237.40","135.85","285.75","82.65","387.30","-18.90","21776235.00","521235.00"
"Fri Jul 17 2026 11:46:00 GMT+0530 (India Standard Time)","115.80","118.05","115.60","117.00","128.32","138.51","118.13","148.70","107.94","158.88","97.75","184.20","237.40","135.85","285.75","82.65","387.30","-18.90","21872045.00","520715.00"
"Fri Jul 17 2026 11:47:00 GMT+0530 (India Standard Time)","117.00","118.95","116.70","118.55","128.28","138.47","118.09","148.66","107.90","158.85","97.71","184.20","237.40","135.85","285.75","82.65","387.30","-18.90","21992295.00","492375.00"
"Fri Jul 17 2026 11:48:00 GMT+0530 (India Standard Time)","118.55","118.60","116.00","117.45","128.26","138.45","118.07","148.64","107.88","158.83","97.69","184.20","237.40","135.85","285.75","82.65","387.30","-18.90","22083035.00","314665.00"
"Fri Jul 17 2026 11:49:00 GMT+0530 (India Standard Time)","117.45","117.50","116.15","116.50","128.24","138.43","118.05","148.62","107.85","158.82","97.66","184.20","237.40","135.85","285.75","82.65","387.30","-18.90","22140040.00","227825.00"
"Fri Jul 17 2026 11:50:00 GMT+0530 (India Standard Time)","116.55","117.50","116.05","116.45","128.22","138.41","118.02","148.61","107.83","158.80","97.63","184.20","237.40","135.85","285.75","82.65","387.30","-18.90","22277190.00","268125.00"
"Fri Jul 17 2026 11:51:00 GMT+0530 (India Standard Time)","116.45","116.45","114.75","115.75","128.17","138.37","117.96","148.58","107.75","158.78","97.55","184.20","237.40","135.85","285.75","82.65","387.30","-18.90","22298445.00","585975.00"
"Fri Jul 17 2026 11:52:00 GMT+0530 (India Standard Time)","115.75","115.75","113.25","113.35","128.12","138.34","117.89","148.56","107.67","158.78","97.45","184.20","237.40","135.85","285.75","82.65","387.30","-18.90","22334520.00","503880.00"
"Fri Jul 17 2026 11:53:00 GMT+0530 (India Standard Time)","113.35","115.35","112.30","113.75","128.03","138.28","117.78","148.53","107.53","158.78","97.28","184.20","237.40","135.85","285.75","82.65","387.30","-18.90","22200165.00","845845.00"
"Fri Jul 17 2026 11:54:00 GMT+0530 (India Standard Time)","113.75","114.45","113.00","114.30","128.00","138.26","117.74","148.52","107.47","158.78","97.21","184.20","237.40","135.85","285.75","82.65","387.30","-18.90","22262500.00","347035.00"
"Fri Jul 17 2026 11:55:00 GMT+0530 (India Standard Time)","114.30","115.95","113.65","115.85","127.96","138.23","117.69","148.50","107.42","158.77","97.14","184.20","237.40","135.85","285.75","82.65","387.30","-18.90","22348690.00","453505.00"
"Fri Jul 17 2026 11:56:00 GMT+0530 (India Standard Time)","115.85","117.00","113.40","114.60","127.89","138.18","117.61","148.46","107.32","158.75","97.04","184.20","237.40","135.85","285.75","82.65","387.30","-18.90","22620910.00","721630.00"
"Fri Jul 17 2026 11:57:00 GMT+0530 (India Standard Time)","114.60","114.90","113.55","114.40","127.86","138.15","117.56","148.45","107.27","158.75","96.97","184.20","237.40","135.85","285.75","82.65","387.30","-18.90","22571510.00","383240.00"
"Fri Jul 17 2026 11:58:00 GMT+0530 (India Standard Time)","115.00","116.40","114.65","116.25","127.82","138.12","117.52","148.42","107.22","158.73","96.92","184.20","237.40","135.85","285.75","82.65","387.30","-18.90","22597315.00","443105.00"
"Fri Jul 17 2026 11:59:00 GMT+0530 (India Standard Time)","116.20","116.45","114.65","115.15","127.80","138.11","117.49","148.41","107.19","158.72","96.88","184.20","237.40","135.85","285.75","82.65","387.30","-18.90","22672845.00","255450.00"
"Fri Jul 17 2026 12:00:00 GMT+0530 (India Standard Time)","115.50","118.65","114.50","117.80","127.76","138.07","117.45","148.37","107.14","158.68","96.84","184.20","237.40","135.85","285.75","82.65","387.30","-18.90","22692800.00","539175.00"
"Fri Jul 17 2026 12:01:00 GMT+0530 (India Standard Time)","118.10","118.75","117.25","118.05","127.71","138.02","117.41","148.32","107.10","158.63","96.80","184.20","237.40","135.85","285.75","82.65","387.30","-18.90","22807785.00","738205.00"
"Fri Jul 17 2026 12:02:00 GMT+0530 (India Standard Time)","118.25","118.60","117.80","118.00","127.69","137.99","117.38","148.29","107.08","158.59","96.78","184.20","237.40","135.85","285.75","82.65","387.30","-18.90","22909315.00","402285.00"
"Fri Jul 17 2026 12:03:00 GMT+0530 (India Standard Time)","118.00","118.00","115.25","115.50","127.64","137.95","117.33","148.26","107.03","158.56","96.72","184.20","237.40","135.85","285.75","82.65","387.30","-18.90","23010260.00","569335.00"
"Fri Jul 17 2026 12:04:00 GMT+0530 (India Standard Time)","115.50","116.40","114.70","116.40","127.60","137.92","117.29","148.23","106.98","158.54","96.67","184.20","237.40","135.85","285.75","82.65","387.30","-18.90","23109450.00","470730.00"
"Fri Jul 17 2026 12:05:00 GMT+0530 (India Standard Time)","116.40","117.95","116.05","117.50","127.58","137.89","117.27","148.21","106.96","158.52","96.64","184.20","237.40","135.85","285.75","82.65","387.30","-18.90","23143445.00","320710.00"
"Fri Jul 17 2026 12:06:00 GMT+0530 (India Standard Time)","117.50","119.10","116.80","118.50","127.55","137.86","117.24","148.17","106.93","158.48","96.62","184.20","237.40","135.85","285.75","82.65","387.30","-18.90","23125765.00","544700.00"
"Fri Jul 17 2026 12:07:00 GMT+0530 (India Standard Time)","118.50","120.10","118.00","120.10","127.51","137.81","117.21","148.11","106.91","158.41","96.61","184.20","237.40","135.85","285.75","82.65","387.30","-18.90","23119525.00","719810.00"
"Fri Jul 17 2026 12:08:00 GMT+0530 (India Standard Time)","120.10","120.55","117.35","117.35","127.47","137.76","117.17","148.06","106.88","158.35","96.58","184.20","237.40","135.85","285.75","82.65","387.30","-18.90","23148645.00","688350.00"
"Fri Jul 17 2026 12:09:00 GMT+0530 (India Standard Time)","117.35","117.55","116.00","116.50","127.42","137.72","117.13","148.02","106.83","158.31","96.53","184.20","237.40","135.85","285.75","82.65","387.30","-18.90","23133500.00","626210.00"
"Fri Jul 17 2026 12:10:00 GMT+0530 (India Standard Time)","116.50","116.75","114.65","116.75","127.38","137.68","117.08","147.98","106.78","158.29","96.48","184.20","237.40","135.85","285.75","82.65","387.30","-18.90","23134995.00","533000.00"
"Fri Jul 17 2026 12:11:00 GMT+0530 (India Standard Time)","116.75","117.80","116.15","117.55","127.35","137.66","117.05","147.96","106.75","158.26","96.45","184.20","237.40","135.85","285.75","82.65","387.30","-18.90","23179585.00","432250.00"
"Fri Jul 17 2026 12:12:00 GMT+0530 (India Standard Time)","117.50","118.00","115.80","116.50","127.33","137.63","117.03","147.93","106.73","158.23","96.43","184.20","237.40","135.85","285.75","82.65","387.30","-18.90","23215595.00","364845.00"
"Fri Jul 17 2026 12:13:00 GMT+0530 (India Standard Time)","116.50","118.00","115.25","117.70","127.31","137.61","117.01","147.92","106.71","158.22","96.41","184.20","237.40","135.85","285.75","82.65","387.30","-18.90","23180300.00","232635.00"
"Fri Jul 17 2026 12:14:00 GMT+0530 (India Standard Time)","117.70","118.00","115.20","115.70","127.30","137.60","116.99","147.90","106.69","158.20","96.39","184.20","237.40","135.85","285.75","82.65","387.30","-18.90","23209030.00","257530.00"
"Fri Jul 17 2026 12:15:00 GMT+0530 (India Standard Time)","115.70","116.15","115.00","115.00","127.28","137.58","116.97","147.89","106.67","158.19","96.36","184.20","237.40","135.85","285.75","82.65","387.30","-18.90","23229505.00","220350.00"
"Fri Jul 17 2026 12:16:00 GMT+0530 (India Standard Time)","115.10","118.50","114.30","117.90","127.25","137.55","116.94","147.86","106.63","158.16","96.33","184.20","237.40","135.85","285.75","82.65","387.30","-18.90","23139090.00","496990.00"
"Fri Jul 17 2026 12:17:00 GMT+0530 (India Standard Time)","117.90","119.95","117.45","118.20","127.21","137.51","116.91","147.80","106.61","158.10","96.31","184.20","237.40","135.85","285.75","82.65","387.30","-18.90","23315110.00","672295.00"
"Fri Jul 17 2026 12:18:00 GMT+0530 (India Standard Time)","118.20","118.80","116.00","116.20","127.19","137.49","116.89","147.79","106.59","158.09","96.30","184.20","237.40","135.85","285.75","82.65","387.30","-18.90","23358595.00","250640.00"
"Fri Jul 17 2026 12:19:00 GMT+0530 (India Standard Time)","116.10","118.00","116.10","117.85","127.18","137.48","116.88","147.77","106.58","158.07","96.28","184.20","237.40","135.85","285.75","82.65","387.30","-18.90","23390380.00","193050.00"
"Fri Jul 17 2026 12:20:00 GMT+0530 (India Standard Time)","117.85","117.90","116.35","116.60","127.17","137.46","116.87","147.76","106.57","158.06","96.27","184.20","237.40","135.85","285.75","82.65","387.30","-18.90","23369710.00","203190.00"
"Fri Jul 17 2026 12:21:00 GMT+0530 (India Standard Time)","116.60","117.70","116.50","117.10","127.16","137.45","116.86","147.75","106.56","158.05","96.26","184.20","237.40","135.85","285.75","82.65","387.30","-18.90","23352225.00","153205.00"
"Fri Jul 17 2026 12:22:00 GMT+0530 (India Standard Time)","117.10","118.90","117.10","117.60","127.13","137.43","116.84","147.73","106.54","158.02","96.25","184.20","237.40","135.85","285.75","82.65","387.30","-18.90","23404550.00","353340.00"
"Fri Jul 17 2026 12:23:00 GMT+0530 (India Standard Time)","117.35","117.40","115.00","115.70","127.11","137.40","116.81","147.70","106.51","158.00","96.21","184.20","237.40","135.85","285.75","82.65","387.30","-18.90","23396035.00","413335.00"
"Fri Jul 17 2026 12:24:00 GMT+0530 (India Standard Time)","115.70","116.30","115.00","115.75","127.08","137.38","116.78","147.68","106.48","157.98","96.18","184.20","237.40","135.85","285.75","82.65","387.30","-18.90","23411700.00","308360.00"
"Fri Jul 17 2026 12:25:00 GMT+0530 (India Standard Time)","115.75","116.80","113.60","116.30","127.04","137.34","116.73","147.65","106.43","157.95","96.12","184.20","237.40","135.85","285.75","82.65","387.30","-18.90","23411700.00","621530.00"
"Fri Jul 17 2026 12:26:00 GMT+0530 (India Standard Time)","116.20","116.90","115.50","116.90","127.02","137.32","116.71","147.63","106.41","157.93","96.10","184.20","237.40","135.85","285.75","82.65","387.30","-18.90","23438870.00","322400.00"
"Fri Jul 17 2026 12:27:00 GMT+0530 (India Standard Time)","116.90","116.90","115.00","115.90","127.00","137.31","116.70","147.61","106.39","157.92","96.08","184.20","237.40","135.85","285.75","82.65","387.30","-18.90","23471825.00","199875.00"
"Fri Jul 17 2026 12:28:00 GMT+0530 (India Standard Time)","115.80","116.70","115.20","116.20","126.99","137.30","116.69","147.61","106.38","157.91","96.07","184.20","237.40","135.85","285.75","82.65","387.30","-18.90","23477545.00","136370.00"
"Fri Jul 17 2026 12:29:00 GMT+0530 (India Standard Time)","116.20","117.95","115.90","117.25","126.97","137.28","116.67","147.59","106.36","157.89","96.05","184.20","237.40","135.85","285.75","82.65","387.30","-18.90","23497110.00","296790.00"
"Fri Jul 17 2026 12:30:00 GMT+0530 (India Standard Time)","117.00","118.60","117.00","117.80","126.95","137.26","116.65","147.56","106.34","157.86","96.04","184.20","237.40","135.85","285.75","82.65","387.30","-18.90","23431980.00","385580.00"
"Fri Jul 17 2026 12:31:00 GMT+0530 (India Standard Time)","117.50","118.15","116.30","116.40","126.93","137.23","116.63","147.54","106.32","157.84","96.02","184.20","237.40","135.85","285.75","82.65","387.30","-18.90","23472670.00","328185.00"
"Fri Jul 17 2026 12:32:00 GMT+0530 (India Standard Time)","116.40","117.95","116.00","117.95","126.92","137.22","116.62","147.52","106.31","157.83","96.01","184.20","237.40","135.85","285.75","82.65","387.30","-18.90","23502310.00","197145.00"
"Fri Jul 17 2026 12:33:00 GMT+0530 (India Standard Time)","117.95","118.00","115.65","116.05","126.91","137.21","116.60","147.51","106.30","157.81","96.00","184.20","237.40","135.85","285.75","82.65","387.30","-18.90","23504065.00","199940.00"
"Fri Jul 17 2026 12:34:00 GMT+0530 (India Standard Time)","116.05","116.40","115.00","116.20","126.89","137.19","116.58","147.49","106.28","157.80","95.98","184.20","237.40","135.85","285.75","82.65","387.30","-18.90","23493730.00","288925.00"
"Fri Jul 17 2026 12:35:00 GMT+0530 (India Standard Time)","116.20","116.60","115.50","116.15","126.88","137.18","116.57","147.48","106.27","157.79","95.96","184.20","237.40","135.85","285.75","82.65","387.30","-18.90","23496590.00","162240.00"
"Fri Jul 17 2026 12:36:00 GMT+0530 (India Standard Time)","116.15","116.50","115.50","115.80","126.86","137.17","116.56","147.47","106.25","157.78","95.95","184.20","237.40","135.85","285.75","82.65","387.30","-18.90","23561655.00","164385.00"
"Fri Jul 17 2026 12:37:00 GMT+0530 (India Standard Time)","115.80","117.15","115.10","117.00","126.85","137.15","116.54","147.46","106.24","157.76","95.93","184.20","237.40","135.85","285.75","82.65","387.30","-18.90","23593895.00","286975.00"
"Fri Jul 17 2026 12:38:00 GMT+0530 (India Standard Time)","117.15","117.95","116.15","116.85","126.83","137.13","116.52","147.44","106.22","157.74","95.91","184.20","237.40","135.85","285.75","82.65","387.30","-18.90","23590255.00","307125.00"
"Fri Jul 17 2026 12:39:00 GMT+0530 (India Standard Time)","116.85","117.40","115.60","116.60","126.81","137.12","116.51","147.42","106.21","157.73","95.90","184.20","237.40","135.85","285.75","82.65","387.30","-18.90","23618660.00","205920.00"
"Fri Jul 17 2026 12:40:00 GMT+0530 (India Standard Time)","116.80","119.35","116.35","119.25","126.79","137.09","116.49","147.39","106.19","157.69","95.89","184.20","237.40","135.85","285.75","82.65","387.30","-18.90","23678005.00","445705.00"
"Fri Jul 17 2026 12:41:00 GMT+0530 (India Standard Time)","119.25","120.30","117.40","117.40","126.73","137.02","116.44","147.30","106.16","157.59","95.87","184.20","237.40","135.85","285.75","82.65","387.30","-18.90","23632245.00","1166425.00"
"Fri Jul 17 2026 12:42:00 GMT+0530 (India Standard Time)","117.30","117.55","115.25","115.25","126.70","136.99","116.41","147.27","106.12","157.56","95.83","184.20","237.40","135.85","285.75","82.65","387.30","-18.90","23654865.00","500760.00"
"Fri Jul 17 2026 12:43:00 GMT+0530 (India Standard Time)","115.25","117.95","115.00","117.30","126.67","136.96","116.39","147.25","106.10","157.54","95.81","184.20","237.40","135.85","285.75","82.65","387.30","-18.90","23659610.00","389220.00"
"Fri Jul 17 2026 12:44:00 GMT+0530 (India Standard Time)","117.30","117.50","115.70","116.05","126.66","136.95","116.38","147.24","106.09","157.53","95.80","184.20","237.40","135.85","285.75","82.65","387.30","-18.90","23657725.00","175435.00"
"Fri Jul 17 2026 12:45:00 GMT+0530 (India Standard Time)","116.05","116.05","113.00","113.60","126.60","136.90","116.30","147.20","106.00","157.50","95.70","184.20","237.40","135.85","285.75","82.65","387.30","-18.90","23709010.00","808080.00"
"Fri Jul 17 2026 12:46:00 GMT+0530 (India Standard Time)","113.65","115.45","113.65","114.85","126.58","136.88","116.28","147.19","105.98","157.49","95.67","184.20","237.40","135.85","285.75","82.65","387.30","-18.90","23662145.00","294970.00"
"Fri Jul 17 2026 12:47:00 GMT+0530 (India Standard Time)","114.85","115.40","114.00","114.35","126.56","136.87","116.26","147.17","105.95","157.48","95.65","184.20","237.40","135.85","285.75","82.65","387.30","-18.90","23706020.00","223665.00"
"Fri Jul 17 2026 12:48:00 GMT+0530 (India Standard Time)","114.35","114.95","113.00","113.00","126.53","136.84","116.22","147.15","105.90","157.47","95.59","184.20","237.40","135.85","285.75","82.65","387.30","-18.90","23752495.00","447850.00"
"Fri Jul 17 2026 12:49:00 GMT+0530 (India Standard Time)","112.35","112.65","101.05","107.75","126.20","136.73","115.68","147.25","105.15","157.78","94.63","184.20","237.40","135.85","285.75","82.65","387.30","-18.90","23616450.00","2836080.00"
"Fri Jul 17 2026 12:50:00 GMT+0530 (India Standard Time)","107.75","114.20","107.75","114.00","126.10","136.66","115.55","147.21","104.99","157.77","94.44","184.20","237.40","135.85","285.75","82.65","387.30","-18.90","23129275.00","1201720.00"
"Fri Jul 17 2026 12:51:00 GMT+0530 (India Standard Time)","114.00","116.10","113.10","114.00","125.98","136.55","115.42","147.12","104.85","157.68","94.28","184.20","237.40","135.85","285.75","82.65","387.30","-18.90","23291710.00","1765270.00"
"Fri Jul 17 2026 12:52:00 GMT+0530 (India Standard Time)","113.95","115.60","113.60","115.10","125.96","136.53","115.39","147.09","104.82","157.66","94.25","184.20","237.40","135.85","285.75","82.65","387.30","-18.90","23843300.00","397215.00"
"Fri Jul 17 2026 12:53:00 GMT+0530 (India Standard Time)","115.10","117.75","114.55","116.60","125.91","136.48","115.35","147.04","104.78","157.60","94.22","184.20","237.40","135.85","285.75","82.65","387.30","-18.90","23916425.00","812825.00"
"Fri Jul 17 2026 12:54:00 GMT+0530 (India Standard Time)","116.75","118.75","116.30","117.65","125.87","136.42","115.31","146.97","104.76","157.53","94.21","184.20","237.40","135.85","285.75","82.65","387.30","-18.90","24079965.00","927680.00"
"Fri Jul 17 2026 12:55:00 GMT+0530 (India Standard Time)","117.40","119.25","115.10","119.00","125.83","136.38","115.29","146.92","104.75","157.47","94.20","184.20","237.40","135.85","285.75","82.65","387.30","-18.90","24155040.00","694525.00"
"Fri Jul 17 2026 12:56:00 GMT+0530 (India Standard Time)","119.00","119.35","116.30","116.60","125.81","136.34","115.27","146.88","104.73","157.42","94.19","184.20","237.40","135.85","285.75","82.65","387.30","-18.90","24164400.00","609310.00"
"Fri Jul 17 2026 12:57:00 GMT+0530 (India Standard Time)","116.55","116.55","112.65","114.65","125.75","136.29","115.21","146.83","104.67","157.37","94.13","184.20","237.40","135.85","285.75","82.65","387.30","-18.90","24322610.00","861510.00"
"Fri Jul 17 2026 12:58:00 GMT+0530 (India Standard Time)","115.15","115.85","113.45","115.25","125.73","136.27","115.19","146.81","104.65","157.36","94.11","184.20","237.40","135.85","285.75","82.65","387.30","-18.90","24209055.00","315575.00"
"Fri Jul 17 2026 12:59:00 GMT+0530 (India Standard Time)","115.30","115.30","113.15","113.15","125.71","136.25","115.17","146.80","104.62","157.34","94.08","184.20","237.40","135.85","285.75","82.65","387.30","-18.90","24298430.00","325195.00"
"Fri Jul 17 2026 13:00:00 GMT+0530 (India Standard Time)","113.15","114.05","111.40","113.55","125.68","136.23","115.13","146.78","104.58","157.33","94.03","184.20","237.40","135.85","285.75","82.65","387.30","-18.90","24369930.00","438685.00"
"Fri Jul 17 2026 13:01:00 GMT+0530 (India Standard Time)","113.55","113.60","110.80","112.40","125.61","136.18","115.05","146.74","104.48","157.31","93.91","184.20","237.40","135.85","285.75","82.65","387.30","-18.90","24435645.00","873145.00"
"Fri Jul 17 2026 13:02:00 GMT+0530 (India Standard Time)","112.40","114.00","112.00","113.65","125.59","136.16","115.02","146.73","104.45","157.30","93.88","184.20","237.40","135.85","285.75","82.65","387.30","-18.90","23988640.00","319410.00"
"Fri Jul 17 2026 13:03:00 GMT+0530 (India Standard Time)","113.65","115.00","112.95","113.95","125.56","136.14","114.99","146.71","104.42","157.28","93.85","184.20","237.40","135.85","285.75","82.65","387.30","-18.90","24046620.00","386425.00"
"Fri Jul 17 2026 13:04:00 GMT+0530 (India Standard Time)","113.95","113.95","112.40","113.65","125.55","136.12","114.97","146.70","104.40","157.27","93.83","184.20","237.40","135.85","285.75","82.65","387.30","-18.90","24096280.00","237575.00"
"Fri Jul 17 2026 13:05:00 GMT+0530 (India Standard Time)","113.65","114.95","113.40","113.80","125.53","136.11","114.96","146.68","104.38","157.26","93.80","184.20","237.40","135.85","285.75","82.65","387.30","-18.90","24110515.00","262600.00"
"Fri Jul 17 2026 13:06:00 GMT+0530 (India Standard Time)","113.80","114.20","112.20","112.55","125.52","136.09","114.94","146.67","104.36","157.25","93.78","184.20","237.40","135.85","285.75","82.65","387.30","-18.90","24135020.00","213785.00"
"Fri Jul 17 2026 13:07:00 GMT+0530 (India Standard Time)","112.55","116.20","112.00","115.90","125.49","136.07","114.91","146.65","104.33","157.23","93.75","184.20","237.40","135.85","285.75","82.65","387.30","-18.90","24167455.00","447980.00"
"Fri Jul 17 2026 13:08:00 GMT+0530 (India Standard Time)","115.90","115.90","114.10","115.00","125.47","136.05","114.90","146.63","104.32","157.21","93.74","184.20","237.40","135.85","285.75","82.65","387.30","-18.90","24053900.00","273520.00"
"Fri Jul 17 2026 13:09:00 GMT+0530 (India Standard Time)","115.00","115.40","114.10","115.10","125.46","136.04","114.89","146.62","104.31","157.20","93.73","184.20","237.40","135.85","285.75","82.65","387.30","-18.90","24105835.00","166920.00"
"Fri Jul 17 2026 13:10:00 GMT+0530 (India Standard Time)","115.10","115.40","113.85","114.30","125.45","136.03","114.87","146.61","104.30","157.19","93.72","184.20","237.40","135.85","285.75","82.65","387.30","-18.90","24108695.00","178945.00"
"Fri Jul 17 2026 13:11:00 GMT+0530 (India Standard Time)","114.30","114.80","113.00","114.15","125.44","136.02","114.86","146.60","104.28","157.18","93.70","184.20","237.40","135.85","285.75","82.65","387.30","-18.90","24096150.00","198445.00"
"Fri Jul 17 2026 13:12:00 GMT+0530 (India Standard Time)","114.15","116.15","113.60","116.15","125.43","136.00","114.85","146.58","104.27","157.16","93.69","184.20","237.40","135.85","285.75","82.65","387.30","-18.90","24096930.00","268905.00"
"Fri Jul 17 2026 13:13:00 GMT+0530 (India Standard Time)","116.15","116.25","113.80","114.20","125.40","135.98","114.83","146.56","104.25","157.14","93.67","184.20","237.40","135.85","285.75","82.65","387.30","-18.90","24141000.00","347165.00"
"Fri Jul 17 2026 13:14:00 GMT+0530 (India Standard Time)","114.20","114.75","112.70","114.00","125.39","135.97","114.81","146.55","104.22","157.13","93.64","184.20","237.40","135.85","285.75","82.65","387.30","-18.90","24227060.00","291785.00"
"Fri Jul 17 2026 13:15:00 GMT+0530 (India Standard Time)","114.00","119.65","114.00","117.40","125.34","135.91","114.77","146.48","104.20","157.05","93.63","184.20","237.40","135.85","285.75","82.65","387.30","-18.90","24186890.00","1034670.00"
"Fri Jul 17 2026 13:16:00 GMT+0530 (India Standard Time)","117.40","117.85","116.20","116.60","125.31","135.87","114.75","146.44","104.18","157.00","93.62","184.20","237.40","135.85","285.75","82.65","387.30","-18.90","24060400.00","624780.00"
"Fri Jul 17 2026 13:17:00 GMT+0530 (India Standard Time)","116.60","117.90","115.95","116.65","125.30","135.86","114.74","146.42","104.18","156.98","93.62","184.20","237.40","135.85","285.75","82.65","387.30","-18.90","24147370.00","303615.00"
"Fri Jul 17 2026 13:18:00 GMT+0530 (India Standard Time)","116.65","117.55","115.05","116.70","125.28","135.84","114.72","146.40","104.17","156.95","93.61","184.20","237.40","135.85","285.75","82.65","387.30","-18.90","24123840.00","320645.00"
"Fri Jul 17 2026 13:19:00 GMT+0530 (India Standard Time)","116.70","118.30","116.25","117.90","125.27","135.82","114.71","146.38","104.16","156.93","93.61","184.20","237.40","135.85","285.75","82.65","387.30","-18.90","24091080.00","290030.00"
"Fri Jul 17 2026 13:20:00 GMT+0530 (India Standard Time)","117.90","117.90","115.30","116.50","125.26","135.81","114.70","146.36","104.15","156.91","93.60","184.20","237.40","135.85","285.75","82.65","387.30","-18.90","24105445.00","259285.00"
"Fri Jul 17 2026 13:21:00 GMT+0530 (India Standard Time)","116.50","117.60","115.90","117.15","125.25","135.80","114.70","146.35","104.15","156.89","93.60","184.20","237.40","135.85","285.75","82.65","387.30","-18.90","24107005.00","194415.00"
"Fri Jul 17 2026 13:22:00 GMT+0530 (India Standard Time)","117.15","117.45","116.15","116.60","125.24","135.78","114.69","146.33","104.14","156.88","93.60","184.20","237.40","135.85","285.75","82.65","387.30","-18.90","24080030.00","248560.00"
"Fri Jul 17 2026 13:23:00 GMT+0530 (India Standard Time)","116.35","118.40","115.85","118.15","125.22","135.76","114.68","146.31","104.14","156.85","93.59","184.20","237.40","135.85","285.75","82.65","387.30","-18.90","24094850.00","329875.00"
"Fri Jul 17 2026 13:24:00 GMT+0530 (India Standard Time)","118.05","120.55","116.65","120.20","125.19","135.71","114.67","146.24","104.14","156.76","93.62","184.20","237.40","135.85","285.75","82.65","387.30","-18.90","24082305.00","961610.00"
"Fri Jul 17 2026 13:25:00 GMT+0530 (India Standard Time)","120.30","122.00","116.95","117.00","125.14","135.63","114.64","146.13","104.14","156.63","93.64","184.20","237.40","135.85","285.75","82.65","387.30","-18.90","23881585.00","1535105.00"
"Fri Jul 17 2026 13:26:00 GMT+0530 (India Standard Time)","116.65","120.40","116.10","119.40","125.11","135.60","114.63","146.09","104.14","156.57","93.66","184.20","237.40","135.85","285.75","82.65","387.30","-18.90","23991890.00","654615.00"
"Fri Jul 17 2026 13:27:00 GMT+0530 (India Standard Time)","119.70","121.50","119.65","121.50","125.10","135.58","114.63","146.05","104.15","156.53","93.68","184.20","237.40","135.85","285.75","82.65","387.30","-18.90","24020425.00","523510.00"
"Fri Jul 17 2026 13:28:00 GMT+0530 (India Standard Time)","121.30","121.75","120.15","120.50","125.09","135.54","114.63","146.00","104.17","156.46","93.71","184.20","237.40","135.85","285.75","82.65","387.30","-18.90","24048960.00","718380.00"
"Fri Jul 17 2026 13:29:00 GMT+0530 (India Standard Time)","120.50","120.90","117.30","119.50","125.06","135.51","114.62","145.95","104.18","156.39","93.73","184.20","237.40","135.85","285.75","82.65","387.30","-18.90","24009635.00","768755.00"
"Fri Jul 17 2026 13:30:00 GMT+0530 (India Standard Time)","119.50","119.80","117.55","118.10","125.05","135.49","114.61","145.93","104.18","156.37","93.74","184.20","237.40","135.85","285.75","82.65","387.30","-18.90","23971220.00","315575.00"
"Fri Jul 17 2026 13:31:00 GMT+0530 (India Standard Time)","118.10","119.65","116.20","119.35","125.03","135.46","114.60","145.89","104.17","156.32","93.75","184.20","237.40","135.85","285.75","82.65","387.30","-18.90","23859160.00","590460.00"
"Fri Jul 17 2026 13:32:00 GMT+0530 (India Standard Time)","119.35","121.25","118.50","119.60","125.01","135.43","114.60","145.85","104.18","156.26","93.77","184.20","237.40","135.85","285.75","82.65","387.30","-18.90","23880740.00","616265.00"
"Fri Jul 17 2026 13:33:00 GMT+0530 (India Standard Time)","119.60","121.05","119.60","120.10","125.00","135.41","114.60","145.82","104.19","156.23","93.78","184.20","237.40","135.85","285.75","82.65","387.30","-18.90","23987860.00","394810.00"
"Fri Jul 17 2026 13:34:00 GMT+0530 (India Standard Time)","120.10","121.00","118.45","118.95","124.99","135.39","114.59","145.79","104.19","156.19","93.79","184.20","237.40","135.85","285.75","82.65","387.30","-18.90","23979930.00","370045.00"
"Fri Jul 17 2026 13:35:00 GMT+0530 (India Standard Time)","118.95","118.95","117.25","118.40","124.98","135.37","114.59","145.77","104.19","156.16","93.80","184.20","237.40","135.85","285.75","82.65","387.30","-18.90","24036285.00","432250.00"
"Fri Jul 17 2026 13:36:00 GMT+0530 (India Standard Time)","117.80","118.10","114.60","117.60","124.94","135.32","114.56","145.71","104.17","156.09","93.79","184.20","237.40","135.85","285.75","82.65","387.30","-18.90","23874630.00","913770.00"
"Fri Jul 17 2026 13:37:00 GMT+0530 (India Standard Time)","117.60","120.50","116.55","120.10","124.92","135.29","114.55","145.67","104.18","156.04","93.80","184.20","237.40","135.85","285.75","82.65","387.30","-18.90","23794420.00","632255.00"
"Fri Jul 17 2026 13:38:00 GMT+0530 (India Standard Time)","119.95","120.70","118.80","120.25","124.91","135.27","114.55","145.64","104.18","156.00","93.82","184.20","237.40","135.85","285.75","82.65","387.30","-18.90","23762050.00","450905.00"
"Fri Jul 17 2026 13:39:00 GMT+0530 (India Standard Time)","120.25","120.40","118.05","118.65","124.90","135.26","114.54","145.61","104.18","155.97","93.83","184.20","237.40","135.85","285.75","82.65","387.30","-18.90","23793380.00","323050.00"
"Fri Jul 17 2026 13:40:00 GMT+0530 (India Standard Time)","118.65","124.00","118.65","123.00","124.88","135.21","114.55","145.53","104.23","155.86","93.90","184.20","237.40","135.85","285.75","82.65","387.30","-18.90","23726690.00","1307085.00"
"Fri Jul 17 2026 13:41:00 GMT+0530 (India Standard Time)","123.00","126.60","121.35","121.40","124.87","135.15","114.58","145.43","104.30","155.72","94.01","184.20","237.40","135.85","285.75","82.65","387.30","-18.90","23460060.00","1630330.00"
"Fri Jul 17 2026 13:42:00 GMT+0530 (India Standard Time)","121.40","126.05","121.15","124.75","124.86","135.12","114.60","145.38","104.34","155.64","94.09","184.20","237.40","135.85","285.75","82.65","387.30","-18.90","23450245.00","1034930.00"
"Fri Jul 17 2026 13:43:00 GMT+0530 (India Standard Time)","124.75","126.35","123.60","123.70","124.86","135.09","114.63","145.32","104.39","155.56","94.16","184.20","237.40","135.85","285.75","82.65","387.30","-18.90","23275200.00","991120.00"
"Fri Jul 17 2026 13:44:00 GMT+0530 (India Standard Time)","123.70","126.00","122.00","123.00","124.85","135.07","114.64","145.28","104.43","155.49","94.22","184.20","237.40","135.85","285.75","82.65","387.30","-18.90","23219365.00","803595.00"
"Fri Jul 17 2026 13:45:00 GMT+0530 (India Standard Time)","122.95","125.15","122.95","123.65","124.85","135.04","114.66","145.24","104.46","155.43","94.27","184.20","237.40","135.85","285.75","82.65","387.30","-18.90","23323235.00","778050.00"
"Fri Jul 17 2026 13:46:00 GMT+0530 (India Standard Time)","123.65","128.50","123.00","128.05","124.86","135.02","114.71","145.17","104.56","155.32","94.41","184.20","237.40","135.85","285.75","82.65","387.30","-18.90","23302045.00","1654120.00"
"Fri Jul 17 2026 13:47:00 GMT+0530 (India Standard Time)","128.05","131.25","127.45","128.30","124.92","135.02","114.82","145.11","104.72","155.21","94.62","184.20","237.40","135.85","285.75","82.65","387.30","-18.90","22873825.00","2631785.00"
"Fri Jul 17 2026 13:48:00 GMT+0530 (India Standard Time)","128.30","129.40","125.65","126.30","124.93","135.00","114.86","145.07","104.79","155.14","94.72","184.20","237.40","135.85","285.75","82.65","387.30","-18.90","22388405.00","1258270.00"
"Fri Jul 17 2026 13:49:00 GMT+0530 (India Standard Time)","126.30","129.00","125.60","128.70","124.94","134.99","114.89","145.04","104.84","155.09","94.79","184.20","237.40","135.85","285.75","82.65","387.30","-18.90","22241115.00","838825.00"
"Fri Jul 17 2026 13:50:00 GMT+0530 (India Standard Time)","128.85","132.40","128.45","130.95","125.01","135.02","115.01","145.03","105.00","155.03","94.99","184.20","237.40","135.85","285.75","82.65","387.30","-18.90","22118460.00","2653300.00"
"Fri Jul 17 2026 13:51:00 GMT+0530 (India Standard Time)","131.30","137.15","131.20","135.00","125.20","135.20","115.21","145.19","105.21","155.18","95.22","184.20","237.40","135.85","285.75","82.65","387.30","-18.90","21630570.00","4329650.00"
"Fri Jul 17 2026 13:52:00 GMT+0530 (India Standard Time)","135.00","135.00","131.00","133.10","125.27","135.25","115.30","145.23","105.32","155.20","95.34","184.20","237.40","135.85","285.75","82.65","387.30","-18.90","20866755.00","1936350.00"
"Fri Jul 17 2026 13:53:00 GMT+0530 (India Standard Time)","133.75","133.75","130.25","131.25","125.31","135.27","115.36","145.23","105.40","155.19","95.44","184.20","237.40","135.85","285.75","82.65","387.30","-18.90","20640620.00","1394705.00"
"Fri Jul 17 2026 13:54:00 GMT+0530 (India Standard Time)","130.70","131.70","127.55","128.50","125.34","135.27","115.40","145.21","105.47","155.14","95.53","184.20","237.40","135.85","285.75","82.65","387.30","-18.90","20381335.00","1204190.00"
"Fri Jul 17 2026 13:55:00 GMT+0530 (India Standard Time)","129.00","130.75","124.65","126.65","125.35","135.25","115.45","145.15","105.54","155.06","95.64","184.20","237.40","135.85","285.75","82.65","387.30","-18.90","20253155.00","1506570.00"
"Fri Jul 17 2026 13:56:00 GMT+0530 (India Standard Time)","126.60","129.90","126.50","127.70","125.36","135.24","115.48","145.13","105.60","155.01","95.71","184.20","237.40","135.85","285.75","82.65","387.30","-18.90","20106580.00","987740.00"
"Fri Jul 17 2026 13:57:00 GMT+0530 (India Standard Time)","127.60","128.55","125.60","127.05","125.37","135.23","115.50","145.10","105.63","154.97","95.76","184.20","237.40","135.85","285.75","82.65","387.30","-18.90","20224750.00","686985.00"
"Fri Jul 17 2026 13:58:00 GMT+0530 (India Standard Time)","127.05","128.00","125.30","125.80","125.37","135.22","115.51","145.08","105.66","154.93","95.80","184.20","237.40","135.85","285.75","82.65","387.30","-18.90","20312175.00","570505.00"
"Fri Jul 17 2026 13:59:00 GMT+0530 (India Standard Time)","125.85","126.05","116.75","118.40","125.32","135.14","115.50","144.95","105.68","154.77","95.87","184.20","237.40","135.85","285.75","82.65","387.30","-18.90","20147140.00","2256150.00"
"Fri Jul 17 2026 14:00:00 GMT+0530 (India Standard Time)","118.40","121.85","118.40","119.60","125.30","135.10","115.49","144.90","105.69","154.71","95.89","184.20","237.40","135.85","285.75","82.65","387.30","-18.90","20117890.00","973635.00"
"Fri Jul 17 2026 14:01:00 GMT+0530 (India Standard Time)","119.60","122.50","118.70","120.80","125.28","135.07","115.49","144.86","105.70","154.65","95.91","184.20","237.40","135.85","285.75","82.65","387.30","-18.90","20198230.00","801580.00"
"Fri Jul 17 2026 14:02:00 GMT+0530 (India Standard Time)","121.00","123.60","120.75","122.30","125.27","135.05","115.49","144.82","105.72","154.60","95.94","184.20","237.40","135.85","285.75","82.65","387.30","-18.90","20169890.00","689780.00"
"Fri Jul 17 2026 14:03:00 GMT+0530 (India Standard Time)","122.30","122.80","120.65","120.70","125.26","135.03","115.49","144.80","105.73","154.57","95.96","184.20","237.40","135.85","285.75","82.65","387.30","-18.90","20337460.00","373360.00"
"Fri Jul 17 2026 14:04:00 GMT+0530 (India Standard Time)","120.70","120.70","118.10","119.35","125.25","135.01","115.49","144.77","105.73","154.53","95.97","184.20","237.40","135.85","285.75","82.65","387.30","-18.90","20378995.00","691600.00"
"Fri Jul 17 2026 14:05:00 GMT+0530 (India Standard Time)","119.35","119.65","116.25","117.20","125.22","134.97","115.46","144.72","105.71","154.47","95.96","184.20","237.40","135.85","285.75","82.65","387.30","-18.90","20384650.00","892775.00"
"Fri Jul 17 2026 14:06:00 GMT+0530 (India Standard Time)","117.20","120.60","117.00","120.60","125.20","134.95","115.46","144.69","105.71","154.44","95.97","184.20","237.40","135.85","285.75","82.65","387.30","-18.90","20237100.00","539045.00"
"Fri Jul 17 2026 14:07:00 GMT+0530 (India Standard Time)","120.60","120.80","118.70","118.90","125.19","134.93","115.45","144.67","105.71","154.41","95.98","184.20","237.40","135.85","285.75","82.65","387.30","-18.90","20291245.00","495235.00"
"Fri Jul 17 2026 14:08:00 GMT+0530 (India Standard Time)","118.90","121.45","118.15","119.95","125.18","134.91","115.45","144.64","105.72","154.37","95.99","184.20","237.40","135.85","285.75","82.65","387.30","-18.90","20292740.00","467090.00"
"Fri Jul 17 2026 14:09:00 GMT+0530 (India Standard Time)","119.95","120.05","118.70","119.00","125.17","134.90","115.45","144.63","105.72","154.36","95.99","184.20","237.40","135.85","285.75","82.65","387.30","-18.90","20350720.00","227370.00"
"Fri Jul 17 2026 14:10:00 GMT+0530 (India Standard Time)","119.00","119.40","117.50","118.00","125.16","134.89","115.44","144.61","105.72","154.34","95.99","184.20","237.40","135.85","285.75","82.65","387.30","-18.90","20376135.00","339690.00"
"Fri Jul 17 2026 14:11:00 GMT+0530 (India Standard Time)","118.00","118.00","112.25","112.25","125.08","134.82","115.35","144.55","105.62","154.29","95.88","184.20","237.40","135.85","285.75","82.65","387.30","-18.90","20237295.00","1713465.00"
"Fri Jul 17 2026 14:12:00 GMT+0530 (India Standard Time)","112.25","113.15","108.20","109.00","124.97","134.75","115.18","144.54","105.40","154.32","95.61","184.20","237.40","135.85","285.75","82.65","387.30","-18.90","20140640.00","1838265.00"
"Fri Jul 17 2026 14:13:00 GMT+0530 (India Standard Time)","109.00","109.40","104.25","105.05","124.83","134.71","114.96","144.59","105.08","154.46","95.20","184.20","237.40","135.85","285.75","82.65","387.30","-18.90","20064590.00","1689155.00"
"Fri Jul 17 2026 14:14:00 GMT+0530 (India Standard Time)","105.05","106.75","104.10","104.15","124.74","134.69","114.80","144.63","104.85","154.58","94.91","184.20","237.40","135.85","285.75","82.65","387.30","-18.90","20100795.00","1108640.00"
"Fri Jul 17 2026 14:15:00 GMT+0530 (India Standard Time)","104.15","104.95","76.60","76.60","123.91","135.24","112.59","146.56","101.26","157.88","89.94","184.20","237.40","135.85","285.75","82.65","387.30","-18.90","19883500.00","5235100.00"
"Fri Jul 17 2026 14:16:00 GMT+0530 (India Standard Time)","76.45","83.20","71.75","77.95","123.07","135.88","110.27","148.69","97.46","161.49","84.65","184.20","237.40","135.85","285.75","82.65","387.30","-18.90","19130215.00","4500535.00"
"Fri Jul 17 2026 14:17:00 GMT+0530 (India Standard Time)","77.20","82.50","77.20","81.60","122.54","136.12","108.96","149.70","95.38","163.28","81.79","184.20","237.40","135.85","285.75","82.65","387.30","-18.90","19223100.00","3151330.00"
"Fri Jul 17 2026 14:18:00 GMT+0530 (India Standard Time)","81.40","87.70","81.40","84.60","122.24","136.18","108.30","150.11","94.37","164.05","80.43","184.20","237.40","135.85","285.75","82.65","387.30","-18.90","19464250.00","1987310.00"
"Fri Jul 17 2026 14:19:00 GMT+0530 (India Standard Time)","85.50","91.50","85.35","91.50","121.95","136.16","107.74","150.37","93.53","164.58","79.32","184.20","237.40","135.85","285.75","82.65","387.30","-18.90","19548880.00","2254850.00"
"Fri Jul 17 2026 14:20:00 GMT+0530 (India Standard Time)","90.70","93.65","87.50","93.60","121.72","136.12","107.33","150.52","92.93","164.92","78.53","184.20","237.40","135.85","285.75","82.65","387.30","-18.90","19452550.00","1941420.00"
"Fri Jul 17 2026 14:21:00 GMT+0530 (India Standard Time)","93.20","96.75","91.35","95.50","121.52","136.05","106.99","150.59","92.46","165.12","77.92","184.20","237.40","135.85","285.75","82.65","387.30","-18.90","19277830.00","1931670.00"
"Fri Jul 17 2026 14:22:00 GMT+0530 (India Standard Time)","94.80","99.40","94.80","99.40","121.38","135.98","106.78","150.59","92.17","165.19","77.57","184.20","237.40","135.85","285.75","82.65","387.30","-18.90","19115525.00","1566630.00"
"Fri Jul 17 2026 14:23:00 GMT+0530 (India Standard Time)","101.00","103.90","98.55","103.90","121.24","135.88","106.60","150.52","91.95","165.17","77.31","184.20","237.40","135.85","285.75","82.65","387.30","-18.90","19091930.00","1913860.00"
"Fri Jul 17 2026 14:24:00 GMT+0530 (India Standard Time)","103.75","103.75","98.40","98.40","121.11","135.80","106.42","150.49","91.73","165.18","77.04","184.20","237.40","135.85","285.75","82.65","387.30","-18.90","18775380.00","1602965.00"
"Fri Jul 17 2026 14:25:00 GMT+0530 (India Standard Time)","98.45","99.70","92.50","94.90","120.95","135.73","106.18","150.51","91.40","165.29","76.62","184.20","237.40","135.85","285.75","82.65","387.30","-18.90","18764785.00","1647295.00"
"Fri Jul 17 2026 14:26:00 GMT+0530 (India Standard Time)","95.25","95.25","92.40","93.20","120.87","135.70","106.04","150.54","91.20","165.37","76.37","184.20","237.40","135.85","285.75","82.65","387.30","-18.90","18515380.00","825500.00"
"Fri Jul 17 2026 14:27:00 GMT+0530 (India Standard Time)","93.20","94.00","90.50","90.50","120.80","135.68","105.91","150.57","91.02","165.46","76.13","184.20","237.40","135.85","285.75","82.65","387.30","-18.90","18674370.00","676260.00"
"Fri Jul 17 2026 14:28:00 GMT+0530 (India Standard Time)","90.50","91.85","88.60","91.45","120.68","135.66","105.71","150.63","90.73","165.60","75.76","184.20","237.40","135.85","285.75","82.65","387.30","-18.90","18683730.00","1019915.00"
"Fri Jul 17 2026 14:29:00 GMT+0530 (India Standard Time)","91.45","101.50","91.45","99.40","120.50","135.55","105.44","150.61","90.39","165.67","75.33","184.20","237.40","135.85","285.75","82.65","387.30","-18.90","18702840.00","2126475.00"
"Fri Jul 17 2026 14:30:00 GMT+0530 (India Standard Time)","99.40","99.40","92.65","93.30","120.37","135.49","105.24","150.62","90.12","165.75","74.99","184.20","237.40","135.85","285.75","82.65","387.30","-18.90","19013280.00","1405820.00"
"Fri Jul 17 2026 14:31:00 GMT+0530 (India Standard Time)","93.30","96.70","92.70","95.70","120.30","135.47","105.14","150.63","89.98","165.79","74.82","184.20","237.40","135.85","285.75","82.65","387.30","-18.90","19089590.00","685880.00"
"Fri Jul 17 2026 14:32:00 GMT+0530 (India Standard Time)","95.70","96.30","94.45","95.05","120.25","135.44","105.06","150.63","89.88","165.82","74.69","184.20","237.40","135.85","285.75","82.65","387.30","-18.90","19145880.00","575185.00"
"Fri Jul 17 2026 14:33:00 GMT+0530 (India Standard Time)","95.30","96.75","94.75","95.55","120.21","135.42","105.01","150.63","89.80","165.83","74.59","184.20","237.40","135.85","285.75","82.65","387.30","-18.90","19224595.00","437775.00"
"Fri Jul 17 2026 14:34:00 GMT+0530 (India Standard Time)","95.55","96.15","93.90","94.85","120.16","135.40","104.93","150.63","89.69","165.86","74.46","184.20","237.40","135.85","285.75","82.65","387.30","-18.90","19332560.00","549900.00"
"Fri Jul 17 2026 14:35:00 GMT+0530 (India Standard Time)","94.85","95.90","94.55","95.60","120.14","135.38","104.89","150.63","89.64","165.88","74.39","184.20","237.40","135.85","285.75","82.65","387.30","-18.90","19398535.00","300495.00"
"Fri Jul 17 2026 14:36:00 GMT+0530 (India Standard Time)","95.60","98.25","95.50","97.35","120.08","135.35","104.81","150.62","89.54","165.89","74.26","184.20","237.40","135.85","285.75","82.65","387.30","-18.90","19311630.00","671320.00"
"Fri Jul 17 2026 14:37:00 GMT+0530 (India Standard Time)","97.35","98.30","95.50","97.45","120.04","135.33","104.75","150.62","89.46","165.90","74.18","184.20","237.40","135.85","285.75","82.65","387.30","-18.90","19366360.00","471835.00"
"Fri Jul 17 2026 14:38:00 GMT+0530 (India Standard Time)","97.45","98.90","94.35","95.20","119.98","135.29","104.66","150.61","89.35","165.93","74.03","184.20","237.40","135.85","285.75","82.65","387.30","-18.90","19362980.00","704210.00"
"Fri Jul 17 2026 14:39:00 GMT+0530 (India Standard Time)","95.20","96.15","94.50","94.90","119.95","135.28","104.62","150.61","89.29","165.94","73.96","184.20","237.40","135.85","285.75","82.65","387.30","-18.90","19321835.00","337545.00"
"Fri Jul 17 2026 14:40:00 GMT+0530 (India Standard Time)","94.90","95.35","93.20","94.65","119.90","135.26","104.54","150.61","89.18","165.97","73.82","184.20","237.40","135.85","285.75","82.65","387.30","-18.90","19229210.00","552500.00"
"Fri Jul 17 2026 14:41:00 GMT+0530 (India Standard Time)","94.65","95.70","90.60","91.00","119.82","135.23","104.41","150.63","89.01","166.04","73.60","184.20","237.40","135.85","285.75","82.65","387.30","-18.90","19218810.00","803985.00"
"Fri Jul 17 2026 14:42:00 GMT+0530 (India Standard Time)","91.00","93.15","90.70","91.20","119.76","135.20","104.31","150.65","88.86","166.10","73.42","184.20","237.40","135.85","285.75","82.65","387.30","-18.90","19096545.00","625820.00"
"Fri Jul 17 2026 14:43:00 GMT+0530 (India Standard Time)","91.20","91.50","88.60","90.90","119.67","135.17","104.16","150.68","88.66","166.19","73.15","184.20","237.40","135.85","285.75","82.65","387.30","-18.90","19063980.00","829920.00"
"Fri Jul 17 2026 14:44:00 GMT+0530 (India Standard Time)","90.90","91.30","87.50","88.30","119.57","135.15","103.99","150.73","88.41","166.30","72.83","184.20","237.40","135.85","285.75","82.65","387.30","-18.90","19231810.00","904605.00"
"Fri Jul 17 2026 14:45:00 GMT+0530 (India Standard Time)","88.30","89.45","87.75","88.80","119.51","135.13","103.88","150.76","88.26","166.38","72.63","184.20","237.40","135.85","285.75","82.65","387.30","-18.90","19257550.00","579085.00"
"Fri Jul 17 2026 14:46:00 GMT+0530 (India Standard Time)","88.80","90.30","86.05","86.35","119.42","135.11","103.72","150.81","88.03","166.50","72.33","184.20","237.40","135.85","285.75","82.65","387.30","-18.90","19161090.00","794170.00"
"Fri Jul 17 2026 14:47:00 GMT+0530 (India Standard Time)","86.35","88.25","86.35","87.55","119.37","135.10","103.64","150.83","87.91","166.56","72.18","184.20","237.40","135.85","285.75","82.65","387.30","-18.90","19168955.00","391885.00"
"Fri Jul 17 2026 14:48:00 GMT+0530 (India Standard Time)","87.40","89.65","86.15","86.15","119.30","135.08","103.51","150.87","87.72","166.66","71.94","184.20","237.40","135.85","285.75","82.65","387.30","-18.90","19216665.00","658125.00"
"Fri Jul 17 2026 14:49:00 GMT+0530 (India Standard Time)","86.20","86.70","84.55","86.15","119.21","135.07","103.35","150.93","87.48","166.79","71.62","184.20","237.40","135.85","285.75","82.65","387.30","-18.90","19200740.00","772135.00"
"Fri Jul 17 2026 14:50:00 GMT+0530 (India Standard Time)","85.80","88.50","84.90","87.05","119.12","135.05","103.20","150.97","87.27","166.90","71.34","184.20","237.40","135.85","285.75","82.65","387.30","-18.90","19266195.00","742560.00"
"Fri Jul 17 2026 14:51:00 GMT+0530 (India Standard Time)","87.00","88.50","84.90","87.90","119.06","135.03","103.09","151.01","87.12","166.98","71.14","184.20","237.40","135.85","285.75","82.65","387.30","-18.90","19343545.00","544570.00"
"Fri Jul 17 2026 14:52:00 GMT+0530 (India Standard Time)","87.75","87.90","86.40","87.45","119.03","135.02","103.03","151.02","87.03","167.02","71.03","184.20","237.40","135.85","285.75","82.65","387.30","-18.90","19412965.00","314795.00"
"Fri Jul 17 2026 14:53:00 GMT+0530 (India Standard Time)","87.65","89.05","86.05","86.10","118.95","135.01","102.90","151.06","86.85","167.11","70.80","184.20","237.40","135.85","285.75","82.65","387.30","-18.90","19372990.00","641810.00"
"Fri Jul 17 2026 14:54:00 GMT+0530 (India Standard Time)","86.70","88.90","86.60","87.00","118.91","134.99","102.83","151.08","86.75","167.16","70.66","184.20","237.40","135.85","285.75","82.65","387.30","-18.90","19296160.00","390715.00"
"Fri Jul 17 2026 14:55:00 GMT+0530 (India Standard Time)","86.75","88.00","85.30","85.35","118.84","134.98","102.70","151.11","86.57","167.25","70.43","184.20","237.40","135.85","285.75","82.65","387.30","-18.90","19244875.00","624065.00"
"Fri Jul 17 2026 14:56:00 GMT+0530 (India Standard Time)","85.00","87.30","82.20","86.25","118.63","134.93","102.33","151.24","86.02","167.54","69.72","184.20","237.40","135.85","285.75","82.65","387.30","-18.90","18871840.00","1806220.00"
"Fri Jul 17 2026 14:57:00 GMT+0530 (India Standard Time)","86.25","87.95","85.65","87.20","118.57","134.92","102.23","151.26","85.88","167.60","69.54","184.20","237.40","135.85","285.75","82.65","387.30","-18.90","18832125.00","527345.00"
"Fri Jul 17 2026 14:58:00 GMT+0530 (India Standard Time)","87.20","89.30","87.05","88.10","118.50","134.89","102.11","151.28","85.72","167.67","69.33","184.20","237.40","135.85","285.75","82.65","387.30","-18.90","18813470.00","670085.00"
"Fri Jul 17 2026 14:59:00 GMT+0530 (India Standard Time)","88.10","90.20","87.60","89.95","118.42","134.86","101.98","151.30","85.54","167.74","69.10","184.20","237.40","135.85","285.75","82.65","387.30","-18.90","18821140.00","825305.00"
"Fri Jul 17 2026 15:00:00 GMT+0530 (India Standard Time)","89.95","90.60","82.80","84.00","118.19","134.80","101.58","151.41","84.97","168.02","68.36","184.20","237.40","135.85","285.75","82.65","387.30","-18.90","18808790.00","2091830.00"
"Fri Jul 17 2026 15:01:00 GMT+0530 (India Standard Time)","84.00","85.35","80.15","83.90","117.98","134.76","101.20","151.53","84.43","168.31","67.65","184.20","237.40","135.85","285.75","82.65","387.30","-18.90","18582460.00","1731795.00"
"Fri Jul 17 2026 15:02:00 GMT+0530 (India Standard Time)","83.90","86.95","83.65","85.25","117.89","134.73","101.05","151.57","84.21","168.41","67.38","184.20","237.40","135.85","285.75","82.65","387.30","-18.90","18499910.00","792415.00"
"Fri Jul 17 2026 15:03:00 GMT+0530 (India Standard Time)","85.25","87.80","84.50","87.60","117.85","134.72","100.98","151.59","84.11","168.46","67.24","184.20","237.40","135.85","285.75","82.65","387.30","-18.90","18497895.00","434200.00"
"Fri Jul 17 2026 15:04:00 GMT+0530 (India Standard Time)","87.60","88.25","85.90","86.70","117.78","134.69","100.87","151.61","83.95","168.52","67.04","184.20","237.40","135.85","285.75","82.65","387.30","-18.90","18384860.00","661700.00"
"Fri Jul 17 2026 15:05:00 GMT+0530 (India Standard Time)","86.70","86.70","83.50","84.15","117.70","134.67","100.73","151.64","83.77","168.61","66.80","184.20","237.40","135.85","285.75","82.65","387.30","-18.90","18300945.00","691730.00"
"Fri Jul 17 2026 15:06:00 GMT+0530 (India Standard Time)","84.15","84.15","82.50","82.80","117.62","134.65","100.60","151.68","83.57","168.71","66.54","184.20","237.40","135.85","285.75","82.65","387.30","-18.90","18253170.00","675415.00"
"Fri Jul 17 2026 15:07:00 GMT+0530 (India Standard Time)","82.80","83.25","80.20","81.05","117.47","134.63","100.32","151.78","83.17","168.93","66.02","184.20","237.40","135.85","285.75","82.65","387.30","-18.90","18148520.00","1237145.00"
"Fri Jul 17 2026 15:08:00 GMT+0530 (India Standard Time)","81.05","83.50","81.05","82.65","117.40","134.61","100.19","151.82","82.98","169.03","65.77","184.20","237.40","135.85","285.75","82.65","387.30","-18.90","18107895.00","652925.00"
"Fri Jul 17 2026 15:09:00 GMT+0530 (India Standard Time)","82.65","83.10","81.35","82.60","117.34","134.59","100.08","151.85","82.82","169.11","65.57","184.20","237.40","135.85","285.75","82.65","387.30","-18.90","18004285.00","522665.00"
"Fri Jul 17 2026 15:10:00 GMT+0530 (India Standard Time)","82.60","83.60","82.40","82.65","117.28","134.58","99.98","151.88","82.67","169.18","65.37","184.20","237.40","135.85","285.75","82.65","387.30","-18.90","17888130.00","528710.00"
"Fri Jul 17 2026 15:11:00 GMT+0530 (India Standard Time)","82.55","82.90","81.10","81.65","117.22","134.57","99.88","151.91","82.53","169.26","65.19","184.20","237.40","135.85","285.75","82.65","387.30","-18.90","17809545.00","477295.00"
"Fri Jul 17 2026 15:12:00 GMT+0530 (India Standard Time)","81.65","82.00","78.80","80.50","117.11","134.55","99.68","151.98","82.24","169.42","64.81","184.20","237.40","135.85","285.75","82.65","387.30","-18.90","17478045.00","901420.00"
"Fri Jul 17 2026 15:13:00 GMT+0530 (India Standard Time)","80.50","82.00","80.50","81.35","117.04","134.53","99.55","152.02","82.06","169.51","64.57","184.20","237.40","135.85","285.75","82.65","387.30","-18.90","17409340.00","590590.00"
"Fri Jul 17 2026 15:14:00 GMT+0530 (India Standard Time)","81.50","85.50","81.50","84.65","116.93","134.50","99.37","152.06","81.80","169.62","64.24","184.20","237.40","135.85","285.75","82.65","387.30","-18.90","17102410.00","1015755.00"
"Fri Jul 17 2026 15:15:00 GMT+0530 (India Standard Time)","85.40","89.70","85.40","87.30","116.78","134.42","99.13","152.07","81.49","169.72","63.84","184.20","237.40","135.85","285.75","82.65","387.30","-18.90","16723135.00","1582360.00"
"Fri Jul 17 2026 15:16:00 GMT+0530 (India Standard Time)","87.55","88.85","87.25","87.90","116.70","134.39","99.02","152.07","81.33","169.76","63.65","184.20","237.40","135.85","285.75","82.65","387.30","-18.90","16607305.00","816920.00"
"Fri Jul 17 2026 15:17:00 GMT+0530 (India Standard Time)","88.25","88.30","85.05","86.45","116.63","134.35","98.91","152.08","81.18","169.80","63.46","184.20","237.40","135.85","285.75","82.65","387.30","-18.90","16388710.00","725985.00"
"Fri Jul 17 2026 15:18:00 GMT+0530 (India Standard Time)","86.95","87.70","85.55","87.60","116.57","134.33","98.81","152.08","81.05","169.84","63.30","184.20","237.40","135.85","285.75","82.65","387.30","-18.90","16225040.00","639210.00"
"Fri Jul 17 2026 15:19:00 GMT+0530 (India Standard Time)","87.60","88.00","86.25","87.55","116.52","134.30","98.73","152.09","80.95","169.87","63.16","184.20","237.40","135.85","285.75","82.65","387.30","-18.90","16023800.00","551070.00"
"Fri Jul 17 2026 15:20:00 GMT+0530 (India Standard Time)","87.55","88.45","86.50","86.95","116.44","134.27","98.62","152.09","80.80","169.91","62.98","184.20","237.40","135.85","285.75","82.65","387.30","-18.90","15721160.00","760695.00"
"Fri Jul 17 2026 15:21:00 GMT+0530 (India Standard Time)","86.95","87.50","81.15","82.15","116.33","134.23","98.44","152.12","80.54","170.01","62.65","184.20","237.40","135.85","285.75","82.65","387.30","-18.90","15434965.00","1058785.00"
"Fri Jul 17 2026 15:22:00 GMT+0530 (India Standard Time)","82.10","83.45","80.05","82.75","116.18","134.18","98.19","152.18","80.19","170.17","62.20","184.20","237.40","135.85","285.75","82.65","387.30","-18.90","15004080.00","1343940.00"
"Fri Jul 17 2026 15:23:00 GMT+0530 (India Standard Time)","82.95","83.95","82.00","82.25","116.11","134.15","98.06","152.20","80.02","170.25","61.97","184.20","237.40","135.85","285.75","82.65","387.30","-18.90","14853540.00","706485.00"
"Fri Jul 17 2026 15:24:00 GMT+0530 (India Standard Time)","82.25","82.45","80.60","82.10","116.01","134.12","97.89","152.24","79.78","170.35","61.66","184.20","237.40","135.85","285.75","82.65","387.30","-18.90","14731405.00","920790.00"
"Fri Jul 17 2026 15:25:00 GMT+0530 (India Standard Time)","82.10","85.00","82.10","83.90","115.87","134.07","97.68","152.27","79.48","170.46","61.28","184.20","237.40","135.85","285.75","82.65","387.30","-18.90","14407120.00","1314690.00"
"Fri Jul 17 2026 15:26:00 GMT+0530 (India Standard Time)","83.90","84.45","81.70","82.95","115.76","134.03","97.49","152.30","79.22","170.56","60.95","184.20","237.40","135.85","285.75","82.65","387.30","-18.90","14038245.00","1116765.00"
"Fri Jul 17 2026 15:27:00 GMT+0530 (India Standard Time)","82.95","83.50","80.85","81.45","115.66","133.99","97.32","152.33","78.99","170.66","60.65","184.20","237.40","135.85","285.75","82.65","387.30","-18.90","13967070.00","934830.00"
"Fri Jul 17 2026 15:28:00 GMT+0530 (India Standard Time)","81.45","81.75","76.80","77.70","115.45","133.94","96.95","152.43","78.46","170.92","59.97","184.20","237.40","135.85","285.75","82.65","387.30","-18.90","13611195.00","1813240.00"
"Fri Jul 17 2026 15:29:00 GMT+0530 (India Standard Time)","77.70","77.70","71.00","74.00","115.20","133.91","96.49","152.62","77.78","171.33","59.07","184.20","237.40","135.85","285.75","82.65","387.30","-18.90","13303485.00","1921660.00"